Customer_ID,Age,Gender,State,Customer_Segment,Acquisition_Channel,Join_Date,Tenure_Months,Total_Orders,Orders_Last_90_Days,Total_Spend_NGN,Spend_Last_90_Days_NGN,Average_Order_Value_NGN,Days_Since_Last_Purchase,Most_Purchased_Category,Categories_Purchased,Total_Complaints,Primary_Complaint,Complaint_Severity,Complaint_Status,Days_To_Resolution,Number_of_Followups,Escalated,Complaint_Satisfaction,Return_Count,Return_Rate,Main_Return_Reason,Refund_Delay_Days,Refund_Amount_NGN,Exchange_Requested,Exchange_Successful,Average_Delivery_Days,Expected_Delivery_Days,Delivery_Delay_Days,Delivery_Delay_Count,Damaged_Delivery_Count,Missing_Item_Count,Delivery_Satisfaction,Support_Contacts,Average_Response_Time_Hours,Average_Resolution_Time_Hours,First_Contact_Resolution,Customer_Service_Rating,Product_Rating,Service_Rating,Satisfaction_Score,Trust_Score,NPS_Score,Likelihood_To_Return,Average_Discount_Percent,Discount_Usage_Rate,Price_Increase_Experienced,Competitor_Purchase_Flag,Competitor_Purchase_Frequency,Current_Status,Retained,Churned,At_Risk,Dormant,Churn_Reason,Churn_Date,Churn_Risk_Score
CUST10001,56,Female,Lagos,Regular,Website,2024-01-02,32,14,2,271182.92,38505.26,18183.07,43,Accessories,5,2,Poor Customer Service,High,Resolved,8,0,No,5.0,0,0.0,No Return,0,0.0,No,No,3.1,5.2,0.0,0,0,1,3.8,2,4.5,13.8,No,4.0,3.3,4.0,3.9,4.0,5,7.7,2.33,0.185,No,No,0,Retained,Yes,No,No,No,Not Churned,,6.4
CUST10002,46,Female,Cross River,Regular,Referral,2025-12-19,8,8,1,628918.87,87168.1,82055.62,103,Shoes,1,3,Failed Payment,High,Resolved,1,4,Yes,4.3,1,0.125,Damaged,3,54078.14,No,No,5.3,3.9,1.4,0,0,1,3.8,3,4.7,6.0,No,4.4,4.6,4.4,4.9,5.0,47,10.0,7.39,0.263,No,No,0,Dormant,Yes,No,No,Yes,Not Churned,,20.2
CUST10003,32,Male,Kaduna,Regular,Google,2023-11-25,33,10,3,193874.12,53166.51,20795.07,139,Beauty,4,2,Poor Product Quality,Medium,Resolved,7,0,No,4.8,1,0.1,Duplicate Order,10,9938.56,No,No,6.2,5.3,0.9,1,0,0,3.1,2,5.6,12.0,No,3.1,5.0,3.1,3.7,3.9,32,7.7,6.46,0.3,No,No,0,At Risk,Yes,No,Yes,No,Not Churned,,21.7
CUST10004,60,Female,Kano,Regular,TikTok,2024-12-28,20,8,0,396224.93,0.0,43947.63,60,Tops,2,1,Issue Not Resolved,High,Resolved,9,0,No,5.0,1,0.125,Wrong Size,6,23780.31,No,No,5.2,3.2,2.0,2,0,0,2.9,1,4.7,9.0,No,2.5,3.7,2.5,3.5,3.6,0,6.3,2.3,0.071,No,No,0,Retained,Yes,No,No,No,Not Churned,,7.9
CUST10005,25,Male,Cross River,Regular,Facebook,2025-10-02,11,3,3,254723.76,216250.92,76733.89,97,Trousers,5,1,Damaged Product,High,Closed,12,0,No,3.9,3,1.0,Not as Expected,5,100984.04,No,No,5.1,4.4,0.7,1,0,0,3.8,1,5.7,15.0,No,3.8,4.1,3.8,3.0,2.8,10,8.9,9.99,0.516,No,No,0,Churned,No,Yes,No,No,Poor Product Quality,1770422400000000000,33.2
CUST10006,38,Male,Lagos,Regular,TikTok,2024-12-20,20,9,2,275383.22,63309.53,28915.99,55,Beauty,4,1,Wrong Product,Low,Resolved,7,0,No,3.5,0,0.0,No Return,0,0.0,No,No,7.0,4.6,2.4,4,0,0,2.5,1,2.6,7.0,No,4.9,4.3,4.9,4.1,4.4,21,7.3,3.88,0.621,No,No,0,Churned,No,Yes,No,No,Too Many Delivery Problems,1774224000000000000,18.1
CUST10007,56,Male,Lagos,Regular,Instagram,2025-12-22,8,8,1,176530.65,22331.05,22647.69,104,Trousers,1,2,Product Not as Described,High,Closed,3,2,No,5.0,2,0.25,Defective,11,41161.88,No,No,3.6,3.4,0.2,0,0,0,4.5,2,14.2,17.4,No,4.1,4.0,4.1,4.6,5.0,5,9.0,3.26,0.31,No,No,0,Churned,No,Yes,No,No,Relocated,1779321600000000000,57.7
CUST10008,36,Female,Rivers,New Customer,Website,2023-07-03,38,8,3,381436.97,134471.46,46844.66,55,Trousers,5,1,Refund Rejected,Medium,Closed,1,1,No,5.0,2,0.25,Duplicate Order,3,70174.04,Yes,Yes,1.3,3.6,0.0,0,0,1,5.0,1,12.6,16.7,Yes,4.1,4.1,4.1,4.9,4.9,38,7.9,5.13,0.345,Yes,No,0,Retained,Yes,No,No,No,Not Churned,,18.0
CUST10009,40,Male,Abia,High Value,Google,2025-10-19,10,15,2,375695.28,44282.92,24302.14,72,Dresses,2,0,No Complaint,None,No Complaint,0,0,No,,2,0.133,Poor Quality,3,17028.54,Yes,Yes,2.7,4.2,0.0,0,0,1,5.0,1,9.4,14.8,Yes,3.7,4.8,3.7,4.4,4.6,34,8.0,5.09,0.179,No,Yes,7,Retained,Yes,No,No,No,Not Churned,,15.2
CUST10010,28,Male,Oyo,Loyal,Referral,2023-11-07,34,11,3,210077.32,67326.69,21143.84,69,Trousers,5,4,Poor Product Quality,High,Resolved,9,3,No,3.7,0,0.0,No Return,0,0.0,No,No,3.5,3.7,0.0,0,0,1,4.6,4,6.0,9.0,No,3.2,3.9,3.2,4.4,4.2,68,6.5,6.13,0.363,No,No,0,Retained,Yes,No,No,No,Not Churned,,21.2
CUST10011,28,Female,Enugu,Loyal,Facebook,2023-06-26,38,8,4,407723.73,165915.93,44608.6,53,Beauty,2,1,Stock Availability,Low,Resolved,1,2,No,4.4,1,0.125,Wrong Color,10,29818.75,No,No,3.8,4.0,0.0,0,0,0,4.6,1,14.5,17.6,No,4.4,5.0,4.4,4.5,4.1,22,7.1,6.2,0.198,No,No,0,Retained,Yes,No,No,No,Not Churned,,11.6
CUST10012,41,Male,Delta,New Customer,TikTok,2026-01-01,8,9,6,374078.76,291252.99,45938.01,133,Shoes,3,1,Discount Not Applied,Medium,Resolved,2,2,No,4.2,3,0.333,Not as Expected,5,57287.93,No,No,3.2,3.9,0.0,0,0,0,5.0,1,0.6,5.3,No,4.6,3.9,4.6,4.0,4.0,17,7.7,1.19,0.125,No,No,0,At Risk,Yes,No,Yes,No,Not Churned,,17.0
CUST10013,53,Male,Abia,Loyal,Website,2025-04-26,16,10,3,338970.01,101506.27,31536.36,79,Dresses,3,0,No Complaint,None,No Complaint,0,0,No,,0,0.0,No Return,0,0.0,No,No,5.5,4.5,1.0,4,1,2,3.3,2,8.1,13.5,Yes,5.0,3.9,5.0,4.2,4.7,29,9.4,7.03,0.359,No,No,0,Dormant,Yes,No,No,Yes,Not Churned,,12.0
CUST10014,57,Female,Abuja,Loyal,Google,2026-04-05,4,10,4,334580.03,114212.4,33026.79,69,Shoes,2,1,Poor Product Quality,High,Resolved,5,1,No,4.1,1,0.1,Damaged,11,18807.3,No,No,4.5,2.7,1.8,1,0,1,4.5,1,1.7,9.4,No,3.5,2.8,3.5,3.9,3.4,31,6.2,18.34,0.195,No,No,0,Retained,Yes,No,No,No,Not Churned,,19.5
CUST10015,41,Female,Lagos,Loyal,Referral,2023-01-09,44,11,1,413855.37,33890.23,34670.43,40,Accessories,4,0,No Complaint,None,No Complaint,0,0,No,,0,0.0,No Return,0,0.0,No,No,2.5,5.4,0.0,0,0,1,4.6,1,6.3,10.2,Yes,4.1,4.4,4.1,4.5,4.3,37,9.0,0.76,0.21,No,No,0,Retained,Yes,No,No,No,Not Churned,,5.1
CUST10016,20,Female,Abuja,New Customer,Google,2023-08-24,36,10,1,277401.15,27875.61,29186.26,172,Tops,1,1,Late Delivery,Low,Resolved,1,1,No,5.0,2,0.2,Not as Expected,4,36652.36,No,No,4.1,2.8,1.3,1,0,0,4.1,1,7.0,15.7,Yes,4.0,3.6,4.0,4.3,4.4,53,8.2,7.26,0.125,No,No,0,At Risk,Yes,No,Yes,No,Not Churned,,60.5
CUST10017,39,Female,Imo,Loyal,Website,2024-12-10,21,14,1,386944.1,26563.13,28011.99,36,Trousers,3,5,Poor Product Quality,Low,Resolved,7,2,No,3.0,1,0.071,Damaged,9,20570.42,Yes,Yes,3.1,3.5,0.0,0,0,1,4.2,5,7.4,10.0,No,4.4,3.9,4.4,4.2,3.5,4,6.1,16.47,0.137,Yes,Yes,2,At Risk,Yes,No,Yes,No,Not Churned,,19.8
CUST10018,19,Female,Abuja,Loyal,Google,2025-07-12,13,11,3,187657.17,47221.73,16694.38,25,Bags,4,0,No Complaint,None,No Complaint,0,0,No,,0,0.0,No Return,0,0.0,No,No,1.0,2.5,0.0,0,0,1,4.0,2,3.6,10.4,Yes,4.0,4.5,4.0,4.6,5.0,84,10.0,8.76,0.111,No,No,0,Retained,Yes,No,No,No,Not Churned,,3.1
CUST10019,41,Female,Kano,Regular,Website,2024-11-15,21,14,3,287904.88,66453.0,22534.16,46,Accessories,5,0,No Complaint,None,No Complaint,0,0,No,,2,0.143,Damaged,5,23396.3,Yes,No,3.4,4.9,0.0,0,1,0,4.3,4,9.9,12.5,Yes,2.7,3.5,2.7,3.5,3.7,14,8.5,3.53,0.503,No,No,0,Retained,Yes,No,No,No,Not Churned,,6.1
CUST10020,61,Female,Ogun,Loyal,Website,2025-03-04,18,13,2,459949.0,56261.89,31874.61,109,Tops,3,0,No Complaint,None,No Complaint,0,0,No,,2,0.154,Poor Quality,3,49988.14,No,No,2.4,2.8,0.0,1,1,0,4.4,0,4.1,8.9,Yes,4.7,4.0,4.7,4.0,4.1,16,8.1,2.23,0.261,Yes,No,0,Dormant,Yes,No,No,Yes,Not Churned,,56.6
CUST10021,47,Female,Imo,Regular,Google,2025-11-17,9,7,0,707191.12,0.0,88024.72,96,Tops,4,0,No Complaint,None,No Complaint,0,0,No,,0,0.0,No Return,0,0.0,No,No,2.8,3.3,0.0,0,0,0,4.1,2,9.1,11.6,Yes,3.0,4.2,3.0,3.7,4.4,0,6.6,1.76,0.592,No,No,0,Dormant,Yes,No,No,Yes,Not Churned,,18.7
CUST10022,55,Male,Imo,Regular,Facebook,2025-03-18,17,11,1,201789.56,18284.4,18478.5,25,Trousers,1,0,No Complaint,None,No Complaint,0,0,No,,2,0.182,Defective,3,34355.11,Yes,Yes,2.9,3.9,0.0,1,0,1,3.9,1,3.8,4.3,Yes,4.8,4.7,4.8,4.7,4.3,21,6.0,13.32,0.564,Yes,Yes,6,Retained,Yes,No,No,No,Not Churned,,3.8
CUST10023,19,Female,Oyo,New Customer,Google,2023-01-27,43,14,3,346805.68,70911.92,25232.57,62,Electronics,5,1,Wrong Product,Critical,Pending,2,0,No,5.0,2,0.143,Poor Quality,3,47839.9,No,No,3.5,5.0,0.0,1,1,0,3.9,2,4.8,9.4,Yes,1.9,4.1,1.9,3.3,4.0,0,6.4,5.37,0.221,No,No,0,Retained,Yes,No,No,No,Not Churned,,27.8
CUST10024,38,Male,Abia,Loyal,Website,2024-07-03,26,10,1,178907.59,15661.39,17196.01,40,Tops,3,2,Website Error,Low,Resolved,6,1,No,4.8,0,0.0,No Return,0,0.0,No,No,7.7,4.8,2.9,1,0,0,3.6,3,5.2,8.3,No,4.4,4.4,4.4,3.8,4.6,16,9.0,6.86,0.233,No,No,0,Retained,Yes,No,No,No,Not Churned,,8.9
CUST10025,50,Female,Oyo,New Customer,Facebook,2023-03-26,41,9,3,113212.29,35549.54,11800.98,86,Shoes,3,1,App Crash,Medium,Closed,5,1,No,5.0,2,0.222,Wrong Size,1,8874.52,No,No,3.3,2.9,0.4,0,1,1,4.0,1,4.7,7.3,No,4.0,3.7,4.0,3.9,3.9,31,6.5,1.74,0.608,Yes,No,0,Dormant,Yes,No,No,Yes,Not Churned,,45.9
CUST10026,29,Female,Edo,Regular,Referral,2025-11-19,9,11,2,762846.81,130257.76,62224.08,100,Accessories,1,4,Return Difficulty,High,Resolved,2,1,No,5.0,4,0.364,Product Description Inaccurate,6,195902.99,No,No,4.9,3.8,1.1,0,2,0,2.8,4,12.0,22.5,Yes,4.2,3.7,4.2,3.8,3.4,13,7.6,3.13,0.153,No,No,0,Churned,No,Yes,No,No,Negative Overall Experience,1773446400000000000,66.9
CUST10027,39,Female,Anambra,Regular,Website,2024-04-10,29,6,0,242855.66,0.0,41273.32,91,Bags,2,0,No Complaint,None,No Complaint,0,0,No,,2,0.333,Duplicate Order,10,61758.41,No,No,5.2,3.5,1.7,0,0,0,4.3,2,2.8,7.9,Yes,3.4,4.7,3.4,4.0,3.5,19,7.8,8.95,0.569,Yes,No,0,Dormant,Yes,No,No,Yes,Not Churned,,13.2
CUST10028,61,Female,Oyo,Regular,Google,2026-01-27,7,9,3,599720.78,201678.34,61330.36,113,Shoes,3,1,Poor Product Quality,Medium,Resolved,1,1,No,4.3,1,0.111,Poor Quality,6,57049.56,No,No,4.8,5.3,0.0,0,0,0,4.4,2,20.0,24.3,Yes,4.7,4.4,4.7,4.5,3.2,52,10.0,6.06,0.251,No,No,0,Dormant,Yes,No,No,Yes,Not Churned,,21.4
CUST10029,42,Female,Abuja,New Customer,Referral,2023-01-12,44,11,5,134788.27,63800.92,12969.09,71,Dresses,2,5,Late Delivery,Low,Resolved,2,1,No,4.4,1,0.091,Wrong Size,5,7426.0,Yes,Yes,5.1,5.1,0.0,1,0,0,5.0,5,2.6,8.9,Yes,3.7,4.8,3.7,4.3,4.1,10,9.2,7.94,0.036,No,Yes,3,Churned,No,Yes,No,No,Poor Customer Service,1787097600000000000,61.0
CUST10030,44,Male,Enugu,Loyal,Facebook,2025-10-09,10,8,2,368827.37,94894.62,43341.65,120,Trousers,1,1,Late Delivery,Low,Resolved,8,0,No,4.0,0,0.0,No Return,0,0.0,No,No,3.5,3.0,0.5,0,0,0,3.5,1,2.4,8.0,No,3.8,5.0,3.8,4.1,2.9,38,7.1,7.59,0.296,No,No,0,Dormant,Yes,No,No,Yes,Not Churned,,30.0
CUST10031,59,Female,Abuja,Loyal,Instagram,2025-11-19,9,7,1,628903.79,97401.24,89305.67,30,Shoes,1,2,Issue Not Resolved,High,Resolved,4,0,No,4.6,1,0.143,Duplicate Order,1,34776.35,Yes,Yes,2.6,3.8,0.0,2,1,0,4.6,2,0.9,4.9,No,2.8,4.2,2.8,3.7,3.6,45,7.5,3.91,0.103,No,No,0,Retained,Yes,No,No,No,Not Churned,,4.4
CUST10032,45,Male,Enugu,New Customer,Website,2025-11-27,9,9,0,483136.4,0.0,50707.63,97,Tops,4,4,Exchange Difficulty,Critical,Pending,5,4,Yes,5.0,0,0.0,No Return,0,0.0,No,No,2.6,3.8,0.0,0,0,0,4.4,4,4.0,6.8,No,4.1,5.0,4.1,4.5,4.2,35,10.0,5.11,0.307,No,No,0,Churned,No,Yes,No,No,Price Too High,1782000000000000000,54.9
CUST10033,33,Male,Ogun,New Customer,Instagram,2024-07-25,25,16,3,659900.97,125341.56,41976.38,32,Beauty,3,4,Missing Product,Medium,Resolved,2,1,No,5.0,0,0.0,No Return,0,0.0,No,No,8.6,5.4,3.2,4,0,0,3.6,4,5.3,10.6,Yes,3.8,3.8,3.8,3.9,3.9,10,8.2,12.05,0.433,No,Yes,4,Retained,Yes,No,No,No,Not Churned,,29.2
CUST10034,32,Female,Abia,New Customer,Facebook,2025-07-02,14,10,1,212271.58,19389.7,22123.8,167,Electronics,5,0,No Complaint,None,No Complaint,0,0,No,,2,0.2,Wrong Item,6,31819.88,No,No,8.8,4.9,3.9,4,0,1,2.3,0,6.6,15.6,Yes,3.8,4.3,3.8,4.0,3.0,26,7.6,4.03,0.07,No,No,0,Churned,No,Yes,No,No,Competitor,1773273600000000000,73.0
CUST10035,64,Female,Ogun,Loyal,Website,2023-06-29,38,10,0,651563.23,0.0,64433.55,87,Beauty,5,0,No Complaint,None,No Complaint,0,0,No,,1,0.1,Product Description Inaccurate,5,30507.71,Yes,Yes,3.0,4.9,0.0,1,0,1,3.7,0,2.1,4.4,Yes,4.6,5.0,4.6,4.5,5.0,31,9.6,2.29,0.661,No,No,0,Dormant,Yes,No,No,Yes,Not Churned,,11.2
CUST10036,61,Male,Abia,Regular,Google,2025-03-07,18,13,4,342478.9,98719.61,23486.72,86,Shoes,1,2,Missing Product,Low,Escalated,2,2,Yes,5.0,2,0.154,Product Description Inaccurate,5,26509.44,Yes,Yes,4.7,3.6,1.1,2,0,0,3.8,2,4.2,13.3,No,3.1,3.4,3.1,3.1,3.2,-14,4.6,0.77,0.309,No,Yes,6,Dormant,Yes,No,No,Yes,Not Churned,,12.4
CUST10037,20,Female,Abia,Regular,Email,2026-02-09,6,9,5,389717.83,198757.53,40765.93,26,Tops,5,1,Late Delivery,Low,Closed,2,2,No,4.4,1,0.111,Duplicate Order,4,18236.86,No,No,5.6,4.6,1.0,0,0,2,2.9,1,13.4,13.6,No,5.0,4.4,5.0,4.0,3.7,40,7.4,1.64,0.3,No,Yes,3,Retained,Yes,No,No,No,Not Churned,,6.3
CUST10038,54,Female,Imo,New Customer,Email,2025-11-10,9,10,2,203151.58,36021.84,19437.6,12,Electronics,5,0,No Complaint,None,No Complaint,0,0,No,,1,0.1,Product Description Inaccurate,4,18401.56,Yes,Yes,4.2,3.5,0.7,0,0,1,3.9,2,10.6,19.2,Yes,3.8,3.8,3.8,4.4,4.4,3,9.1,0.98,0.375,No,No,0,Retained,Yes,No,No,No,Not Churned,,5.8
CUST10039,24,Other,Edo,Loyal,Facebook,2026-03-14,5,10,3,328281.47,97134.44,30555.9,51,Tops,5,0,No Complaint,None,No Complaint,0,0,No,,1,0.1,Product Description Inaccurate,7,20125.1,Yes,Yes,4.1,5.0,0.0,2,0,0,4.1,0,1.0,4.1,Yes,4.4,5.0,4.4,4.7,4.9,31,8.7,1.37,0.386,No,Yes,5,Retained,Yes,No,No,No,Not Churned,,7.0
CUST10040,38,Female,Enugu,Loyal,Instagram,2026-03-15,5,12,1,660813.81,47193.64,51137.39,119,Beauty,4,0,No Complaint,None,No Complaint,0,0,No,,0,0.0,No Return,0,0.0,No,No,4.3,5.4,0.0,0,0,0,4.9,0,2.6,5.4,Yes,4.0,4.6,4.0,4.4,3.4,-2,8.9,4.33,0.069,No,No,0,Dormant,Yes,No,No,Yes,Not Churned,,30.8
CUST10041,26,Male,Imo,Loyal,TikTok,2024-03-16,29,12,2,568557.44,97315.6,49375.5,76,Bags,4,2,Refund Rejected,Low,Resolved,2,0,No,4.7,0,0.0,No Return,0,0.0,No,No,6.4,4.3,2.1,2,0,1,3.5,2,3.3,5.5,Yes,3.2,4.8,3.2,3.9,3.7,-10,8.1,0.17,0.042,Yes,No,0,Churned,No,Yes,No,No,Inactive,1770940800000000000,59.5
CUST10042,56,Other,Oyo,Loyal,Google,2025-06-05,15,11,3,334667.9,87097.55,32268.87,89,Bags,1,2,Product Not as Described,High,Escalated,6,0,Yes,4.0,0,0.0,No Return,0,0.0,No,No,6.9,4.1,2.8,1,0,1,3.1,2,2.9,6.0,No,3.7,3.9,3.7,3.1,2.7,-23,6.4,5.5,0.225,No,No,0,Dormant,Yes,No,No,Yes,Not Churned,,12.3
CUST10043,35,Female,Cross River,New Customer,Instagram,2024-02-25,30,7,3,640386.12,283531.4,89913.34,49,Tops,5,3,Poor Customer Service,Low,Closed,7,3,No,4.9,1,0.143,Late Delivery,5,57793.36,No,No,5.3,5.1,0.2,0,0,0,3.6,3,0.8,7.0,No,4.0,4.0,4.0,3.4,2.6,32,7.6,7.54,0.163,Yes,No,0,Retained,Yes,No,No,No,Not Churned,,8.1
CUST10044,21,Female,Kano,New Customer,TikTok,2026-04-04,5,14,5,372646.67,150201.07,28934.84,64,Electronics,1,0,No Complaint,None,No Complaint,0,0,No,,0,0.0,No Return,0,0.0,No,No,3.5,5.2,0.0,1,0,2,3.8,0,3.7,7.9,Yes,4.2,3.0,4.2,3.3,3.1,7,6.8,3.01,0.258,No,Yes,4,Churned,No,Yes,No,No,Better Alternative,1768435200000000000,41.5
CUST10045,42,Female,Abia,New Customer,Instagram,2024-04-12,29,9,2,503222.59,102372.83,55459.96,158,Dresses,1,4,App Crash,Critical,Resolved,3,0,No,5.0,1,0.111,Damaged,13,49695.42,Yes,Yes,2.8,2.8,0.0,0,0,1,4.4,4,7.6,9.2,No,3.5,3.3,3.5,3.9,3.2,46,8.9,6.23,0.166,No,No,0,Churned,No,Yes,No,No,Refund Problems,1772236800000000000,38.0
CUST10046,31,Female,Enugu,Regular,Website,2024-12-13,20,13,1,338879.19,21480.47,24427.97,88,Dresses,1,2,Failed Payment,Medium,Closed,6,3,No,3.4,0,0.0,No Return,0,0.0,No,No,4.2,4.6,0.0,0,1,0,5.0,2,2.4,6.4,No,4.7,4.6,4.7,4.4,4.4,38,7.6,1.92,0.324,No,No,0,Dormant,Yes,No,No,Yes,Not Churned,,11.1
CUST10047,26,Female,Ogun,New Customer,Instagram,2024-01-20,31,8,2,124233.4,31490.31,17606.76,156,Dresses,4,1,Refund Delayed,Medium,Resolved,2,0,No,5.0,1,0.125,Defective,4,7513.66,Yes,Yes,3.6,4.4,0.0,0,0,0,4.0,1,3.2,5.5,Yes,3.7,4.3,3.7,4.3,4.4,36,9.3,1.17,0.194,No,No,0,Churned,No,Yes,No,No,No Longer Needed,1771459200000000000,63.5
CUST10048,43,Male,Abuja,Regular,Instagram,2023-11-10,34,14,2,370473.0,58396.19,29079.2,55,Trousers,4,3,Issue Not Resolved,Low,Resolved,1,1,No,4.9,0,0.0,No Return,0,0.0,No,No,3.0,3.1,0.0,0,1,0,3.7,3,13.7,15.7,Yes,4.9,3.5,4.9,3.8,3.7,-5,7.5,6.99,0.427,No,No,0,Churned,No,Yes,No,No,Too Many Delivery Problems,1772236800000000000,18.0
CUST10049,19,Female,Delta,Regular,Instagram,2025-02-09,18,11,3,179037.25,38021.01,14280.03,36,Electronics,3,3,Exchange Difficulty,Low,Resolved,1,1,No,4.8,1,0.091,Poor Quality,11,7597.91,No,No,4.4,2.9,1.5,3,0,0,4.5,3,2.5,14.9,Yes,3.9,4.2,3.9,3.9,3.0,7,8.4,13.21,0.377,No,No,0,Churned,No,Yes,No,No,Refund Problems,1776556800000000000,53.3
CUST10050,37,Female,Oyo,High Value,Email,2025-08-16,12,10,4,422041.7,138875.41,37330.84,41,Electronics,5,2,Refund Delayed,Low,Escalated,6,2,Yes,5.0,2,0.2,Late Delivery,12,52952.6,No,No,4.9,3.4,1.5,0,0,0,4.1,2,3.5,6.0,No,3.9,4.0,3.9,4.1,3.6,54,9.3,5.02,0.118,No,No,0,Retained,Yes,No,No,No,Not Churned,,15.6
CUST10051,45,Other,Delta,Loyal,TikTok,2025-07-05,14,9,3,300994.19,107098.28,33685.07,184,Dresses,2,2,Product Not as Described,Medium,Resolved,4,0,No,5.0,1,0.111,Duplicate Order,11,26698.45,No,No,3.6,3.0,0.6,0,0,0,3.6,2,7.7,11.8,No,3.9,5.0,3.9,4.5,3.3,46,7.6,9.96,0.59,No,Yes,2,At Risk,Yes,No,Yes,No,Not Churned,,55.3
CUST10052,64,Male,Kaduna,Loyal,Website,2023-01-23,43,9,4,402471.07,149812.48,43027.64,130,Accessories,4,1,Account Issue,High,Closed,3,1,No,4.4,0,0.0,No Return,0,0.0,No,No,4.0,3.2,0.8,1,1,0,3.5,3,3.9,5.4,No,3.9,5.0,3.9,4.1,3.9,49,9.2,2.8,0.091,No,Yes,3,At Risk,Yes,No,Yes,No,Not Churned,,19.9
CUST10053,24,Male,,Loyal,Google,2023-12-05,33,10,3,293043.14,94908.98,31785.87,102,Dresses,2,0,No Complaint,None,No Complaint,0,0,No,,1,0.1,Wrong Color,2,28651.47,Yes,Yes,5.9,5.3,0.6,0,0,0,4.0,4,9.2,14.5,Yes,3.9,4.9,3.9,4.7,4.3,47,9.3,13.29,0.076,No,No,0,Dormant,Yes,No,No,Yes,Not Churned,,14.3
CUST10054,61,Female,Abuja,New Customer,Google,2025-04-02,17,10,0,268819.12,0.0,27731.23,24,Accessories,5,1,Late Delivery,Low,Closed,7,0,No,3.9,0,0.0,No Return,0,0.0,No,No,4.6,5.2,0.0,0,0,1,4.3,1,1.5,7.0,No,4.6,4.0,4.6,4.5,5.0,33,8.4,2.01,0.39,Yes,No,0,Retained,Yes,No,No,No,Not Churned,,3.5
CUST10055,25,Male,Kaduna,Loyal,Facebook,2024-01-01,32,8,2,290520.21,58423.05,33191.94,158,Beauty,5,2,Poor Customer Service,Medium,Resolved,2,3,No,4.7,1,0.125,Defective,1,21343.03,No,No,5.4,3.3,2.1,1,0,1,3.4,2,9.2,10.5,No,2.9,3.7,2.9,2.8,2.8,11,4.4,8.65,0.428,No,No,0,At Risk,Yes,No,Yes,No,Not Churned,,23.5
CUST10056,64,Female,Anambra,Regular,Google,2025-07-03,14,9,1,550451.53,53798.87,55045.16,82,Electronics,4,3,Refund Rejected,Low,Resolved,5,2,No,5.0,1,0.111,Product Description Inaccurate,11,48538.41,No,No,1.5,3.1,0.0,0,0,1,4.6,3,1.2,5.0,No,2.5,4.4,2.5,3.9,3.8,41,6.1,4.11,0.452,No,No,0,Dormant,Yes,No,No,Yes,Not Churned,,15.9
CUST10057,52,Female,Ogun,Loyal,Referral,2024-04-19,28,9,1,466131.66,51254.94,52345.76,92,Tops,2,1,Order Cancellation,Medium,Resolved,2,0,No,4.8,0,0.0,No Return,0,0.0,No,No,4.8,3.9,0.9,2,0,1,4.5,1,1.7,4.4,Yes,4.7,3.7,4.7,4.4,4.2,16,8.6,6.13,0.316,No,No,0,Dormant,Yes,No,No,Yes,Not Churned,,13.2
CUST10058,31,Female,Abia,Regular,Referral,2023-01-27,43,8,2,455805.98,111650.84,59104.44,147,Shoes,1,2,Return Difficulty,High,Closed,2,2,No,3.9,1,0.125,Defective,5,42272.82,Yes,Yes,5.3,4.5,0.8,1,1,0,3.4,2,7.6,12.8,No,2.7,3.9,2.7,3.2,3.3,20,6.1,4.39,0.291,No,Yes,5,Churned,No,Yes,No,No,Too Many Delivery Problems,1783641600000000000,46.8
CUST10059,34,Male,Imo,High Value,Facebook,2025-07-30,13,13,0,149757.55,0.0,10826.34,21,Beauty,1,3,Price Increase,Low,Pending,3,0,No,4.3,0,0.0,No Return,0,0.0,No,No,6.0,2.9,3.1,4,0,0,2.2,3,3.4,13.1,No,5.0,4.6,5.0,3.9,3.9,23,8.8,2.75,0.178,No,Yes,2,Churned,No,Yes,No,No,Competitor,1777939200000000000,41.8
CUST10060,53,Female,Edo,Regular,Email,2025-03-12,17,13,2,746526.6,96441.73,53476.73,78,Electronics,4,2,Issue Not Resolved,Medium,Pending,1,0,No,4.5,2,0.154,Not as Expected,13,63165.65,Yes,Yes,3.6,5.0,0.0,0,0,0,4.4,2,18.5,21.3,Yes,4.3,4.1,4.3,4.2,4.0,33,8.6,5.15,0.262,Yes,No,0,Dormant,Yes,No,No,Yes,Not Churned,,10.6
CUST10061,57,Female,Oyo,Regular,Instagram,2025-03-11,17,13,0,665985.3,0.0,44717.52,54,Beauty,2,3,Price Increase,Low,Escalated,6,2,Yes,4.8,0,0.0,No Return,0,0.0,No,No,2.7,2.7,0.0,0,0,3,4.5,3,13.9,35.5,No,4.7,3.4,4.7,3.9,3.9,46,7.1,6.99,0.703,No,No,0,Retained,Yes,No,No,No,Not Churned,,12.5
CUST10062,21,Female,Delta,High Value,Email,2025-05-09,16,6,1,547848.38,78575.04,85472.13,71,Trousers,4,4,Damaged Product,Low,Closed,6,0,No,4.9,2,0.333,Changed Mind,3,130500.13,No,No,1.8,2.8,0.0,0,1,0,3.7,4,2.6,6.0,No,4.1,4.2,4.1,3.8,4.1,26,8.7,0.44,0.096,Yes,No,0,Retained,Yes,No,No,No,Not Churned,,9.2
CUST10063,19,Female,Abuja,New Customer,Instagram,2025-05-13,15,8,0,187948.48,0.0,24865.0,44,Electronics,1,2,Product Not as Described,Low,Resolved,5,2,No,4.4,4,0.5,Wrong Item,4,68770.29,No,No,6.5,4.4,2.1,0,0,0,3.7,2,2.6,5.6,No,3.2,3.2,3.2,3.4,3.4,-3,7.7,12.22,0.308,Yes,No,0,Retained,Yes,No,No,No,Not Churned,,22.2
CUST10064,23,Male,Anambra,Loyal,Google,2024-11-20,21,12,2,297665.46,53792.91,27678.61,103,Tops,5,0,No Complaint,None,No Complaint,0,0,No,,0,0.0,No Return,0,0.0,No,No,2.3,3.1,0.0,0,0,0,3.4,2,11.1,21.3,Yes,3.8,3.8,3.8,3.7,3.4,21,8.7,2.97,0.101,Yes,Yes,7,Dormant,Yes,No,No,Yes,Not Churned,,12.8
CUST10065,59,Male,Abuja,Loyal,Google,2026-03-17,5,12,5,414124.78,172524.13,36343.82,25,Bags,4,0,No Complaint,None,No Complaint,0,0,No,,0,0.0,No Return,0,0.0,No,No,2.9,3.2,0.0,0,0,0,4.4,1,5.8,13.3,Yes,2.6,3.7,2.6,3.5,3.5,31,7.3,4.03,0.748,Yes,No,0,Retained,Yes,No,No,No,Not Churned,,3.1
CUST10066,21,Male,Imo,Loyal,Google,2025-01-08,20,10,6,94398.5,61154.77,10029.63,59,Beauty,1,0,No Complaint,None,No Complaint,0,0,No,,0,0.0,No Return,0,0.0,No,No,7.5,5.1,2.4,3,0,0,3.7,1,10.4,13.5,Yes,4.9,3.9,4.9,4.3,4.9,34,7.3,5.11,0.088,No,No,0,Churned,No,Yes,No,No,Poor Customer Service,1770854400000000000,14.1
CUST10067,46,Female,Cross River,High Value,Referral,2024-02-19,30,9,1,70040.4,8513.51,8598.57,29,Beauty,5,0,No Complaint,None,No Complaint,0,0,No,,4,0.444,Late Delivery,2,22753.39,No,No,2.5,3.6,0.0,0,1,1,3.7,2,12.4,16.6,Yes,4.6,2.9,4.6,4.1,4.2,32,7.7,3.12,0.612,Yes,No,0,Retained,Yes,No,No,No,Not Churned,,8.0
CUST10068,35,Female,Cross River,High Value,Google,2025-09-08,11,9,2,334727.9,66383.99,37192.56,39,Trousers,4,2,Missing Product,Medium,Closed,2,2,No,5.0,2,0.222,Wrong Color,17,45043.75,Yes,No,5.0,5.3,0.0,0,1,0,5.0,3,4.6,9.2,No,5.0,4.2,5.0,5.0,4.2,63,10.0,4.71,0.339,No,No,0,Retained,Yes,No,No,No,Not Churned,,6.0
CUST10069,43,Female,Anambra,New Customer,Google,2024-03-04,30,11,4,193293.19,74993.74,18346.37,94,Accessories,4,4,Late Delivery,Medium,Resolved,2,0,No,5.0,1,0.091,Not as Expected,2,15725.25,Yes,Yes,4.5,2.8,1.7,1,0,0,3.3,4,6.7,10.0,Yes,3.0,3.3,3.0,3.8,3.2,32,7.0,9.82,0.417,Yes,Yes,3,Churned,No,Yes,No,No,Website/App Problems,1787961600000000000,53.6
CUST10070,61,Female,Plateau,Loyal,TikTok,2023-02-10,43,17,1,323294.7,16266.35,16832.86,174,Accessories,1,4,Refund Delayed,Low,Resolved,3,0,No,4.6,1,0.059,Changed Mind,1,14700.54,Yes,Yes,7.8,5.3,2.5,2,0,3,2.2,4,1.5,7.4,No,4.0,4.3,4.0,3.6,3.0,76,7.2,6.14,0.322,No,Yes,6,At Risk,Yes,No,Yes,No,Not Churned,,43.6
CUST10071,51,Female,Ogun,Loyal,TikTok,2025-06-23,14,14,2,574703.91,72912.16,41504.52,44,Shoes,1,1,Wrong Product,Medium,Resolved,6,0,No,2.9,3,0.214,Damaged,2,49097.82,No,No,4.6,5.2,0.0,0,1,2,4.2,1,5.1,9.4,No,4.9,4.2,4.9,5.0,5.0,43,10.0,1.46,0.413,No,No,0,Retained,Yes,No,No,No,Not Churned,,13.6
CUST10072,27,Male,Kaduna,Loyal,Website,2025-10-08,10,12,2,200124.11,25526.21,14934.37,101,Dresses,5,1,Return Difficulty,Low,Closed,7,0,No,5.0,1,0.083,Wrong Color,1,5756.57,No,No,6.0,4.1,1.9,2,0,0,3.3,1,14.2,24.9,No,3.4,4.3,3.4,4.5,4.1,30,6.5,6.13,0.443,Yes,No,0,Churned,No,Yes,No,No,Price Too High,1780099200000000000,41.2
CUST10073,53,Female,Kaduna,New Customer,Facebook,2024-12-03,21,10,7,430715.23,315212.66,44734.87,44,Beauty,3,3,Refund Delayed,Low,Resolved,3,1,No,4.5,1,0.1,Wrong Color,7,23410.65,Yes,No,5.3,4.8,0.5,0,0,1,4.9,3,5.5,17.5,No,4.4,4.2,4.4,4.9,4.9,66,9.1,2.05,0.184,No,No,0,Retained,Yes,No,No,No,Not Churned,,50.5
CUST10074,31,Female,Ogun,Loyal,Referral,2023-03-20,42,7,2,163237.22,42423.28,21113.22,110,Accessories,5,4,Repeated Issue,Low,Resolved,3,0,No,3.9,1,0.143,Not as Expected,4,8480.67,Yes,Yes,3.7,3.8,0.0,0,0,0,4.2,4,10.0,10.8,No,3.8,3.4,3.8,3.6,3.5,34,8.9,2.95,0.5,Yes,No,0,Dormant,Yes,No,No,Yes,Not Churned,,27.4
CUST10075,48,Female,Ogun,High Value,Referral,2024-12-17,20,8,3,166012.79,65508.02,20695.33,54,Accessories,4,1,Late Delivery,Low,Escalated,5,0,Yes,5.0,0,0.0,No Return,0,0.0,No,No,6.4,4.8,1.6,0,0,1,3.6,1,7.6,10.8,No,3.7,4.9,3.7,4.5,5.0,25,8.8,2.9,0.264,No,No,0,Retained,Yes,No,No,No,Not Churned,,6.9
CUST10076,65,Female,Enugu,High Value,Google,2024-06-27,26,9,2,304263.26,79168.28,38039.42,92,Dresses,4,4,Rude Staff,Low,Pending,11,1,No,4.8,1,0.111,Product Description Inaccurate,5,13799.1,Yes,Yes,2.8,3.2,0.0,0,0,0,4.1,4,7.9,11.0,No,3.5,3.9,3.5,4.4,4.5,43,10.0,10.76,0.128,No,No,0,Churned,No,Yes,No,No,Competitor,1774051200000000000,50.4
CUST10077,32,Female,Rivers,Regular,Google,2024-04-18,28,7,2,125114.81,37793.31,17670.73,69,Tops,4,2,Poor Customer Service,Medium,Resolved,5,1,No,5.0,2,0.286,Not as Expected,11,29013.62,Yes,Yes,3.5,5.2,0.0,0,0,1,3.5,2,6.2,20.0,No,4.5,4.0,4.5,4.1,3.3,14,9.0,0.88,0.325,No,Yes,3,Retained,Yes,No,No,No,Not Churned,,55.0
CUST10078,25,Male,Ogun,New Customer,Google,2026-03-11,5,11,1,761147.71,67862.93,73515.97,103,Beauty,1,3,Account Issue,Low,Escalated,2,0,Yes,5.0,0,0.0,No Return,0,0.0,No,No,2.4,4.9,0.0,0,0,0,3.9,3,2.7,13.0,Yes,3.8,4.1,3.8,4.2,5.0,54,10.0,10.75,0.24,No,No,0,Churned,No,Yes,No,No,No Longer Needed,1769212800000000000,32.5
CUST10079,31,Male,Abuja,Regular,Instagram,2023-10-21,34,8,3,234379.0,87005.35,30422.73,70,Shoes,4,2,Order Cancellation,Medium,Resolved,4,1,No,5.0,1,0.125,Not as Expected,8,14513.89,No,No,5.4,4.7,0.7,0,0,0,3.7,2,2.8,9.6,No,3.3,4.8,3.3,4.1,4.1,37,6.2,10.52,0.051,No,No,0,Retained,Yes,No,No,No,Not Churned,,23.1
CUST10080,40,Male,Enugu,Loyal,Facebook,2024-09-01,24,13,4,439185.85,109840.91,31728.28,85,Shoes,4,4,Late Delivery,Low,Resolved,5,1,No,4.2,2,0.154,Not as Expected,10,34756.34,Yes,Yes,5.6,4.9,0.7,2,0,0,4.2,4,2.6,15.8,No,2.9,4.3,2.9,3.6,3.0,6,6.9,6.59,0.103,No,No,0,Churned,No,Yes,No,No,Better Alternative,1770249600000000000,61.2
CUST10081,57,Female,Plateau,Loyal,Instagram,2023-05-16,40,10,0,443472.04,0.0,43351.58,40,Tops,5,1,Return Difficulty,Low,Resolved,1,0,No,5.0,2,0.2,Changed Mind,4,46243.88,Yes,No,4.1,3.5,0.6,1,0,1,4.0,2,2.7,5.0,Yes,4.0,2.8,4.0,3.5,3.7,-9,8.1,5.72,0.037,No,No,0,Retained,Yes,No,No,No,Not Churned,,7.2
CUST10082,38,Female,Oyo,Regular,TikTok,2024-04-28,28,10,2,599234.33,96840.73,53506.63,19,Dresses,1,4,Poor Customer Service,High,Resolved,9,1,No,3.9,4,0.4,Defective,2,193384.07,No,No,2.1,3.1,0.0,0,0,0,4.4,4,16.1,21.4,No,3.5,4.7,3.5,4.4,4.8,9,9.2,3.03,0.21,No,No,0,Retained,Yes,No,No,No,Not Churned,,9.1
CUST10083,33,Female,Enugu,New Customer,TikTok,2025-03-24,17,12,4,338259.66,104652.56,24885.77,19,Bags,5,2,Discount Not Applied,Low,Pending,1,2,No,4.0,1,0.083,Changed Mind,11,21954.96,No,No,5.0,3.6,1.4,1,0,2,2.7,2,1.8,6.3,No,4.0,4.4,4.0,4.0,3.8,26,8.2,1.12,0.377,No,No,0,Retained,Yes,No,No,No,Not Churned,,31.8
CUST10084,62,Female,Lagos,Regular,Email,2024-07-08,26,9,4,428208.25,180948.23,44609.55,100,Tops,3,1,Product Not as Described,High,Resolved,4,2,No,4.8,0,0.0,No Return,0,0.0,No,No,3.9,2.6,1.3,1,1,0,3.0,1,4.9,7.0,No,3.0,4.1,3.0,2.9,2.2,18,7.3,8.1,0.506,No,No,0,At Risk,Yes,No,Yes,No,Not Churned,,22.7
CUST10085,35,Male,Kaduna,Regular,TikTok,2023-02-15,43,10,0,510985.48,0.0,45904.27,38,Bags,5,6,Late Delivery,Medium,Escalated,6,0,Yes,4.0,1,0.1,Wrong Color,6,26092.47,No,No,5.1,3.3,1.8,1,0,0,4.0,6,9.2,10.5,No,2.9,4.1,2.9,3.6,3.9,-2,6.6,8.57,0.274,Yes,No,0,Churned,No,Yes,No,No,Too Many Delivery Problems,1778198400000000000,49.9
CUST10086,64,Female,Imo,High Value,Instagram,2025-12-07,8,8,1,482864.49,64593.73,64715.34,41,Shoes,5,4,Account Issue,Low,Resolved,7,0,No,4.4,0,0.0,No Return,0,0.0,No,No,4.4,4.3,0.1,0,0,0,4.0,4,6.1,10.0,No,3.1,4.8,3.1,4.1,3.2,48,7.5,2.54,0.282,No,Yes,3,Retained,Yes,No,No,No,Not Churned,,5.2
CUST10087,41,Female,Lagos,Loyal,Website,2023-07-17,38,14,3,322443.86,76613.23,25550.92,35,Shoes,3,4,Repeated Issue,Medium,Resolved,4,0,No,3.9,0,0.0,No Return,0,0.0,No,No,5.8,5.0,0.8,0,0,1,4.3,4,10.9,13.7,No,4.5,4.5,4.5,4.2,4.4,43,6.9,3.78,0.546,No,Yes,4,Retained,Yes,No,No,No,Not Churned,,7.0
CUST10088,43,Female,Abuja,Regular,Website,2023-03-25,41,15,3,668012.4,125186.68,45916.16,40,Accessories,5,0,No Complaint,None,No Complaint,0,0,No,,1,0.067,Product Description Inaccurate,2,29640.57,No,No,5.6,5.3,0.3,1,0,1,4.0,1,17.9,22.2,Yes,2.9,4.3,2.9,3.7,4.1,33,6.8,3.3,0.099,No,No,0,Retained,Yes,No,No,No,Not Churned,,17.8
CUST10089,42,Female,Delta,Regular,Google,2024-06-26,26,7,2,285169.44,85644.67,42087.68,33,Beauty,4,0,No Complaint,None,No Complaint,0,0,No,,2,0.286,Product Description Inaccurate,5,32620.16,Yes,Yes,3.3,4.7,0.0,0,1,0,3.2,2,20.8,26.8,Yes,3.9,4.2,3.9,4.0,4.4,8,7.6,2.29,0.18,No,No,0,Retained,Yes,No,No,No,Not Churned,,6.2
CUST10090,62,Male,Delta,New Customer,Referral,2026-03-30,5,9,7,374556.34,243596.5,39277.42,68,Shoes,4,1,Poor Customer Service,Low,Resolved,8,3,No,4.5,0,0.0,No Return,0,0.0,No,No,5.9,5.2,0.7,1,0,0,3.5,2,6.8,23.7,No,4.0,4.8,4.0,4.3,3.8,39,8.4,1.89,0.278,Yes,No,0,Retained,Yes,No,No,No,Not Churned,,19.7
CUST10091,58,Female,Ogun,High Value,Email,2023-03-12,42,16,3,196047.24,30517.69,11069.64,25,Electronics,2,2,Poor Customer Service,Low,Escalated,9,2,Yes,4.1,0,0.0,No Return,0,0.0,No,No,3.3,3.4,0.0,0,0,1,5.0,2,6.7,9.0,No,3.1,4.9,3.1,4.5,4.8,24,9.9,5.25,0.537,No,No,0,Retained,Yes,No,No,No,Not Churned,,3.8
CUST10092,46,Female,Oyo,Regular,Referral,2024-06-03,27,12,1,674106.78,52362.61,58506.57,75,Accessories,1,4,Poor Customer Service,Low,Pending,6,2,No,3.8,0,0.0,No Return,0,0.0,No,No,3.8,4.5,0.0,2,0,1,4.6,4,7.2,11.7,No,3.7,4.4,3.7,4.1,4.1,37,5.2,2.4,0.331,Yes,No,0,Retained,Yes,No,No,No,Not Churned,,50.1
CUST10093,32,Female,Enugu,Regular,Website,2025-06-16,14,12,5,629086.86,286545.21,52703.83,56,Electronics,4,0,No Complaint,None,No Complaint,0,0,No,,0,0.0,No Return,0,0.0,No,No,8.2,5.4,2.8,6,0,0,2.7,1,8.4,10.8,Yes,3.6,4.0,3.6,2.8,2.4,6,5.2,3.28,0.135,No,No,0,At Risk,Yes,No,Yes,No,Not Churned,,11.4
CUST10094,62,Female,,Regular,Instagram,2025-07-01,14,11,2,438904.07,94400.59,43926.79,74,Accessories,1,1,Poor Customer Service,Critical,Closed,3,3,No,5.0,1,0.091,Poor Quality,5,41652.93,No,No,2.2,4.3,0.0,1,0,0,4.7,1,2.8,11.2,No,4.4,4.7,4.4,4.6,4.3,40,9.4,10.74,0.196,No,No,0,Retained,Yes,No,No,No,Not Churned,,10.4
CUST10095,18,Male,Delta,Loyal,Facebook,2025-12-11,8,8,2,189478.63,51061.46,23889.32,62,Accessories,5,1,Coupon Expired,Medium,Closed,3,6,Yes,3.4,0,0.0,No Return,0,0.0,No,No,4.0,3.8,0.2,0,1,0,3.9,1,4.1,16.2,No,4.4,4.1,4.4,4.7,5.0,87,9.3,8.92,0.403,No,No,0,Retained,Yes,No,No,No,Not Churned,,8.8
CUST10096,42,Male,Anambra,Loyal,Google,2025-12-04,9,13,4,860479.61,307715.18,70574.07,22,Dresses,2,2,Return Difficulty,High,Resolved,4,4,Yes,4.0,0,0.0,No Return,0,0.0,No,No,3.5,3.3,0.2,0,1,0,4.6,2,2.7,9.4,No,3.6,4.1,3.6,4.7,5.0,49,10.0,2.89,0.143,No,No,0,Retained,Yes,No,No,No,Not Churned,,10.5
CUST10097,24,Male,Ogun,Loyal,Referral,2023-10-20,34,8,5,244809.98,156100.65,31122.14,26,Shoes,4,1,Discount Not Applied,Low,Escalated,12,0,Yes,3.8,1,0.125,Wrong Item,9,15929.74,Yes,Yes,4.1,3.4,0.7,2,0,0,4.1,1,2.9,12.0,No,4.4,4.3,4.4,4.7,4.2,66,10.0,0.57,0.201,No,No,0,Retained,Yes,No,No,No,Not Churned,,7.2
CUST10098,26,Male,Anambra,Regular,Website,2025-07-26,13,3,1,115420.27,43394.61,40416.92,57,Trousers,5,2,Late Delivery,Medium,Resolved,2,1,No,4.0,0,0.0,No Return,0,0.0,No,No,2.6,3.1,0.0,0,0,0,3.8,2,2.4,6.2,Yes,3.6,4.6,3.6,3.5,3.7,7,6.9,8.74,0.086,No,No,0,Retained,Yes,No,No,No,Not Churned,,7.1
CUST10099,41,Female,Abia,Regular,Email,2025-03-22,17,14,5,283985.16,85227.38,18468.18,109,Accessories,2,2,Exchange Difficulty,Medium,Resolved,1,3,No,4.0,1,0.071,Wrong Size,8,12621.77,No,No,1.7,4.6,0.0,1,0,1,4.5,2,4.9,11.8,No,3.4,4.2,3.4,4.3,4.2,34,6.6,0.71,0.401,No,No,0,Dormant,Yes,No,No,Yes,Not Churned,,17.6
CUST10100,18,Male,Oyo,New Customer,Google,2025-05-16,15,10,4,242539.55,104183.03,27527.0,41,Beauty,5,2,Poor Customer Service,Medium,Closed,3,2,No,4.5,2,0.2,Product Description Inaccurate,6,41603.99,Yes,Yes,4.1,4.7,0.0,0,0,0,3.4,2,13.0,16.5,No,4.6,4.2,4.6,4.4,4.3,10,9.0,7.48,0.286,No,No,0,Retained,Yes,No,No,No,Not Churned,,10.5
CUST10101,61,Female,Edo,Loyal,Instagram,2024-01-15,32,9,5,289004.33,159779.55,33055.28,26,Tops,1,2,Return Difficulty,Medium,Resolved,8,1,No,4.5,0,0.0,No Return,0,0.0,No,No,4.3,4.8,0.0,0,0,0,4.5,2,10.2,20.3,No,4.6,4.2,4.6,4.8,4.5,62,10.0,0.96,0.097,Yes,No,0,Retained,Yes,No,No,No,Not Churned,,5.8
CUST10102,25,Female,Imo,New Customer,Website,2025-10-03,11,10,3,239373.08,54870.43,20966.49,76,Electronics,5,0,No Complaint,None,No Complaint,0,0,No,,1,0.1,Damaged,2,7360.62,Yes,Yes,6.1,3.9,2.2,3,0,0,3.3,2,1.7,2.8,Yes,4.4,3.1,4.4,3.4,3.2,3,8.3,2.43,0.042,No,No,0,Churned,No,Yes,No,No,Poor Customer Service,1768176000000000000,27.8
CUST10103,41,Male,Kaduna,Regular,Referral,2023-09-19,35,8,0,198339.68,0.0,23315.91,106,Trousers,5,0,No Complaint,None,No Complaint,0,0,No,,0,0.0,No Return,0,0.0,No,No,3.9,2.9,1.0,1,0,0,3.8,0,5.2,9.7,Yes,4.4,4.3,4.4,3.7,3.7,-10,9.1,3.23,0.358,No,Yes,3,Dormant,Yes,No,No,Yes,Not Churned,,14.6
CUST10104,28,Female,Enugu,Loyal,Facebook,2024-08-02,25,12,2,540591.45,72824.31,41387.14,134,Beauty,5,3,Missing Product,Medium,Escalated,2,0,Yes,4.0,1,0.083,Late Delivery,3,28679.9,Yes,Yes,4.7,3.8,0.9,3,0,0,3.3,3,9.6,12.0,Yes,4.5,3.9,4.5,4.2,3.2,26,8.1,2.94,0.737,Yes,Yes,4,At Risk,Yes,No,Yes,No,Not Churned,,26.3
CUST10105,34,Male,Plateau,Loyal,Google,2023-12-23,32,8,3,470363.62,166513.27,52865.72,59,Tops,2,0,No Complaint,None,No Complaint,0,0,No,,3,0.375,Product Description Inaccurate,5,62466.1,No,No,7.2,4.7,2.5,0,0,1,3.3,4,6.0,12.3,Yes,4.3,3.7,4.3,3.9,3.6,24,6.7,0.74,0.147,Yes,No,0,Retained,Yes,No,No,No,Not Churned,,11.9
CUST10106,25,Female,Imo,Regular,TikTok,2024-11-28,21,10,4,155494.83,68741.95,15904.18,56,Beauty,5,1,Failed Payment,Low,Resolved,8,1,No,4.5,0,0.0,No Return,0,0.0,No,No,6.7,5.1,1.6,3,0,0,3.6,1,4.5,11.4,No,3.8,3.1,3.8,4.3,4.0,50,7.7,1.99,0.439,No,No,0,Retained,Yes,No,No,No,Not Churned,,8.5
CUST10107,52,Male,Ogun,Regular,Website,2025-11-02,10,9,3,778444.46,286693.27,96339.21,36,Shoes,2,1,Issue Not Resolved,Low,Resolved,3,2,No,5.0,0,0.0,No Return,0,0.0,No,No,5.8,2.7,3.1,3,1,0,3.1,2,0.5,3.0,No,4.1,3.6,4.1,3.7,3.4,11,7.2,10.31,0.235,Yes,No,0,Retained,Yes,No,No,No,Not Churned,,6.2
CUST10108,52,Male,Abuja,New Customer,Google,2024-03-18,29,13,2,272136.45,37666.81,21126.11,40,Bags,2,2,Poor Product Quality,Low,Resolved,2,3,No,4.2,1,0.077,Changed Mind,1,14974.72,No,No,3.1,3.2,0.0,0,0,1,3.8,2,4.8,11.2,No,3.5,2.7,3.5,4.0,3.6,45,8.3,3.0,0.135,No,No,0,Retained,Yes,No,No,No,Not Churned,,5.6
CUST10109,50,Male,Kano,Loyal,Google,2024-12-26,20,12,0,246750.63,0.0,19467.86,58,Trousers,3,2,Issue Not Resolved,Medium,Escalated,4,0,Yes,4.7,1,0.083,Wrong Item,4,8876.82,No,No,7.0,5.4,1.6,2,1,1,2.8,2,7.7,12.2,No,3.8,4.1,3.8,3.5,4.0,14,6.8,4.88,0.272,No,No,0,Churned,No,Yes,No,No,Lack of Product Availability,1781913600000000000,33.2
CUST10110,22,Male,Kano,Loyal,Email,2023-10-13,35,10,1,653866.6,59022.18,66713.34,33,Dresses,5,2,Issue Not Resolved,Critical,Closed,1,2,No,4.0,0,0.0,No Return,0,0.0,No,No,3.9,3.8,0.1,0,0,0,5.0,2,23.4,23.6,No,3.5,4.7,3.5,4.5,3.8,41,9.7,6.67,0.153,Yes,Yes,2,Churned,No,Yes,No,No,Lack of Product Availability,1783296000000000000,35.4
CUST10111,59,Male,Plateau,Regular,TikTok,2024-07-23,25,12,7,535177.42,274362.79,44551.59,13,Bags,4,1,Product Not as Described,Medium,Escalated,10,1,Yes,3.9,0,0.0,No Return,0,0.0,No,No,1.6,2.7,0.0,0,1,1,4.5,1,9.2,16.5,No,3.9,5.0,3.9,4.1,3.3,6,7.6,3.61,0.176,Yes,No,0,Retained,Yes,No,No,No,Not Churned,,1.6
CUST10112,56,Female,Kano,Regular,Google,2025-04-19,16,6,2,337610.19,106019.9,51019.2,84,Dresses,2,1,Issue Not Resolved,High,Resolved,5,1,No,4.7,2,0.333,Defective,4,56261.99,Yes,Yes,2.5,3.1,0.0,0,0,0,4.3,1,12.2,23.8,No,3.3,4.4,3.3,3.7,2.9,24,7.2,6.23,0.062,Yes,Yes,3,Dormant,Yes,No,No,Yes,Not Churned,,14.3
CUST10113,58,Female,Delta,Loyal,Facebook,2024-05-12,28,10,4,189845.48,80928.73,21336.13,83,Shoes,5,1,Wrong Product,Medium,Resolved,4,2,No,5.0,0,0.0,No Return,0,0.0,No,No,5.5,5.0,0.5,0,0,1,4.3,1,12.8,14.1,No,4.6,4.0,4.6,5.0,4.7,61,10.0,5.53,0.255,No,Yes,2,Churned,No,Yes,No,No,Relocated,1780185600000000000,29.4
CUST10114,45,Female,Edo,Loyal,TikTok,2024-12-05,21,8,2,308582.49,67578.29,39750.43,11,Electronics,4,2,Issue Not Resolved,Low,Closed,5,2,No,3.6,0,0.0,No Return,0,0.0,No,No,6.3,4.8,1.5,1,0,0,3.0,2,4.8,6.2,No,3.6,4.5,3.6,3.7,3.5,25,7.6,22.04,0.591,No,No,0,Retained,Yes,No,No,No,Not Churned,,3.9
CUST10115,24,Male,Abia,Regular,Facebook,2024-07-15,25,11,0,1214936.37,0.0,109152.95,77,Trousers,1,0,No Complaint,None,No Complaint,0,0,No,,0,0.0,No Return,0,0.0,No,No,5.3,3.2,2.1,1,1,1,4.0,2,3.6,5.9,Yes,4.3,4.2,4.3,4.2,4.4,27,9.6,2.32,0.216,No,No,0,Dormant,Yes,No,No,Yes,Not Churned,,10.8
CUST10116,26,Female,Edo,Regular,Instagram,2023-02-01,43,10,1,204112.15,22400.92,21244.41,108,Electronics,4,2,Order Cancellation,Medium,Resolved,8,1,No,3.4,2,0.2,Not as Expected,20,38514.49,No,No,1.4,2.8,0.0,1,0,0,4.6,2,7.0,17.1,No,3.4,3.7,3.4,3.9,2.4,12,8.9,0.54,0.408,No,No,0,Churned,No,Yes,No,No,Competitor,1780272000000000000,67.3
CUST10117,25,Male,Abia,Regular,Referral,2023-02-12,43,10,3,454845.31,137074.31,45467.53,93,Accessories,2,1,Website Error,Low,Closed,1,3,No,4.4,0,0.0,No Return,0,0.0,No,No,2.8,2.7,0.1,0,0,0,4.8,3,4.6,9.6,No,4.6,4.4,4.6,4.5,4.4,-11,10.0,2.64,0.102,No,Yes,4,Dormant,Yes,No,No,Yes,Not Churned,,12.4
CUST10118,29,Female,Enugu,New Customer,Facebook,2024-07-12,26,9,0,196304.41,0.0,22065.88,78,Beauty,2,3,Issue Not Resolved,Medium,Resolved,6,1,No,5.0,1,0.111,Wrong Color,4,15952.96,No,No,3.7,4.0,0.0,0,0,0,4.2,3,3.1,9.3,No,3.8,3.8,3.8,4.0,3.3,51,6.5,2.23,0.07,No,Yes,3,Dormant,Yes,No,No,Yes,Not Churned,,33.4
CUST10119,51,Female,Enugu,High Value,Referral,2023-09-27,35,8,3,175131.73,53403.21,19382.32,125,Beauty,2,2,Coupon Expired,Low,Resolved,3,0,No,4.6,0,0.0,No Return,0,0.0,No,No,8.3,4.6,3.7,3,0,2,3.0,3,9.3,10.9,No,4.1,4.4,4.1,3.3,3.8,5,6.5,1.3,0.126,Yes,No,0,At Risk,Yes,No,Yes,No,Not Churned,,38.4
CUST10120,50,Male,Edo,Loyal,Instagram,2025-07-31,13,9,0,259002.59,0.0,28404.74,90,Accessories,3,1,Website Error,Low,Resolved,4,0,No,4.9,1,0.111,Duplicate Order,8,19636.9,No,No,3.6,3.5,0.1,0,0,0,3.9,1,2.7,4.4,No,3.6,4.7,3.6,4.3,3.9,28,8.8,2.35,0.245,No,No,0,Dormant,Yes,No,No,Yes,Not Churned,,11.8
CUST10121,65,Female,Oyo,Loyal,Referral,2025-11-08,9,8,2,254432.15,63331.24,31532.62,127,Tops,4,4,Return Difficulty,Low,Escalated,12,0,Yes,3.0,1,0.125,Wrong Item,3,13293.01,Yes,Yes,2.2,2.8,0.0,1,0,1,4.8,4,4.2,13.2,No,3.5,3.4,3.5,3.7,3.2,9,7.6,7.32,0.189,Yes,Yes,7,At Risk,Yes,No,Yes,No,Not Churned,,30.3
CUST10122,40,Female,Enugu,New Customer,Facebook,2023-02-06,43,8,4,223951.01,119951.5,29507.25,114,Bags,5,2,Missing Product,Medium,Closed,5,1,No,3.6,0,0.0,No Return,0,0.0,No,No,4.1,4.0,0.1,0,0,0,4.5,2,5.9,9.4,No,4.8,3.7,4.8,4.6,4.8,39,8.7,4.42,0.143,No,No,0,Dormant,Yes,No,No,Yes,Not Churned,,19.3
CUST10123,41,Female,Oyo,Loyal,Instagram,2023-04-02,41,9,2,248303.92,52960.52,30912.16,9,Dresses,5,4,Poor Product Quality,Low,Resolved,3,1,No,4.4,0,0.0,No Return,0,0.0,No,No,4.4,3.2,1.2,1,0,0,3.4,4,4.0,5.0,No,3.2,4.8,3.2,3.2,2.7,34,6.6,0.61,0.33,No,No,0,Churned,No,Yes,No,No,Website/App Problems,1784073600000000000,22.6
CUST10124,54,Male,Ogun,Regular,Instagram,2023-07-04,38,13,4,1150048.99,396560.84,92068.97,14,Accessories,2,3,Delivery Fee,Low,Resolved,2,0,No,5.0,0,0.0,No Return,0,0.0,No,No,5.6,3.0,2.6,4,0,1,2.3,3,6.7,16.6,Yes,3.0,4.3,3.0,3.5,3.0,20,7.6,0.91,0.347,No,No,0,Churned,No,Yes,No,No,Website/App Problems,1781740800000000000,45.9
CUST10125,52,Male,Lagos,Regular,Website,2024-12-28,20,9,4,580082.63,305012.05,72636.39,49,Beauty,4,2,Failed Payment,Low,Resolved,8,0,No,3.2,0,0.0,No Return,0,0.0,No,No,2.3,4.8,0.0,0,0,0,4.0,2,3.7,17.3,No,3.3,4.5,3.3,3.8,3.2,18,6.1,3.35,0.286,Yes,Yes,2,Retained,Yes,No,No,No,Not Churned,,7.9
CUST10126,61,Female,Anambra,Regular,Website,2025-11-17,9,9,3,345513.56,92176.89,34798.21,127,Shoes,1,1,Late Delivery,Low,Resolved,2,1,No,5.0,1,0.111,Not as Expected,4,28789.37,No,No,4.0,4.3,0.0,0,1,3,3.3,1,3.4,8.7,Yes,5.0,3.8,5.0,3.9,3.6,-3,5.4,4.44,0.363,Yes,No,0,Churned,No,Yes,No,No,Payment Problems,1776643200000000000,35.3
CUST10127,57,Female,Plateau,New Customer,Facebook,2024-01-07,32,11,1,344643.15,28564.56,33503.65,62,Beauty,4,0,No Complaint,None,No Complaint,0,0,No,,1,0.091,Poor Quality,4,15378.94,Yes,No,3.4,3.4,0.0,1,0,0,4.8,1,13.1,16.1,Yes,3.5,3.7,3.5,3.8,3.4,-13,7.9,12.68,0.093,No,Yes,1,Churned,No,Yes,No,No,Price Too High,1781308800000000000,23.0
CUST10128,39,Female,Kaduna,Loyal,Website,2025-04-11,16,9,1,650971.98,66951.74,64235.16,66,Tops,5,4,Poor Customer Service,Medium,Resolved,4,2,No,3.5,1,0.111,Damaged,2,59610.97,No,No,4.0,3.9,0.1,0,0,0,4.3,4,2.1,11.8,No,4.2,3.7,4.2,4.4,3.6,22,9.5,14.49,0.422,No,No,0,Retained,Yes,No,No,No,Not Churned,,21.8
CUST10129,44,Male,Ogun,Regular,Referral,2023-12-11,33,10,0,509772.57,0.0,45548.93,65,Trousers,2,0,No Complaint,None,No Complaint,0,0,No,,1,0.1,Defective,1,19195.92,No,No,7.0,3.2,3.8,3,1,0,1.5,0,1.2,2.8,Yes,4.6,3.9,4.6,3.4,3.2,28,8.7,4.3,0.293,Yes,Yes,4,Retained,Yes,No,No,No,Not Churned,,9.9
CUST10130,52,Male,Imo,Regular,Email,2023-03-19,42,5,0,192640.19,0.0,36365.46,43,Beauty,4,1,Failed Payment,Critical,Resolved,2,2,No,5.0,1,0.2,Poor Quality,6,21757.6,No,No,4.1,4.2,0.0,0,0,0,4.7,1,7.4,13.5,No,3.8,3.9,3.8,3.8,4.5,34,8.9,0.67,0.112,No,No,0,Retained,Yes,No,No,No,Not Churned,,9.3
CUST10131,18,Female,Enugu,Regular,Google,2023-06-16,39,9,3,942223.78,262517.59,94072.04,54,Electronics,3,5,Return Difficulty,Low,Resolved,6,2,No,4.0,0,0.0,No Return,0,0.0,No,No,7.9,4.8,3.1,5,0,0,4.1,5,1.5,6.0,No,2.9,4.1,2.9,3.0,3.4,10,5.4,1.8,0.188,No,Yes,4,At Risk,Yes,No,Yes,No,Not Churned,,46.7
CUST10132,52,Female,Edo,Regular,TikTok,2026-01-18,7,11,2,259879.04,41397.15,21150.03,21,Shoes,2,2,Missing Product,Medium,Resolved,3,2,No,4.5,1,0.091,Not as Expected,8,8888.65,Yes,No,3.2,3.8,0.0,1,0,0,4.9,2,8.6,22.0,No,4.7,3.9,4.7,5.0,5.0,50,9.3,3.44,0.326,No,No,0,Retained,Yes,No,No,No,Not Churned,,4.3
CUST10133,54,Female,Anambra,New Customer,Instagram,2023-09-21,35,12,1,415781.61,32391.56,31798.86,107,Beauty,3,3,Order Cancellation,Medium,Resolved,2,2,No,5.0,1,0.083,Wrong Item,1,17128.51,No,No,2.0,3.7,0.0,0,0,0,4.0,3,4.6,6.6,No,3.2,3.8,3.2,3.1,2.8,12,6.4,2.89,0.299,No,No,0,Dormant,Yes,No,No,Yes,Not Churned,,14.0
CUST10134,64,Male,Abia,Regular,Google,2024-12-24,20,10,2,304750.16,60637.04,29961.46,31,Dresses,2,3,Failed Payment,High,Resolved,2,2,No,4.7,1,0.1,Late Delivery,3,18626.47,No,No,4.5,3.3,1.2,2,1,0,3.2,3,7.1,19.9,No,3.5,3.7,3.5,3.5,3.4,14,5.2,10.16,0.171,No,No,0,Retained,Yes,No,No,No,Not Churned,,4.2
CUST10135,31,Male,Anambra,Loyal,Email,2024-05-26,27,7,1,318799.5,41601.49,40072.4,17,Accessories,5,3,Rude Staff,Medium,Resolved,1,0,No,5.0,1,0.143,Not as Expected,1,32353.89,No,No,3.5,3.5,0.0,0,0,1,4.5,3,4.0,15.2,Yes,4.2,4.8,4.2,4.1,4.5,52,7.1,4.11,0.603,Yes,Yes,4,Retained,Yes,No,No,No,Not Churned,,8.1
CUST10136,20,Female,Rivers,New Customer,Referral,2024-07-29,25,10,4,212095.94,67706.08,19267.61,44,Dresses,1,4,Issue Not Resolved,Medium,Escalated,3,0,Yes,4.7,0,0.0,No Return,0,0.0,No,No,2.0,3.6,0.0,0,0,0,4.7,4,8.3,10.6,No,2.5,4.7,2.5,4.2,4.1,49,6.7,9.2,0.406,Yes,No,0,Retained,Yes,No,No,No,Not Churned,,5.6
CUST10137,18,Female,Imo,New Customer,Facebook,2024-12-22,20,12,1,440327.87,39329.5,40134.04,15,Beauty,4,5,Poor Product Quality,Low,Resolved,6,3,No,3.7,0,0.0,No Return,0,0.0,No,No,4.9,3.4,1.5,1,0,0,3.8,5,2.7,6.2,No,3.7,4.3,3.7,3.7,2.9,-1,10.0,1.71,0.178,No,Yes,2,At Risk,Yes,No,Yes,No,Not Churned,,2.9
CUST10138,22,Female,Ogun,Regular,Instagram,2026-04-12,4,7,2,195218.62,54833.85,28074.36,27,Shoes,4,2,Late Delivery,Medium,Closed,4,1,No,4.1,2,0.286,Poor Quality,2,29975.71,Yes,Yes,4.9,2.8,2.1,1,0,1,2.5,2,4.4,23.6,No,3.9,5.0,3.9,4.7,4.6,51,9.0,3.88,0.405,Yes,No,0,Retained,Yes,No,No,No,Not Churned,,3.6
CUST10139,43,Male,Cross River,Loyal,TikTok,2024-03-06,30,12,2,647746.82,114456.72,52625.55,151,Trousers,2,1,Refund Rejected,Medium,Resolved,13,1,No,4.7,0,0.0,No Return,0,0.0,No,No,3.8,2.9,0.9,1,0,0,3.9,2,4.7,13.0,No,2.7,4.6,2.7,3.6,2.9,-11,9.8,8.17,0.472,Yes,No,0,At Risk,Yes,No,Yes,No,Not Churned,,20.1
CUST10140,31,Female,Edo,Regular,Referral,2025-02-06,19,7,3,197227.66,89204.76,27543.48,80,Shoes,1,1,Poor Product Quality,Medium,Resolved,2,0,No,5.0,0,0.0,No Return,0,0.0,No,No,6.3,5.5,0.8,0,0,0,4.1,1,7.4,19.2,Yes,4.6,4.0,4.6,3.9,3.5,53,5.8,5.93,0.279,Yes,No,0,Dormant,Yes,No,No,Yes,Not Churned,,11.1
CUST10141,56,Male,Kaduna,Regular,Google,2024-04-07,29,11,1,262866.67,25237.33,24323.25,274,Beauty,1,4,Failed Payment,Low,Resolved,2,0,No,4.9,1,0.091,Defective,1,11038.67,No,No,4.2,3.6,0.6,0,0,0,3.6,5,5.8,20.1,Yes,3.3,4.8,3.3,3.7,3.7,1,8.4,1.91,0.102,No,No,0,At Risk,Yes,No,Yes,No,Not Churned,,37.7
CUST10142,44,Male,Edo,Regular,Email,2023-04-11,41,6,6,273779.09,273779.09,44580.3,34,Shoes,5,2,Delivery Fee,Low,Escalated,1,4,Yes,3.3,0,0.0,No Return,0,0.0,No,No,6.2,4.9,1.3,1,0,1,4.4,2,3.6,4.5,No,4.8,4.3,4.8,4.5,3.1,60,7.2,0.84,0.245,Yes,No,0,Retained,Yes,No,No,No,Not Churned,,5.5
CUST10143,26,Female,Enugu,Regular,Instagram,2025-11-05,10,7,0,214015.15,0.0,33778.95,114,Dresses,3,2,Website Error,Medium,Resolved,3,0,No,5.0,0,0.0,No Return,0,0.0,No,No,6.4,4.7,1.7,2,0,0,3.6,2,4.5,10.9,No,4.1,5.0,4.1,4.5,3.9,39,9.5,1.82,0.035,No,No,0,Dormant,Yes,No,No,Yes,Not Churned,,14.9
CUST10144,32,Female,Abia,New Customer,Google,2023-09-01,36,7,3,209063.46,87327.35,28257.97,76,Dresses,4,2,Refund Delayed,Medium,Resolved,4,2,No,5.0,0,0.0,No Return,0,0.0,No,No,2.9,4.2,0.0,0,0,1,3.9,2,16.4,32.0,No,3.2,4.6,3.2,4.2,3.7,12,8.3,2.7,0.111,No,No,0,Dormant,Yes,No,No,Yes,Not Churned,,12.1
CUST10145,32,Female,Abuja,Loyal,Website,2023-04-15,41,11,2,324959.43,52649.57,29122.68,138,Electronics,2,3,Website Error,Low,Resolved,5,1,No,4.9,1,0.091,Late Delivery,4,25455.85,No,No,3.5,3.8,0.0,1,0,0,5.0,3,6.1,14.1,No,3.4,3.7,3.4,3.7,2.6,-1,7.5,12.09,0.149,Yes,No,0,At Risk,Yes,No,Yes,No,Not Churned,,21.9
CUST10146,43,Male,Lagos,Loyal,Google,2024-11-24,21,9,6,249618.11,152955.97,25383.18,165,Dresses,1,2,Wrong Product,Low,Closed,1,2,No,4.4,0,0.0,No Return,0,0.0,No,No,4.9,4.5,0.4,0,1,1,3.4,3,6.7,8.5,No,4.0,4.5,4.0,3.7,3.9,49,7.6,6.51,0.311,No,No,0,Churned,No,Yes,No,No,Too Many Delivery Problems,1786060800000000000,51.4
CUST10147,59,Male,Oyo,Regular,Facebook,2026-04-07,4,7,5,643026.21,464383.26,86075.36,77,Tops,4,1,Long Waiting Time,Medium,Resolved,10,3,No,4.3,2,0.286,Duplicate Order,6,99764.18,No,No,4.5,4.3,0.2,1,1,0,3.4,1,1.6,10.0,No,3.6,3.0,3.6,3.7,3.5,21,8.0,1.24,0.063,No,Yes,3,Dormant,Yes,No,No,Yes,Not Churned,,27.1
CUST10148,30,Male,Plateau,Loyal,Referral,2025-12-06,8,14,4,530911.33,172863.0,41652.29,91,Trousers,4,1,Coupon Expired,High,Pending,2,2,No,5.0,0,0.0,No Return,0,0.0,No,No,5.5,4.7,0.8,0,0,0,3.8,3,3.1,4.3,No,3.8,4.1,3.8,3.7,3.4,21,6.1,0.71,0.394,Yes,No,0,Dormant,Yes,No,No,Yes,Not Churned,,11.6
CUST10149,49,Female,Plateau,Loyal,Website,2025-12-02,9,5,3,225479.59,138964.46,46266.86,52,Bags,4,1,Price Increase,Low,Resolved,5,0,No,3.6,2,0.4,Wrong Item,5,33205.77,No,No,6.1,5.5,0.6,1,1,1,3.9,1,5.7,9.7,No,4.0,4.8,4.0,4.9,5.0,6,9.3,2.03,0.631,No,No,0,Retained,Yes,No,No,No,Not Churned,,23.8
CUST10150,56,Female,Abuja,Regular,Instagram,2025-03-28,17,13,3,576448.56,112773.61,41103.77,22,Dresses,1,0,No Complaint,None,No Complaint,0,0,No,,0,0.0,No Return,0,0.0,No,No,4.0,3.4,0.6,4,0,0,4.0,0,9.7,13.2,Yes,4.2,4.6,4.2,4.0,3.4,56,7.3,11.42,0.131,Yes,No,0,Retained,Yes,No,No,No,Not Churned,,2.9
CUST10151,49,Male,Plateau,Regular,Email,2023-08-09,37,8,0,284585.06,0.0,36637.1,27,Beauty,5,1,Damaged Product,Medium,Closed,7,0,No,4.0,0,0.0,No Return,0,0.0,No,No,2.9,3.5,0.0,0,1,0,2.9,2,6.0,10.6,No,3.4,3.2,3.4,2.7,2.8,-18,4.2,7.76,0.454,No,Yes,3,Churned,No,Yes,No,No,Poor Product Quality,1769644800000000000,13.9
CUST10152,21,Male,Imo,New Customer,Website,2023-05-24,39,10,3,270350.18,73544.74,26169.76,23,Trousers,4,1,Damaged Product,Low,Closed,11,0,No,4.4,0,0.0,No Return,0,0.0,No,No,4.0,4.6,0.0,0,0,1,4.6,1,3.8,11.0,No,4.5,4.8,4.5,4.4,4.3,41,8.6,8.0,0.648,No,No,0,Churned,No,Yes,No,No,Payment Problems,1768608000000000000,29.2
CUST10153,47,Female,Lagos,New Customer,Facebook,2025-06-08,15,9,3,235518.81,59682.4,22964.26,96,Tops,1,1,Rude Staff,High,Resolved,2,2,No,4.0,0,0.0,No Return,0,0.0,No,No,7.5,5.0,2.5,1,1,0,4.0,1,0.3,6.5,No,4.1,4.1,4.1,3.9,3.7,-3,9.0,5.18,0.122,No,No,0,Dormant,Yes,No,No,Yes,Not Churned,,19.3
CUST10154,54,Male,Abuja,Loyal,TikTok,2025-11-17,9,14,3,329608.97,71277.54,26113.64,51,Electronics,1,3,Refund Rejected,High,Resolved,1,0,No,5.0,2,0.143,Late Delivery,7,44783.13,Yes,No,2.9,3.1,0.0,1,0,0,4.0,3,2.4,6.1,Yes,4.2,3.9,4.2,4.5,3.9,48,6.9,12.93,0.071,Yes,No,0,Retained,Yes,No,No,No,Not Churned,,7.9
CUST10155,40,Male,Plateau,Loyal,Google,2025-02-28,18,14,3,572905.34,124865.2,43936.84,66,Beauty,2,2,Product Not as Described,Medium,Pending,1,5,Yes,2.7,2,0.143,Changed Mind,2,80493.32,No,No,10.0,5.1,4.9,7,0,1,2.9,2,4.6,9.0,No,4.2,3.8,4.2,3.7,3.0,19,7.7,10.76,0.064,No,No,0,Churned,No,Yes,No,No,Competitor,1772496000000000000,23.3
CUST10156,56,Male,Plateau,High Value,Google,2024-07-06,26,10,5,262569.68,142908.51,26003.06,7,Shoes,5,0,No Complaint,None,No Complaint,0,0,No,,0,0.0,No Return,0,0.0,No,No,3.1,5.2,0.0,1,0,2,4.9,2,2.3,7.6,Yes,4.5,3.4,4.5,4.1,3.7,37,7.1,5.67,0.257,No,No,0,Retained,Yes,No,No,No,Not Churned,,1.3
CUST10157,62,Male,Oyo,Loyal,Website,2025-04-23,16,12,2,771833.54,123949.49,59589.43,44,Electronics,5,3,Poor Customer Service,Medium,Resolved,7,1,No,4.9,0,0.0,No Return,0,0.0,No,No,3.2,3.7,0.0,0,0,0,3.6,3,12.4,15.0,No,3.5,4.3,3.5,3.5,3.3,6,5.2,8.03,0.531,No,Yes,7,Retained,Yes,No,No,No,Not Churned,,6.3
CUST10158,32,Male,Abia,Regular,Email,2024-10-20,22,10,1,699461.09,66392.36,72174.12,69,Bags,5,1,Stock Availability,Low,Resolved,3,0,No,4.9,0,0.0,No Return,0,0.0,No,No,4.3,3.3,1.0,1,0,1,3.2,1,4.1,5.2,No,4.2,3.7,4.2,3.9,4.6,34,6.1,5.25,0.065,Yes,No,0,Retained,Yes,No,No,No,Not Churned,,10.6
CUST10159,60,Male,Abia,New Customer,Instagram,2025-04-16,16,12,2,152612.38,29031.02,13949.21,99,Accessories,1,1,Repeated Issue,Low,Resolved,4,0,No,5.0,0,0.0,No Return,0,0.0,No,No,4.6,3.7,0.9,0,0,0,4.2,1,4.9,8.2,No,3.4,5.0,3.4,3.8,2.8,-7,7.3,1.62,0.277,No,Yes,3,Dormant,Yes,No,No,Yes,Not Churned,,15.2
CUST10160,46,Female,Cross River,Loyal,Google,2025-10-15,10,10,1,666519.1,64867.0,69050.77,29,Tops,1,1,Wrong Product,Low,Resolved,4,2,No,4.3,0,0.0,No Return,0,0.0,No,No,2.0,3.1,0.0,0,0,1,3.8,1,2.5,5.5,No,4.1,3.9,4.1,3.4,2.7,12,7.8,3.56,0.475,No,No,0,Retained,Yes,No,No,No,Not Churned,,8.3
CUST10161,53,Female,Plateau,Regular,Google,2026-04-05,4,8,4,158424.74,75302.96,18788.57,66,Accessories,5,2,Damaged Product,Low,Resolved,6,0,No,5.0,0,0.0,No Return,0,0.0,No,No,6.5,2.7,3.8,3,0,0,3.1,2,2.2,6.0,No,3.2,4.6,3.2,3.6,3.9,13,7.8,12.36,0.512,No,Yes,2,Retained,Yes,No,No,No,Not Churned,,24.0
CUST10162,30,Male,Delta,Loyal,Google,2025-01-20,19,15,1,463102.64,29382.94,28221.07,31,Shoes,1,1,Refund Rejected,Medium,Closed,2,2,No,4.6,0,0.0,No Return,0,0.0,No,No,4.3,4.9,0.0,0,0,1,3.9,2,4.3,5.4,No,3.8,4.2,3.8,4.3,4.4,60,8.9,9.94,0.41,No,No,0,Churned,No,Yes,No,No,Poor Product Quality,1767830400000000000,9.7
CUST10163,49,Female,Edo,Loyal,Google,2023-09-06,36,13,3,511297.76,106790.37,34386.1,90,Shoes,5,0,No Complaint,None,No Complaint,0,0,No,,0,0.0,No Return,0,0.0,No,No,3.4,4.2,0.0,0,0,1,4.4,1,1.7,4.2,Yes,4.4,4.5,4.4,4.4,4.9,31,9.8,7.94,0.146,No,No,0,Dormant,Yes,No,No,Yes,Not Churned,,11.2
CUST10164,24,Female,Abuja,Loyal,Instagram,2025-02-13,18,13,2,166052.65,20826.9,11766.5,56,Dresses,2,1,Long Waiting Time,Medium,Resolved,11,0,No,3.9,0,0.0,No Return,0,0.0,No,No,4.2,4.0,0.2,1,0,0,4.2,1,1.3,11.0,No,4.5,3.2,4.5,4.0,4.1,20,9.5,7.81,0.152,No,No,0,Retained,Yes,No,No,No,Not Churned,,7.1
CUST10165,39,Female,Enugu,Loyal,TikTok,2025-02-02,19,14,3,326444.98,72954.9,23020.31,154,Accessories,3,1,Wrong Product,Low,Resolved,4,0,No,3.1,1,0.071,Poor Quality,1,18027.11,No,No,1.8,3.1,0.0,0,0,0,4.9,1,3.5,8.8,No,4.2,3.6,4.2,4.2,3.7,27,9.5,2.42,0.05,No,Yes,5,Churned,No,Yes,No,No,Poor Customer Service,1778544000000000000,54.1
CUST10166,45,Female,Kaduna,New Customer,Google,2026-02-08,6,5,1,166472.71,37520.66,34717.74,61,Beauty,3,0,No Complaint,None,No Complaint,0,0,No,,2,0.4,Duplicate Order,5,54890.11,No,No,3.4,4.2,0.0,0,0,1,5.0,1,10.7,13.5,Yes,4.0,4.3,4.0,4.5,4.4,39,7.9,4.51,0.113,No,Yes,4,Retained,Yes,No,No,No,Not Churned,,10.4
CUST10167,19,Male,Ogun,Loyal,Facebook,2024-11-22,21,12,4,241583.03,64707.92,17809.09,198,Electronics,3,0,No Complaint,None,No Complaint,0,0,No,,1,0.083,Wrong Size,1,11318.9,No,No,3.0,3.7,0.0,1,0,0,4.2,2,2.8,6.1,Yes,3.8,3.7,3.8,3.7,3.9,-13,8.4,3.47,0.08,Yes,No,0,Churned,No,Yes,No,No,Refund Problems,1779321600000000000,41.4
CUST10168,59,Male,Cross River,Loyal,Website,2025-03-30,17,9,2,160839.24,32535.69,17448.14,79,Accessories,3,1,Poor Customer Service,Medium,Resolved,2,0,No,5.0,0,0.0,No Return,0,0.0,No,No,2.3,4.0,0.0,1,0,0,5.0,1,2.7,9.4,Yes,4.2,4.0,4.2,4.8,4.7,42,9.7,5.64,0.17,No,No,0,Dormant,Yes,No,No,Yes,Not Churned,,13.9
CUST10169,62,Female,Kano,Regular,Website,2024-12-19,20,12,2,997223.5,169100.1,77958.69,87,Shoes,2,0,No Complaint,None,No Complaint,0,0,No,,1,0.083,Late Delivery,5,51177.69,Yes,No,3.4,2.8,0.6,0,0,0,5.0,1,10.9,12.2,Yes,3.7,3.1,3.7,4.1,4.3,24,7.0,13.08,0.327,No,No,0,Dormant,Yes,No,No,Yes,Not Churned,,12.0
CUST10170,23,Female,Enugu,Loyal,Google,2023-08-22,36,11,1,378059.58,37383.12,34111.21,81,Trousers,1,1,Late Delivery,Low,Closed,1,0,No,4.0,0,0.0,No Return,0,0.0,No,No,4.0,5.3,0.0,0,0,0,4.6,4,3.9,7.9,Yes,3.8,4.9,3.8,4.5,4.9,15,7.7,2.8,0.553,Yes,Yes,7,Dormant,Yes,No,No,Yes,Not Churned,,13.1
CUST10171,45,Female,Oyo,Regular,Facebook,2023-01-24,43,8,3,393238.52,150273.14,51995.38,85,Shoes,2,0,No Complaint,None,No Complaint,0,0,No,,1,0.125,Wrong Item,1,22551.21,No,No,5.5,4.8,0.7,0,0,0,4.4,2,5.9,15.1,Yes,4.4,4.6,4.4,4.3,4.7,54,7.2,8.23,0.207,Yes,No,0,Dormant,Yes,No,No,Yes,Not Churned,,11.5
CUST10172,45,Male,Kaduna,High Value,Referral,2025-11-15,9,9,3,747194.6,208096.91,80786.0,239,Shoes,4,4,Wrong Product,Low,Resolved,8,0,No,4.0,2,0.222,Poor Quality,3,106588.58,No,No,3.5,4.7,0.0,1,0,1,4.2,4,5.7,8.0,No,3.1,3.4,3.1,3.8,3.0,40,7.9,4.17,0.114,No,No,0,At Risk,Yes,No,Yes,No,Not Churned,,32.9
CUST10173,61,Male,Enugu,New Customer,Facebook,2025-10-02,11,6,0,313984.23,0.0,47282.19,88,Bags,1,0,No Complaint,None,No Complaint,0,0,No,,3,0.5,Wrong Item,1,120796.19,No,No,6.0,4.2,1.8,0,0,0,2.8,0,0.2,3.9,Yes,3.6,3.8,3.6,3.1,2.8,-22,5.9,0.36,0.391,No,No,0,Dormant,Yes,No,No,Yes,Not Churned,,12.6
CUST10174,61,Female,Anambra,Regular,Facebook,2024-06-05,27,8,1,198020.52,21552.5,25167.92,66,Tops,5,1,Repeated Issue,Low,Resolved,4,2,No,,0,0.0,No Return,0,0.0,No,No,4.5,3.2,1.3,0,0,0,4.0,1,10.5,20.3,No,3.1,4.5,3.1,4.3,4.3,52,10.0,4.22,0.518,Yes,No,0,Retained,Yes,No,No,No,Not Churned,,17.1
CUST10175,37,Male,Edo,New Customer,TikTok,2023-01-17,44,14,2,357200.17,44869.7,24057.47,63,Accessories,4,3,Late Delivery,Medium,Resolved,4,1,No,4.5,0,0.0,No Return,0,0.0,No,No,4.0,2.8,1.2,2,0,0,4.4,3,4.7,10.9,No,4.6,4.6,4.6,4.3,4.0,33,8.5,1.32,0.053,Yes,Yes,5,Retained,Yes,No,No,No,Not Churned,,11.4
CUST10176,47,Male,Kaduna,Loyal,Instagram,2023-09-02,36,10,1,368946.44,36107.71,41387.87,113,Accessories,4,2,Poor Customer Service,Low,Resolved,1,1,No,,1,0.1,Wrong Item,1,37292.18,No,No,3.8,3.6,0.2,0,1,0,3.7,2,4.9,7.1,Yes,4.5,4.3,4.5,4.3,3.9,31,7.1,10.29,0.191,No,No,0,Churned,No,Yes,No,No,Poor Product Quality,1781913600000000000,27.5
CUST10177,28,Male,Anambra,New Customer,Instagram,2024-12-18,20,13,2,658190.41,87411.88,44692.02,67,Trousers,2,2,Wrong Product,Low,Resolved,3,2,No,3.1,1,0.077,Wrong Item,1,20414.83,No,No,5.9,3.7,2.2,2,0,0,2.8,2,5.7,9.4,No,3.3,4.8,3.3,3.7,4.3,12,7.7,6.41,0.134,No,No,0,Retained,Yes,No,No,No,Not Churned,,15.0
CUST10178,45,Male,Enugu,Regular,Instagram,2025-02-08,19,11,2,456571.9,62476.6,36349.25,28,Trousers,4,5,Return Difficulty,Medium,Closed,8,1,No,4.4,0,0.0,No Return,0,0.0,No,No,5.6,4.8,0.8,1,0,0,4.5,5,2.4,8.0,No,3.3,2.4,3.3,3.6,2.6,27,6.2,4.01,0.209,Yes,No,0,At Risk,Yes,No,Yes,No,Not Churned,,27.9
CUST10179,42,Female,Lagos,Regular,Instagram,2024-12-17,20,10,2,455856.58,83951.41,46312.79,52,Trousers,2,2,Product Not as Described,Medium,Resolved,8,5,Yes,3.8,0,0.0,No Return,0,0.0,No,No,2.5,2.9,0.0,0,0,2,4.9,2,2.0,14.4,No,4.4,4.5,4.4,5.0,4.0,42,10.0,2.24,0.147,No,No,0,Churned,No,Yes,No,No,Payment Problems,1784246400000000000,22.8
CUST10180,56,Male,Rivers,High Value,Instagram,2023-04-28,40,10,4,306964.66,116752.52,30255.83,122,Dresses,4,4,Issue Not Resolved,Low,Closed,4,1,No,5.0,0,0.0,No Return,0,0.0,No,No,3.7,5.0,0.0,0,0,0,4.8,4,15.2,17.6,No,3.9,4.4,3.9,4.5,4.7,23,8.5,5.14,0.203,No,No,0,At Risk,Yes,No,Yes,No,Not Churned,,25.9
CUST10181,50,Female,Lagos,Regular,Email,2023-01-09,44,10,1,297509.43,27984.79,32220.4,110,Tops,2,1,Poor Customer Service,Medium,Closed,5,2,No,4.3,0,0.0,No Return,0,0.0,No,No,4.8,3.8,1.0,0,0,0,4.0,1,2.1,10.6,No,4.3,4.5,4.3,4.0,3.9,52,7.5,1.33,0.132,No,No,0,Dormant,Yes,No,No,Yes,Not Churned,,24.7
CUST10182,18,Male,Edo,New Customer,Facebook,2024-08-20,24,7,4,170754.15,101457.28,26145.93,38,Shoes,1,1,Product Not as Described,Medium,Resolved,7,2,No,4.5,2,0.286,Wrong Size,6,30529.95,No,No,3.9,4.9,0.0,0,0,0,4.4,1,12.9,16.6,No,4.4,4.3,4.4,4.6,3.9,46,9.4,5.06,0.16,Yes,No,0,Retained,Yes,No,No,No,Not Churned,,7.2
CUST10183,44,Male,Kaduna,Loyal,Instagram,2023-01-23,43,12,1,264228.91,19352.01,21120.23,14,Trousers,4,3,Return Difficulty,Medium,Resolved,12,3,No,3.8,1,0.083,Late Delivery,5,8294.58,No,No,5.0,4.0,1.0,1,0,0,3.8,4,5.8,16.7,No,3.2,4.0,3.2,3.8,3.4,32,7.3,1.63,0.273,No,Yes,4,Retained,Yes,No,No,No,Not Churned,,2.0
CUST10184,30,Male,Kaduna,Regular,Facebook,2023-08-28,36,14,4,307083.13,76653.6,20904.12,95,Bags,2,0,No Complaint,None,No Complaint,0,0,No,,0,0.0,No Return,0,0.0,No,No,2.9,2.7,0.2,0,0,1,4.4,0,6.6,9.7,Yes,4.4,5.0,4.4,4.8,5.0,78,9.0,2.16,0.435,Yes,No,0,Dormant,Yes,No,No,Yes,Not Churned,,11.8
CUST10185,58,Male,Edo,High Value,Website,2023-01-27,43,14,6,365043.49,174473.7,26819.2,144,Accessories,3,2,Repeated Issue,Low,Resolved,5,3,No,4.0,2,0.143,Not as Expected,3,26415.67,Yes,Yes,4.6,4.3,0.3,1,1,0,4.6,2,12.9,13.1,No,4.0,3.7,4.0,4.3,4.5,38,8.1,9.6,0.404,No,No,0,At Risk,Yes,No,Yes,No,Not Churned,,31.1
CUST10186,20,Female,Anambra,New Customer,Referral,2025-09-10,11,13,4,581282.56,186435.27,45580.64,25,Accessories,3,4,App Crash,High,Resolved,9,2,No,4.7,1,0.077,Wrong Size,1,36348.52,Yes,No,5.3,3.8,1.5,2,1,0,3.8,4,10.9,19.3,No,2.8,4.6,2.8,3.3,3.2,16,5.6,4.47,0.129,No,Yes,5,Retained,Yes,No,No,No,Not Churned,,3.9
CUST10187,56,Female,Abia,Loyal,Google,2026-01-09,7,6,3,198504.38,105664.92,32541.22,58,Shoes,4,2,App Crash,Low,Resolved,4,1,No,3.9,1,0.167,Wrong Size,2,23454.55,No,No,5.6,3.9,1.7,0,0,0,3.7,2,4.3,5.0,No,4.1,3.5,4.1,4.0,3.5,37,8.8,4.96,0.446,Yes,No,0,Retained,Yes,No,No,No,Not Churned,,43.9
CUST10188,23,Other,Rivers,Regular,Website,2023-07-18,38,7,0,207626.19,0.0,26161.89,78,Accessories,2,0,No Complaint,None,No Complaint,0,0,No,,3,0.429,Not as Expected,1,47150.16,Yes,Yes,4.6,4.8,0.0,0,0,0,4.7,2,3.7,12.0,Yes,3.9,4.0,3.9,4.7,4.9,28,8.1,3.69,0.558,Yes,No,0,Dormant,Yes,No,No,Yes,Not Churned,,10.3
CUST10189,25,Male,Enugu,New Customer,Google,2025-02-13,18,12,5,312124.99,152149.14,28259.68,78,Beauty,1,0,No Complaint,None,No Complaint,0,0,No,,0,0.0,No Return,0,0.0,No,No,3.7,3.2,0.5,1,0,2,3.8,0,2.0,4.4,Yes,4.1,4.9,4.1,3.9,3.7,16,7.1,2.36,0.167,No,No,0,Dormant,Yes,No,No,Yes,Not Churned,,12.8
CUST10190,44,Female,Ogun,Loyal,Google,2023-04-02,41,5,1,68900.97,14187.94,13392.97,65,Tops,4,2,Issue Not Resolved,Medium,Resolved,4,1,No,4.6,0,0.0,No Return,0,0.0,No,No,4.5,2.6,1.9,1,0,1,4.1,2,2.7,5.1,No,4.0,4.7,4.0,3.9,4.9,19,6.3,1.56,0.265,No,No,0,Retained,Yes,No,No,No,Not Churned,,10.0
CUST10191,26,Female,Oyo,Regular,Facebook,2025-04-30,16,8,5,177672.44,136305.16,24794.91,42,Accessories,1,4,Poor Customer Service,Low,Resolved,2,0,No,5.0,1,0.125,Damaged,2,9726.69,No,No,5.9,3.4,2.5,1,1,0,2.4,4,5.7,13.0,Yes,4.3,4.3,4.3,3.9,3.8,47,7.6,12.21,0.359,No,No,0,Retained,Yes,No,No,No,Not Churned,,5.7
CUST10192,54,Female,Lagos,Loyal,Google,2026-01-12,7,7,5,323818.33,224851.65,46086.74,22,Dresses,2,2,Late Delivery,Medium,Closed,2,5,Yes,3.4,0,0.0,No Return,0,0.0,No,No,4.2,3.0,1.2,3,0,0,4.3,2,7.2,17.5,No,3.9,2.8,3.9,3.5,3.2,39,9.0,22.08,0.474,Yes,No,0,Retained,Yes,No,No,No,Not Churned,,3.6
CUST10193,50,Male,Lagos,Regular,Google,2023-10-27,34,9,3,163294.19,56459.48,18378.17,57,Bags,3,0,No Complaint,None,No Complaint,0,0,No,,1,0.111,Damaged,1,16128.74,No,No,6.9,3.5,3.4,6,0,0,2.7,0,6.0,9.1,Yes,4.5,4.4,4.5,4.0,3.6,38,10.0,1.62,0.402,No,No,0,Retained,Yes,No,No,No,Not Churned,,15.4
CUST10194,59,Male,Imo,Regular,TikTok,2023-10-23,34,8,2,111718.67,26897.29,15108.0,37,Tops,2,4,Refund Delayed,Medium,Resolved,1,1,No,5.0,1,0.125,Not as Expected,9,11936.16,No,No,1.8,3.1,0.0,1,0,0,4.8,4,11.3,14.1,Yes,3.9,4.5,3.9,4.4,4.7,46,8.8,7.81,0.147,No,Yes,3,Retained,Yes,No,No,No,Not Churned,,19.9
CUST10195,61,Female,Kano,Regular,Facebook,2024-10-08,23,7,3,114880.65,57789.11,17756.03,43,Shoes,1,3,Poor Customer Service,Medium,Escalated,5,1,Yes,4.4,1,0.143,Not as Expected,12,7134.87,No,No,2.1,2.8,0.0,0,1,0,4.5,3,7.9,12.8,No,2.9,4.1,2.9,4.0,3.3,11,8.9,3.14,0.587,No,No,0,Retained,Yes,No,No,No,Not Churned,,13.1
CUST10196,41,Female,Imo,High Value,Referral,2025-09-27,11,14,3,354150.92,71961.43,25257.95,87,Electronics,3,1,Issue Not Resolved,High,Escalated,5,1,Yes,4.1,1,0.071,Poor Quality,3,13023.73,No,No,2.2,5.0,0.0,0,0,0,4.7,2,5.5,13.0,No,3.3,4.2,3.3,4.2,4.7,19,9.9,6.7,0.4,No,No,0,Dormant,Yes,No,No,Yes,Not Churned,,18.5
CUST10197,32,Male,Rivers,Regular,Instagram,2025-12-18,8,8,4,227066.52,134022.06,31047.82,27,Dresses,4,1,Damaged Product,Low,Resolved,2,0,No,5.0,0,0.0,No Return,0,0.0,No,No,2.2,3.1,0.0,0,0,0,5.0,2,1.1,2.1,Yes,4.1,4.4,4.1,4.4,4.3,-3,9.0,4.29,0.764,No,No,0,Retained,Yes,No,No,No,Not Churned,,3.5
CUST10198,49,Male,Oyo,Regular,Facebook,2025-06-27,14,10,2,343245.5,62610.26,35770.01,102,Bags,3,5,Repeated Issue,Medium,Resolved,9,2,No,5.0,0,0.0,No Return,0,0.0,No,No,2.3,3.6,0.0,1,0,0,5.0,5,10.6,20.5,No,4.5,4.7,4.5,5.0,4.7,64,9.0,2.92,0.148,No,Yes,2,At Risk,Yes,No,Yes,No,Not Churned,,19.1
CUST10199,49,Female,,Regular,Google,2025-05-20,15,7,2,282512.28,87861.58,44881.67,51,Trousers,4,3,Damaged Product,High,Resolved,6,0,No,3.9,3,0.429,Wrong Size,8,126486.02,No,No,4.1,2.5,1.6,0,0,0,3.7,3,8.4,15.5,No,3.9,4.0,3.9,3.9,3.5,18,5.7,8.53,0.035,No,No,0,Retained,Yes,No,No,No,Not Churned,,54.5
CUST10200,41,Male,Oyo,Regular,Website,2025-01-22,19,11,2,300606.7,48399.48,28458.56,27,Electronics,4,1,Product Not as Described,Medium,Resolved,3,1,No,4.6,0,0.0,No Return,0,0.0,No,No,5.3,4.8,0.5,0,0,1,4.4,1,3.8,4.9,No,4.4,4.9,4.4,4.7,4.2,16,10.0,2.17,0.201,Yes,Yes,6,Retained,Yes,No,No,No,Not Churned,,3.6
CUST10201,58,Female,Ogun,Regular,Google,2023-12-08,33,11,1,511541.83,43320.94,45409.57,91,Shoes,3,4,Poor Customer Service,Medium,Resolved,5,1,No,4.6,0,0.0,No Return,0,0.0,No,No,6.9,3.9,3.0,4,0,0,2.3,4,9.0,12.7,No,4.3,4.3,4.3,3.2,2.5,13,6.0,14.23,0.481,No,No,0,Churned,No,Yes,No,No,Website/App Problems,1768435200000000000,56.2
CUST10202,29,Female,Enugu,High Value,TikTok,2023-03-03,42,14,4,272949.51,62830.02,18038.1,37,Shoes,3,1,Poor Customer Service,High,Resolved,5,4,Yes,4.1,0,0.0,No Return,0,0.0,No,No,6.1,5.1,1.0,1,0,2,3.5,1,6.1,7.9,No,3.6,3.5,3.6,3.2,3.3,31,8.1,2.04,0.304,Yes,No,0,Retained,Yes,No,No,No,Not Churned,,5.0
CUST10203,56,Male,Kaduna,Regular,Facebook,2025-02-14,18,11,3,692061.43,164486.32,56977.1,35,Tops,1,3,Refund Delayed,Medium,Resolved,8,1,No,4.6,0,0.0,No Return,0,0.0,No,No,1.0,2.7,0.0,0,0,0,3.9,3,2.8,10.7,No,5.0,4.8,5.0,3.9,4.0,30,7.0,4.68,0.07,No,No,0,Retained,Yes,No,No,No,Not Churned,,4.6
CUST10204,19,Male,Oyo,Loyal,Instagram,2024-09-16,23,10,2,369271.65,75202.67,38021.52,218,Electronics,3,1,Wrong Product,High,Resolved,3,1,No,4.2,0,0.0,No Return,0,0.0,No,No,1.4,3.0,0.0,0,0,1,3.7,1,4.3,4.6,No,4.8,4.9,4.8,4.7,5.0,51,7.4,2.47,0.112,Yes,No,0,At Risk,Yes,No,Yes,No,Not Churned,,41.1
CUST10205,20,Male,Lagos,New Customer,Instagram,2023-09-13,36,16,1,221465.09,12981.78,12211.62,40,Shoes,5,0,No Complaint,None,No Complaint,0,0,No,,1,0.062,Late Delivery,4,7837.35,No,No,3.2,3.3,0.0,1,0,0,3.9,2,13.8,16.8,Yes,4.5,4.7,4.5,4.1,3.9,37,10.0,9.09,0.113,No,No,0,Retained,Yes,No,No,No,Not Churned,,15.9
CUST10206,54,Male,Anambra,Loyal,Google,2025-04-07,17,8,3,254732.87,93390.8,33695.94,58,Accessories,3,3,Unexpected Charge,Low,Resolved,10,3,No,3.4,1,0.125,Duplicate Order,2,29795.83,Yes,Yes,5.0,5.2,0.0,0,0,0,4.6,3,2.9,10.0,No,3.3,5.0,3.3,4.3,3.7,60,8.5,1.16,0.613,Yes,Yes,6,Retained,Yes,No,No,No,Not Churned,,8.9
CUST10207,34,Male,Plateau,High Value,Instagram,2025-10-10,10,21,1,1843105.85,96521.35,97328.97,87,Shoes,1,0,No Complaint,None,No Complaint,0,0,No,,0,0.0,No Return,0,0.0,No,No,4.3,3.6,0.7,1,1,0,4.0,1,0.3,7.5,Yes,3.5,4.4,3.5,3.9,4.6,32,7.9,4.83,0.235,No,No,0,Dormant,Yes,No,No,Yes,Not Churned,,10.8
CUST10208,19,Female,Rivers,New Customer,Instagram,2024-09-06,24,11,3,1064036.65,222601.25,85621.05,8,Bags,5,0,No Complaint,None,No Complaint,0,0,No,,0,0.0,No Return,0,0.0,No,No,1.4,3.1,0.0,0,0,0,4.1,2,5.3,8.8,Yes,4.5,4.5,4.5,4.5,4.5,62,8.7,10.63,0.109,No,Yes,4,Retained,Yes,No,No,No,Not Churned,,11.6
CUST10209,19,Female,Edo,High Value,Website,2023-09-02,36,11,0,357956.64,0.0,31724.64,15,Shoes,5,3,Product Not as Described,Medium,Resolved,4,1,No,4.7,1,0.091,Late Delivery,2,26796.4,No,No,4.7,4.9,0.0,1,0,0,3.4,3,2.2,8.9,No,4.8,3.7,4.8,3.2,1.9,23,8.1,3.71,0.373,No,No,0,Retained,Yes,No,No,No,Not Churned,,2.7
CUST10210,45,Female,Abia,Regular,Instagram,2025-01-26,19,6,2,249348.07,82098.06,42629.18,30,Beauty,2,4,Long Waiting Time,Low,Resolved,6,2,No,5.0,1,0.167,Wrong Item,6,17935.59,No,No,5.3,3.4,1.9,2,0,0,4.0,4,5.0,7.8,No,4.4,5.0,4.4,4.0,4.0,-21,9.4,3.28,0.419,No,No,0,Retained,Yes,No,No,No,Not Churned,,4.7
CUST10211,40,Female,Abuja,High Value,Referral,2025-04-03,17,9,1,189636.17,17141.04,18771.38,36,Electronics,5,3,Product Not as Described,Low,Closed,7,1,No,3.7,0,0.0,No Return,0,0.0,No,No,4.0,3.5,0.5,0,0,0,3.5,3,3.9,10.3,No,4.9,2.9,4.9,3.6,3.3,21,7.6,3.48,0.53,No,No,0,Retained,Yes,No,No,No,Not Churned,,8.3
CUST10212,54,Male,Delta,Loyal,Google,2025-02-18,18,16,3,302035.48,50204.43,17327.27,87,Beauty,4,1,Late Delivery,Low,Escalated,5,1,Yes,4.2,0,0.0,No Return,0,0.0,No,No,4.9,4.5,0.4,0,0,1,3.8,1,3.9,10.4,No,2.3,3.5,2.3,3.1,2.6,3,7.8,0.69,0.296,No,No,0,Dormant,Yes,No,No,Yes,Not Churned,,11.9
CUST10213,49,Other,Abia,Regular,Referral,2025-01-01,20,14,2,451979.22,56714.33,29222.85,51,Dresses,1,2,Poor Product Quality,Low,Resolved,1,2,No,4.1,0,0.0,No Return,0,0.0,No,No,5.4,3.7,1.7,4,0,0,3.1,2,6.5,9.9,No,4.3,4.2,4.3,3.7,4.2,46,8.8,2.8,0.129,No,No,0,Retained,Yes,No,No,No,Not Churned,,13.7
CUST10214,50,Female,Delta,Regular,Referral,2025-05-27,15,12,6,291395.95,157380.67,25322.94,7,Trousers,2,1,Missing Product,Medium,Closed,1,0,No,5.0,0,0.0,No Return,0,0.0,No,No,1.9,2.5,0.0,1,1,2,3.8,1,3.7,5.0,Yes,4.2,3.7,4.2,4.1,4.3,26,7.9,2.4,0.696,No,No,0,Retained,Yes,No,No,No,Not Churned,,1.1
CUST10215,18,Female,Abuja,Regular,Google,2024-05-30,27,8,3,306750.85,112743.24,34363.19,109,Beauty,3,1,Product Not as Described,Low,Resolved,3,1,No,5.0,0,0.0,No Return,0,0.0,No,No,3.9,5.5,0.0,0,0,0,3.2,1,6.6,12.5,No,4.3,3.8,4.3,3.2,3.0,-8,8.8,1.52,0.128,No,No,0,Dormant,Yes,No,No,Yes,Not Churned,,14.3
CUST10216,36,Male,Oyo,New Customer,Facebook,2024-04-18,28,8,2,365419.77,77600.89,43278.19,73,Accessories,5,2,Return Difficulty,Critical,Closed,2,0,No,3.9,0,0.0,No Return,0,0.0,No,No,1.9,3.2,0.0,0,1,0,4.5,2,7.8,8.6,Yes,4.4,3.7,4.4,4.1,2.4,71,9.0,2.05,0.401,No,No,0,Retained,Yes,No,No,No,Not Churned,,9.3
CUST10217,19,Female,Rivers,New Customer,TikTok,2023-02-05,43,9,4,412927.09,146854.56,42511.17,10,Accessories,2,0,No Complaint,None,No Complaint,0,0,No,,0,0.0,No Return,0,0.0,No,No,4.9,3.2,1.7,1,0,0,3.6,3,1.9,11.3,Yes,4.4,5.0,4.4,4.3,4.0,38,8.2,3.62,0.08,No,No,0,Retained,Yes,No,No,No,Not Churned,,1.4
CUST10218,61,Female,Oyo,New Customer,Website,2025-11-06,9,8,0,402828.4,0.0,52214.8,46,Trousers,4,1,Wrong Product,Medium,Pending,1,2,No,5.0,0,0.0,No Return,0,0.0,No,No,2.5,2.9,0.0,0,0,1,4.5,3,4.8,7.7,No,4.7,4.8,4.7,4.5,5.0,52,10.0,8.23,0.249,No,No,0,Retained,Yes,No,No,No,Not Churned,,6.7
CUST10219,43,Male,Ogun,Regular,Facebook,2025-04-09,17,9,3,347573.43,131163.05,40817.1,67,Beauty,2,2,Exchange Difficulty,Medium,Closed,1,0,No,4.1,1,0.111,Late Delivery,4,18836.21,Yes,No,2.3,3.0,0.0,0,0,0,3.8,2,1.0,9.5,Yes,4.3,4.2,4.3,3.9,3.5,5,6.7,0.71,0.31,Yes,No,0,Churned,No,Yes,No,No,Inactive,1779753600000000000,52.8
CUST10220,49,Male,Ogun,Loyal,Instagram,2025-12-07,8,6,2,326754.65,109033.87,54997.59,138,Tops,4,3,Unexpected Charge,Low,Resolved,7,1,No,4.9,0,0.0,No Return,0,0.0,No,No,3.8,4.0,0.0,0,0,1,4.8,3,9.3,12.3,No,3.9,3.3,3.9,3.6,3.7,26,9.0,0.15,0.151,No,No,0,At Risk,Yes,No,Yes,No,Not Churned,,26.7
CUST10221,23,Female,Ogun,New Customer,Website,2025-12-21,8,13,0,705729.49,0.0,52435.52,37,Beauty,2,1,Refund Rejected,Medium,Resolved,9,2,No,3.7,0,0.0,No Return,0,0.0,No,No,4.7,5.3,0.0,0,0,0,4.2,1,5.0,13.3,No,4.0,4.2,4.0,4.3,4.2,29,7.4,0.61,0.313,No,No,0,Retained,Yes,No,No,No,Not Churned,,5.2
CUST10222,49,Female,Plateau,New Customer,Google,2025-12-28,8,6,1,185555.66,27880.3,29180.47,30,Shoes,2,2,Order Cancellation,Medium,Resolved,14,3,No,3.1,3,0.5,Not as Expected,8,46290.19,No,No,4.5,4.6,0.0,0,0,1,3.1,2,2.5,14.0,No,3.7,3.0,3.7,2.8,2.5,-23,6.0,3.11,0.246,Yes,No,0,At Risk,Yes,No,Yes,No,Not Churned,,12.2
CUST10223,21,Male,Edo,Loyal,Referral,2024-01-01,32,19,3,230944.09,36437.28,11981.81,67,Tops,3,2,Unexpected Charge,Medium,Escalated,8,0,Yes,4.3,0,0.0,No Return,0,0.0,No,No,5.2,4.5,0.7,1,0,1,2.7,3,5.6,10.6,No,2.9,4.7,2.9,3.5,3.4,21,6.7,2.75,0.067,No,No,0,Retained,Yes,No,No,No,Not Churned,,8.6
CUST10224,28,Female,Rivers,Regular,Google,2026-03-31,5,9,3,171262.48,49786.24,17806.01,4,Accessories,3,2,Website Error,High,Resolved,3,2,No,5.0,1,0.111,Poor Quality,7,12366.05,No,No,2.5,3.6,0.0,0,0,1,5.0,2,7.6,9.9,No,4.0,4.5,4.0,4.1,4.5,34,8.4,4.59,0.375,Yes,No,0,Churned,No,Yes,No,No,Inactive,1780272000000000000,37.8
CUST10225,34,Female,Imo,New Customer,Instagram,2025-08-02,13,15,3,682234.63,135170.31,42457.25,21,Beauty,3,1,Return Difficulty,Low,Escalated,6,3,Yes,3.5,0,0.0,No Return,0,0.0,No,No,2.2,4.9,0.0,0,0,1,4.4,1,0.3,6.0,No,4.2,3.9,4.2,4.4,4.4,34,9.0,8.56,0.349,No,No,0,Retained,Yes,No,No,No,Not Churned,,13.1
CUST10226,55,Male,Imo,New Customer,Referral,2025-09-02,12,13,1,477762.79,31422.44,34675.97,82,Electronics,2,1,Poor Customer Service,High,Escalated,1,4,Yes,5.0,0,0.0,No Return,0,0.0,No,No,3.3,3.9,0.0,0,1,0,4.5,1,6.2,9.8,No,4.5,4.6,4.5,4.4,4.2,26,8.5,4.83,0.31,Yes,No,0,Dormant,Yes,No,No,Yes,Not Churned,,25.9
CUST10227,41,Female,Abia,High Value,Referral,2024-03-06,30,12,7,970484.38,562131.78,85328.36,110,Accessories,5,2,Order Cancellation,Low,Resolved,10,0,No,4.7,0,0.0,No Return,0,0.0,No,No,3.7,3.9,0.0,0,0,1,4.0,4,9.6,15.0,No,3.4,5.0,3.4,4.5,4.8,45,9.2,9.01,0.336,Yes,No,0,Dormant,Yes,No,No,Yes,Not Churned,,26.0
CUST10228,22,Male,Abuja,Loyal,Facebook,2025-05-08,16,14,2,210384.03,32415.96,15019.79,26,Shoes,2,1,Exchange Difficulty,Low,Resolved,3,0,No,5.0,1,0.071,Poor Quality,12,11170.39,No,No,7.2,5.5,1.7,2,0,0,3.9,1,9.5,24.8,No,4.2,3.7,4.2,4.2,3.5,41,10.0,3.65,0.174,No,Yes,2,Churned,No,Yes,No,No,Competitor,1773619200000000000,44.4
CUST10229,51,Female,Cross River,Regular,Google,2023-08-18,37,10,1,533581.55,48774.07,49098.74,39,Dresses,3,1,Unexpected Charge,High,Pending,3,1,No,5.0,1,0.1,Poor Quality,2,37752.77,Yes,Yes,5.2,4.3,0.9,1,0,0,4.6,1,4.0,10.5,No,4.2,3.9,4.2,3.5,3.7,6,6.6,8.97,0.225,No,No,0,Churned,No,Yes,No,No,Relocated,1780099200000000000,10.9
CUST10230,23,Male,Ogun,Loyal,Website,2024-01-05,32,8,4,284300.08,108129.81,31744.67,52,Accessories,2,0,No Complaint,None,No Complaint,0,0,No,,0,0.0,No Return,0,0.0,No,No,4.4,5.1,0.0,0,0,0,4.4,3,9.5,17.0,Yes,4.5,3.9,4.5,4.9,5.0,68,10.0,5.02,0.094,No,No,0,Churned,No,Yes,No,No,Lack of Product Availability,1767312000000000000,9.7
CUST10231,39,Female,Ogun,Regular,Referral,2023-06-27,38,10,2,220719.18,39608.62,21738.96,50,Tops,5,0,No Complaint,None,No Complaint,0,0,No,,2,0.2,Wrong Size,8,16165.51,No,No,4.8,4.1,0.7,1,0,0,4.6,3,1.1,13.9,Yes,3.9,4.1,3.9,4.3,3.7,26,9.1,13.55,0.362,Yes,No,0,Retained,Yes,No,No,No,Not Churned,,8.6
CUST10232,28,Female,Cross River,Loyal,Instagram,2024-07-21,25,7,3,600718.61,233174.17,74855.58,60,Shoes,4,1,Late Delivery,Medium,Pending,1,2,No,3.7,0,0.0,No Return,0,0.0,No,No,5.6,3.0,2.6,0,0,2,2.5,7,5.5,14.3,No,2.5,5.0,2.5,3.5,3.3,-6,4.6,8.08,0.31,No,No,0,Churned,No,Yes,No,No,Price Too High,1768608000000000000,15.1
CUST10233,65,Female,Oyo,Loyal,Referral,2025-03-03,18,10,1,175502.71,16335.79,18928.81,99,Tops,1,1,Website Error,High,Resolved,3,2,No,4.0,0,0.0,No Return,0,0.0,No,No,7.5,5.5,2.0,2,0,3,3.9,1,17.8,19.0,No,4.2,4.4,4.2,4.1,3.7,39,7.7,0.63,0.185,No,No,0,Churned,No,Yes,No,No,Competitor,1783555200000000000,50.2
CUST10234,33,Female,Kano,Loyal,TikTok,2025-06-18,14,5,2,177170.49,82748.73,37672.51,97,Dresses,3,4,Long Waiting Time,Medium,Resolved,1,1,No,4.5,1,0.2,Product Description Inaccurate,3,13412.08,No,No,4.2,4.5,0.0,0,0,0,5.0,4,4.8,13.2,Yes,3.5,3.9,3.5,4.5,4.5,35,9.6,12.03,0.132,No,No,0,Churned,No,Yes,No,No,Relocated,1775692800000000000,58.9
CUST10235,50,Male,Lagos,Regular,Website,2025-09-01,12,11,0,644005.66,0.0,58289.33,105,Electronics,2,3,Damaged Product,Low,Resolved,7,3,No,3.9,2,0.182,Wrong Item,3,44340.77,Yes,Yes,3.5,2.9,0.6,0,0,1,3.4,3,16.9,20.3,No,3.3,4.3,3.3,3.6,3.2,30,8.4,1.41,0.064,No,No,0,Dormant,Yes,No,No,Yes,Not Churned,,14.8
CUST10236,26,Other,Anambra,New Customer,Referral,2023-03-23,41,11,0,239732.73,0.0,21422.0,192,Accessories,5,0,No Complaint,None,No Complaint,0,0,No,,2,0.182,Defective,6,25120.43,Yes,Yes,6.2,4.7,1.5,2,0,1,3.1,2,2.3,7.2,Yes,4.3,3.9,4.3,3.6,4.0,-42,6.1,2.22,0.631,Yes,No,0,At Risk,Yes,No,Yes,No,Not Churned,,26.2
CUST10237,23,Female,Plateau,Regular,Instagram,2025-04-25,16,9,2,118715.59,28483.75,13262.12,69,Dresses,3,0,No Complaint,None,No Complaint,0,0,No,,1,0.111,Damaged,12,9216.65,Yes,Yes,6.3,3.8,2.5,0,0,2,4.1,0,13.4,19.4,Yes,3.6,4.3,3.6,4.0,4.9,16,9.2,0.73,0.537,Yes,No,0,Retained,Yes,No,No,No,Not Churned,,19.3
CUST10238,33,Female,Kaduna,Loyal,TikTok,2025-01-31,19,13,3,557127.31,132266.78,43019.11,51,Tops,3,0,No Complaint,None,No Complaint,0,0,No,,0,0.0,No Return,0,0.0,No,No,5.2,5.0,0.2,1,0,0,4.5,1,4.8,8.4,Yes,5.0,4.6,5.0,4.5,4.5,24,9.2,0.59,0.479,Yes,No,0,Retained,Yes,No,No,No,Not Churned,,6.9
CUST10239,46,Male,Anambra,Regular,TikTok,2024-09-09,24,9,3,503351.47,158624.66,55288.93,25,Accessories,4,5,Repeated Issue,Medium,Resolved,3,1,No,4.6,0,0.0,No Return,0,0.0,No,No,3.7,3.3,0.4,0,0,1,4.0,5,6.0,8.1,No,2.5,4.6,2.5,4.1,3.6,41,10.0,0.92,0.117,No,No,0,At Risk,Yes,No,Yes,No,Not Churned,,8.2
CUST10240,20,Male,Edo,Loyal,Instagram,2026-01-02,8,8,3,194021.94,67682.89,25094.8,36,Accessories,1,1,Discount Not Applied,High,Resolved,3,1,No,4.0,0,0.0,No Return,0,0.0,No,No,5.3,5.3,0.0,1,0,1,3.4,1,7.8,9.8,No,3.9,3.6,3.9,3.5,4.3,4,6.0,8.6,0.202,Yes,No,0,Retained,Yes,No,No,No,Not Churned,,5.6
CUST10241,37,Male,Oyo,High Value,Google,2025-10-30,10,15,7,206092.37,94568.68,15010.02,89,Shoes,2,2,Rude Staff,High,Resolved,7,3,No,3.8,3,0.2,Wrong Color,5,25734.79,Yes,No,2.5,3.4,0.0,0,0,1,4.0,2,3.1,7.0,No,3.6,4.0,3.6,4.5,4.4,7,8.3,6.65,0.117,No,No,0,Dormant,Yes,No,No,Yes,Not Churned,,14.4
CUST10242,53,Female,Plateau,New Customer,Google,2023-08-04,37,9,0,369013.19,0.0,36024.68,70,Bags,2,0,No Complaint,None,No Complaint,0,0,No,,0,0.0,No Return,0,0.0,No,No,5.2,5.5,0.0,1,0,0,4.8,4,24.6,35.9,Yes,3.4,3.6,3.4,4.2,4.6,7,6.7,1.59,0.278,No,Yes,6,Retained,Yes,No,No,No,Not Churned,,34.7
CUST10243,36,Female,Plateau,Loyal,TikTok,2023-10-17,35,4,4,121657.83,106028.23,27784.73,13,Tops,3,0,No Complaint,None,No Complaint,0,0,No,,0,0.0,No Return,0,0.0,No,No,5.8,4.6,1.2,0,0,0,3.2,0,9.3,33.8,Yes,3.3,3.7,3.3,3.5,3.2,-17,7.9,1.99,0.202,No,No,0,Retained,Yes,No,No,No,Not Churned,,2.0
CUST10244,43,Male,Enugu,Loyal,Facebook,2024-03-20,29,14,1,201643.81,13077.78,13093.47,68,Electronics,5,2,Delivery Fee,Medium,Closed,3,1,No,5.0,3,0.214,Product Description Inaccurate,5,19664.89,Yes,Yes,8.6,5.4,3.2,3,1,1,2.9,2,12.7,27.3,No,4.2,4.5,4.2,3.7,3.7,24,9.2,0.48,0.375,Yes,Yes,4,Churned,No,Yes,No,No,Better Alternative,1781308800000000000,31.8
CUST10245,20,Female,Ogun,High Value,Referral,2025-07-11,13,13,4,537649.36,157658.09,42264.69,44,Trousers,3,2,Poor Customer Service,Low,Resolved,2,1,No,3.6,2,0.154,Changed Mind,6,47762.06,No,No,3.5,4.7,0.0,0,0,1,4.2,2,4.3,9.8,Yes,5.0,4.8,5.0,4.7,4.5,44,9.3,1.96,0.107,No,No,0,Retained,Yes,No,No,No,Not Churned,,5.7
CUST10246,36,Male,Rivers,High Value,Website,2024-07-05,26,9,1,202148.83,20609.46,22709.68,79,Accessories,4,2,Poor Customer Service,Low,Escalated,3,0,Yes,4.8,1,0.111,Duplicate Order,8,15484.49,No,No,6.7,4.8,1.9,3,0,0,3.5,2,5.9,9.4,No,3.1,4.5,3.1,3.8,3.5,9,7.7,0.47,0.128,Yes,No,0,Churned,No,Yes,No,No,Lack of Product Availability,1770336000000000000,63.8
CUST10247,37,Female,Imo,Loyal,Website,2023-07-12,38,8,3,388994.59,136402.21,42928.65,274,Bags,1,1,Missing Product,High,Closed,1,1,No,4.0,2,0.25,Damaged,7,41975.33,No,No,5.6,2.9,2.7,4,1,0,3.8,2,9.2,12.6,Yes,2.2,4.2,2.2,3.1,2.7,-9,5.4,11.08,0.337,No,No,0,Churned,No,Yes,No,No,Price Too High,1772841600000000000,43.5
CUST10248,49,Male,Imo,Regular,Website,2023-10-16,35,7,4,772093.9,416997.13,96526.14,122,Accessories,4,5,Refund Delayed,High,Resolved,5,1,No,4.6,0,0.0,No Return,0,0.0,No,No,2.5,2.5,0.0,1,0,0,3.9,5,8.9,15.6,No,2.5,4.3,2.5,3.8,3.9,-20,7.6,3.05,0.241,No,No,0,Churned,No,Yes,No,No,Too Many Delivery Problems,1775692800000000000,27.3
CUST10249,24,,Plateau,Loyal,Email,2024-08-05,25,7,4,250276.94,129376.61,31514.86,74,Trousers,5,0,No Complaint,None,No Complaint,0,0,No,,0,0.0,No Return,0,0.0,No,No,3.3,2.8,0.5,1,0,0,4.1,0,7.3,20.5,Yes,3.8,4.6,3.8,4.2,4.2,45,8.5,7.4,0.434,Yes,No,0,Retained,Yes,No,No,No,Not Churned,,21.3
CUST10250,58,Male,Oyo,New Customer,Instagram,2026-03-13,5,10,1,350950.19,29661.55,33312.72,169,Shoes,2,0,No Complaint,None,No Complaint,0,0,No,,1,0.1,Product Description Inaccurate,4,24219.69,No,No,4.1,3.8,0.3,0,0,0,4.2,1,6.3,8.4,Yes,4.0,4.1,4.0,4.0,3.8,32,8.5,7.22,0.056,No,Yes,4,At Risk,Yes,No,Yes,No,Not Churned,,23.2
CUST10251,50,Female,Rivers,Loyal,Referral,2025-05-06,16,10,2,320448.61,59178.56,33890.78,18,Accessories,5,3,Missing Product,Critical,Resolved,1,0,No,4.5,0,0.0,No Return,0,0.0,No,No,6.4,3.7,2.7,2,0,1,3.3,3,5.7,6.4,Yes,3.9,3.5,3.9,3.5,2.9,26,7.4,2.03,0.336,Yes,No,0,Retained,Yes,No,No,No,Not Churned,,5.1
CUST10252,57,Male,Kaduna,High Value,Google,2025-02-19,18,18,3,572165.12,90007.42,30466.45,193,Trousers,4,2,Account Issue,Medium,Resolved,5,0,No,4.8,1,0.056,Damaged,2,14943.05,No,No,1.9,3.1,0.0,1,0,0,5.0,2,9.2,11.9,No,4.3,4.3,4.3,3.9,3.8,16,7.4,1.93,0.085,Yes,No,0,Churned,No,Yes,No,No,Refund Problems,1785024000000000000,74.3
CUST10253,56,Female,Kano,Regular,Website,2025-06-14,14,14,4,266069.61,72254.55,18290.66,84,Beauty,2,1,Missing Product,Medium,Resolved,6,1,No,5.0,0,0.0,No Return,0,0.0,No,No,2.7,2.6,0.1,0,0,0,3.9,1,5.4,7.7,No,3.4,3.2,3.4,4.3,4.1,43,7.5,1.13,0.308,No,No,0,Dormant,Yes,No,No,Yes,Not Churned,,12.3
CUST10254,35,Male,Cross River,Loyal,Facebook,2025-07-08,14,11,1,459513.14,37489.21,37125.0,113,Tops,1,5,Unexpected Charge,Medium,Resolved,2,0,No,5.0,0,0.0,No Return,0,0.0,No,No,5.7,4.6,1.1,2,0,0,4.3,5,5.6,16.8,Yes,2.8,3.1,2.8,3.4,2.8,13,5.1,0.43,0.282,Yes,No,0,At Risk,Yes,No,Yes,No,Not Churned,,52.3
CUST10255,57,Male,Anambra,Regular,Email,2024-07-17,25,11,3,258745.76,78793.19,24396.96,79,Electronics,3,1,Late Delivery,Low,Resolved,1,3,No,5.0,1,0.091,Changed Mind,2,22659.63,No,No,2.4,3.1,0.0,0,0,1,4.5,2,6.2,8.6,No,5.0,4.1,5.0,4.5,4.0,66,9.7,5.24,0.366,No,No,0,Dormant,Yes,No,No,Yes,Not Churned,,10.0
CUST10256,18,Male,Abia,Regular,Referral,2023-01-13,44,13,4,313469.21,104455.28,25811.86,62,Dresses,1,5,Damaged Product,Low,Resolved,4,0,No,3.9,1,0.077,Product Description Inaccurate,12,19235.39,No,No,3.4,5.4,0.0,1,0,0,4.8,5,12.0,12.7,No,4.0,4.7,4.0,4.3,3.4,39,8.8,3.24,0.204,Yes,No,0,At Risk,Yes,No,Yes,No,Not Churned,,46.0
CUST10257,28,Male,Lagos,Regular,Website,2025-09-13,11,12,3,256831.03,72793.5,22487.19,50,Trousers,3,2,Discount Not Applied,High,Closed,3,1,No,4.3,0,0.0,No Return,0,0.0,No,No,1.8,2.8,0.0,0,1,1,3.9,2,8.0,12.4,No,3.2,4.5,3.2,4.1,4.2,20,7.6,10.48,0.42,No,No,0,Churned,No,Yes,No,No,No Longer Needed,1782777600000000000,52.0
CUST10258,45,Male,Cross River,Loyal,Instagram,2023-12-06,33,10,2,376470.12,70021.1,39810.76,217,Accessories,1,1,Account Issue,Low,Resolved,4,1,No,4.4,0,0.0,No Return,0,0.0,No,No,2.1,3.6,0.0,1,0,0,3.8,1,5.8,9.9,No,4.3,4.5,4.3,4.0,3.5,16,6.6,2.17,0.048,Yes,No,0,Churned,No,Yes,No,No,Poor Customer Service,1770508800000000000,72.8
CUST10259,42,Male,Kaduna,High Value,Facebook,2025-05-14,15,9,0,208730.95,0.0,21981.92,178,Trousers,2,3,Wrong Product,Low,Closed,4,0,No,5.0,0,0.0,No Return,0,0.0,No,No,4.7,3.9,0.8,0,0,0,4.5,3,2.5,4.8,No,3.9,3.7,3.9,4.0,4.9,30,7.4,9.98,0.547,No,Yes,2,At Risk,Yes,No,Yes,No,Not Churned,,67.2
CUST10260,40,Female,Kaduna,High Value,TikTok,2023-11-08,34,11,1,464757.39,41578.24,38432.17,83,Electronics,2,1,Poor Product Quality,Low,Resolved,4,1,No,4.0,0,0.0,No Return,0,0.0,No,No,5.2,3.2,2.0,5,1,0,3.1,1,3.2,4.2,No,4.5,4.3,4.5,4.3,4.0,22,8.8,11.95,0.427,No,No,0,Dormant,Yes,No,No,Yes,Not Churned,,41.7
CUST10261,48,Male,Anambra,New Customer,Instagram,2025-01-02,20,6,5,238363.06,195859.51,40563.16,76,Beauty,2,4,Refund Delayed,Medium,Closed,9,3,No,4.6,3,0.5,Defective,10,80070.46,Yes,No,4.7,4.0,0.7,0,0,0,4.7,4,3.8,9.0,No,3.7,4.0,3.7,3.7,3.5,-7,8.8,3.01,0.336,Yes,Yes,3,Churned,No,Yes,No,No,Lack of Product Availability,1776556800000000000,35.9
CUST10262,47,Female,Kaduna,Loyal,Website,2026-02-01,7,8,3,244747.18,108031.01,32980.12,66,Shoes,3,4,Poor Customer Service,High,Resolved,1,2,No,4.7,0,0.0,No Return,0,0.0,No,No,1.6,2.9,0.0,0,0,0,3.8,4,5.6,15.7,No,4.3,4.3,4.3,4.4,4.4,18,7.1,10.76,0.621,No,Yes,2,Retained,Yes,No,No,No,Not Churned,,8.6
CUST10263,59,Female,Abia,Loyal,Instagram,2023-12-05,33,15,3,237463.28,48249.19,16276.29,22,Accessories,2,3,Late Delivery,High,Closed,1,2,No,4.7,1,0.067,Defective,7,15064.05,No,No,3.5,2.5,1.0,2,0,0,4.9,3,2.5,4.4,No,3.3,4.1,3.3,4.7,4.6,34,9.8,2.56,0.44,Yes,No,0,Retained,Yes,No,No,No,Not Churned,,4.0
CUST10264,52,Female,Enugu,Regular,Referral,2023-10-27,34,13,0,319809.12,0.0,23940.64,191,Accessories,5,2,Refund Rejected,Low,Closed,1,3,No,3.9,0,0.0,No Return,0,0.0,No,No,4.5,4.6,0.0,0,0,0,5.0,2,2.4,5.5,No,3.8,3.8,3.8,4.5,4.0,57,8.9,2.12,0.256,No,No,0,Churned,No,Yes,No,No,Poor Customer Service,1778457600000000000,32.1
CUST10265,24,Female,Enugu,New Customer,Google,2023-12-25,32,14,2,455448.71,63695.66,30707.67,62,Dresses,3,4,Poor Customer Service,Low,Resolved,5,0,No,5.0,0,0.0,No Return,0,0.0,No,No,7.6,5.0,2.6,3,0,0,3.2,4,14.5,17.0,No,3.0,4.7,3.0,4.1,4.6,11,5.8,10.25,0.614,No,No,0,Churned,No,Yes,No,No,Payment Problems,1767225600000000000,26.2
CUST10266,33,Male,Imo,Regular,Referral,2023-06-18,39,9,5,157376.16,81989.91,17002.59,171,Electronics,2,6,Missing Product,Low,Resolved,10,2,No,4.2,0,0.0,No Return,0,0.0,No,No,4.0,4.2,0.0,0,0,0,4.0,6,2.3,14.9,No,2.8,4.6,2.8,3.3,2.9,4,9.4,3.52,0.543,No,No,0,At Risk,Yes,No,Yes,No,Not Churned,,32.6
CUST10267,43,Male,Delta,High Value,TikTok,2026-03-18,5,10,1,353052.86,31930.49,37190.19,86,Tops,2,1,Discount Not Applied,High,Closed,6,3,No,3.2,2,0.2,Changed Mind,2,65256.47,Yes,Yes,2.5,3.2,0.0,0,0,1,3.9,1,8.7,12.1,No,3.9,3.9,3.9,3.7,3.5,15,7.0,6.52,0.581,Yes,No,0,Dormant,Yes,No,No,Yes,Not Churned,,35.9
CUST10268,65,Male,Delta,Loyal,Google,2025-01-30,19,5,5,359441.97,323264.93,63738.47,7,Shoes,1,2,Refund Delayed,Medium,Resolved,7,2,No,4.4,0,0.0,No Return,0,0.0,No,No,4.9,3.7,1.2,1,1,1,3.4,2,3.2,8.3,No,4.1,4.2,4.1,3.9,4.0,18,6.7,5.64,0.413,No,No,0,Retained,Yes,No,No,No,Not Churned,,2.7
CUST10269,19,Female,Enugu,Loyal,Instagram,2025-02-06,19,9,3,366356.44,111764.17,40779.29,245,Tops,5,4,Duplicate Charge,High,Resolved,2,0,No,5.0,1,0.111,Not as Expected,3,27994.35,No,No,4.0,4.4,0.0,0,0,0,4.5,4,7.8,9.5,Yes,3.5,5.0,3.5,5.0,5.0,83,8.4,1.88,0.16,No,No,0,Churned,No,Yes,No,No,Better Alternative,1786060800000000000,65.8
CUST10270,18,Female,Abuja,Regular,Instagram,2025-09-08,11,7,1,124282.83,16308.77,17685.33,54,Accessories,5,2,Delivery Fee,Low,Resolved,4,1,No,5.0,1,0.143,Duplicate Order,5,16124.36,No,No,3.0,2.6,0.4,0,0,0,4.5,2,7.1,17.1,No,4.3,4.2,4.3,4.0,3.0,31,7.4,14.55,0.349,Yes,No,0,Retained,Yes,No,No,No,Not Churned,,21.0
CUST10271,65,Female,Kano,Loyal,Referral,2023-02-11,43,13,1,1522314.02,87728.38,102612.77,25,Beauty,3,1,Refund Delayed,Low,Closed,2,0,No,4.9,0,0.0,No Return,0,0.0,No,No,1.0,2.8,0.0,0,0,0,4.4,1,17.3,24.2,Yes,4.2,3.8,4.2,3.8,3.8,-17,7.8,5.11,0.224,No,Yes,4,Retained,Yes,No,No,No,Not Churned,,3.2
CUST10272,29,Female,Rivers,New Customer,Referral,2023-07-21,37,8,1,221986.37,24634.84,24898.44,28,Accessories,5,1,Refund Rejected,Low,Closed,4,0,No,5.0,3,0.375,Wrong Color,5,35249.89,Yes,Yes,5.0,5.4,0.0,0,1,0,3.6,1,2.7,5.1,No,3.8,4.4,3.8,4.2,4.2,-1,9.1,4.29,0.292,Yes,Yes,4,Retained,Yes,No,No,No,Not Churned,,4.5
CUST10273,22,Female,Cross River,Regular,TikTok,2025-08-27,12,17,1,673984.85,33312.23,36117.73,64,Tops,2,0,No Complaint,None,No Complaint,0,0,No,,0,0.0,No Return,0,0.0,No,No,5.0,4.5,0.5,0,0,0,4.1,1,1.0,2.7,Yes,5.0,4.2,5.0,4.7,4.7,51,9.5,1.03,0.065,Yes,No,0,Retained,Yes,No,No,No,Not Churned,,8.7
CUST10274,54,Female,Plateau,Loyal,Referral,2024-04-08,29,10,1,214562.55,25295.1,23087.96,52,Trousers,3,2,Failed Payment,Medium,Resolved,12,3,No,2.9,0,0.0,No Return,0,0.0,No,No,5.4,4.6,0.8,0,0,0,3.9,2,2.1,13.0,No,3.6,3.4,3.6,3.9,4.4,-2,8.3,3.01,0.221,No,Yes,4,Retained,Yes,No,No,No,Not Churned,,8.7
CUST10275,49,Female,Kano,New Customer,Google,2024-03-24,29,4,4,156650.33,146875.41,35400.13,60,Dresses,4,1,Exchange Difficulty,Medium,Pending,11,0,No,3.8,0,0.0,No Return,0,0.0,No,No,2.5,2.8,0.0,0,0,1,5.0,3,4.3,11.0,No,3.2,4.9,3.2,4.6,4.2,49,6.4,1.15,0.55,No,No,0,Retained,Yes,No,No,No,Not Churned,,8.7
CUST10276,26,Male,Plateau,Loyal,Google,2025-07-01,14,12,3,747032.57,174922.23,62070.64,25,Accessories,1,2,Late Delivery,High,Resolved,10,1,No,4.8,0,0.0,No Return,0,0.0,No,No,5.3,3.2,2.1,2,0,0,2.9,3,12.3,16.8,No,3.8,4.2,3.8,3.4,3.4,14,7.5,6.36,0.281,No,No,0,Retained,Yes,No,No,No,Not Churned,,7.1
CUST10277,58,Male,Edo,Regular,Instagram,2025-03-08,18,10,3,179229.83,53026.94,19137.52,94,Electronics,1,1,Late Delivery,High,Pending,4,2,No,5.0,0,0.0,No Return,0,0.0,No,No,2.6,3.7,0.0,0,0,0,5.0,1,4.4,5.2,No,3.4,4.1,3.4,4.3,4.7,30,8.0,6.53,0.062,Yes,No,0,Dormant,Yes,No,No,Yes,Not Churned,,18.0
CUST10278,52,Other,Kaduna,Loyal,Google,2025-03-04,18,9,7,263820.73,183951.93,25544.61,18,Tops,4,5,Poor Product Quality,Low,Resolved,3,0,No,4.0,1,0.111,Wrong Color,7,12628.71,No,No,4.4,3.1,1.3,1,0,0,3.5,5,7.3,11.5,No,2.4,4.2,2.4,3.2,2.6,-5,5.8,4.28,0.167,No,Yes,3,At Risk,Yes,No,Yes,No,Not Churned,,14.3
CUST10279,36,Male,Lagos,Regular,Email,2024-03-12,30,12,4,385224.85,126619.94,34650.45,56,Beauty,3,0,No Complaint,None,No Complaint,0,0,No,,3,0.25,Wrong Color,9,87176.47,Yes,Yes,7.0,4.9,2.1,2,0,0,3.0,1,10.1,12.1,Yes,5.0,3.7,5.0,4.1,4.1,31,9.2,2.57,0.139,Yes,No,0,Churned,No,Yes,No,No,Poor Product Quality,1787184000000000000,58.9
CUST10280,65,Male,Kaduna,Regular,Website,2024-06-14,26,14,2,220833.2,26883.0,13972.43,135,Beauty,4,2,Issue Not Resolved,Low,Pending,3,0,No,4.3,0,0.0,No Return,0,0.0,No,No,4.4,4.3,0.1,0,0,1,3.9,2,7.3,24.2,No,3.5,3.8,3.5,3.8,3.4,7,8.3,2.13,0.471,Yes,No,0,At Risk,Yes,No,Yes,No,Not Churned,,17.7
CUST10281,33,Female,Kano,New Customer,Google,2024-07-18,25,14,3,585438.33,126869.81,47511.64,19,Dresses,5,5,Issue Not Resolved,Low,Escalated,1,0,Yes,4.0,2,0.143,Late Delivery,5,52128.5,No,No,7.2,3.1,4.1,7,1,1,3.1,5,14.8,18.5,Yes,4.4,4.3,4.4,3.4,3.0,2,5.9,0.69,0.485,No,No,0,Churned,No,Yes,No,No,Poor Product Quality,1786060800000000000,30.7
CUST10282,20,Male,Imo,New Customer,Referral,2025-05-21,15,10,4,225631.51,82593.74,22602.98,39,Bags,2,2,Coupon Expired,Medium,Closed,6,0,No,5.0,0,0.0,No Return,0,0.0,No,No,3.6,4.8,0.0,0,0,0,4.9,2,3.3,19.8,No,2.9,4.3,2.9,4.5,4.5,24,9.6,10.27,0.23,No,No,0,Churned,No,Yes,No,No,Payment Problems,1780790400000000000,40.7
CUST10283,37,Male,Enugu,High Value,Website,2023-08-01,37,11,3,320071.41,85967.63,32764.69,32,Trousers,4,0,No Complaint,None,No Complaint,0,0,No,,1,0.091,Not as Expected,3,26439.7,No,No,3.9,4.1,0.0,0,0,1,4.3,0,1.6,3.3,Yes,5.0,4.2,5.0,4.6,4.8,52,10.0,8.63,0.108,No,Yes,6,Retained,Yes,No,No,No,Not Churned,,4.4
CUST10284,41,Female,Plateau,Regular,Google,2025-08-06,13,11,4,233486.13,72121.64,18844.75,8,Bags,4,2,Missing Product,Low,Resolved,1,2,No,5.0,0,0.0,No Return,0,0.0,No,No,3.5,3.1,0.4,1,0,0,4.3,2,2.3,4.9,No,4.1,4.3,4.1,4.2,4.2,30,7.8,4.11,0.283,No,No,0,Retained,Yes,No,No,No,Not Churned,,1.1
CUST10285,50,Female,Ogun,Loyal,Instagram,2026-02-01,7,5,2,84578.26,40038.92,18507.48,79,Tops,5,0,No Complaint,None,No Complaint,0,0,No,,0,0.0,No Return,0,0.0,No,No,5.6,5.0,0.6,0,0,0,4.6,1,7.6,9.7,Yes,4.2,4.3,4.2,4.5,4.9,37,10.0,2.78,0.446,No,No,0,Dormant,Yes,No,No,Yes,Not Churned,,23.0
CUST10286,41,Male,Anambra,High Value,Instagram,2023-07-11,38,10,3,337683.94,83508.3,31804.87,76,Beauty,3,2,Issue Not Resolved,Low,Resolved,5,1,No,4.1,0,0.0,No Return,0,0.0,No,No,4.0,3.1,0.9,1,0,0,4.2,2,3.6,5.0,No,3.9,4.4,3.9,3.9,3.4,35,5.8,2.15,0.14,No,No,0,Dormant,Yes,No,No,Yes,Not Churned,,32.7
CUST10287,28,Female,Edo,Regular,Referral,2026-01-09,7,13,4,922925.45,259349.6,67585.94,64,Accessories,2,0,No Complaint,None,No Complaint,0,0,No,,1,0.077,Wrong Size,8,48800.95,No,No,4.3,4.6,0.0,0,0,1,4.3,0,7.7,12.4,Yes,3.8,4.7,3.8,4.5,4.9,9,10.0,11.79,0.441,No,No,0,Retained,Yes,No,No,No,Not Churned,,8.4
CUST10288,25,Male,Enugu,Regular,Email,2024-12-05,21,14,4,308736.44,74799.61,20225.28,216,Shoes,2,1,Website Error,Low,Pending,6,2,No,5.0,1,0.071,Wrong Color,4,12004.32,No,No,4.8,3.7,1.1,0,0,1,3.0,1,6.9,19.5,No,3.7,4.5,3.7,4.0,3.9,5,7.8,3.99,0.274,No,No,0,Churned,No,Yes,No,No,Refund Problems,1786579200000000000,51.3
CUST10289,53,Male,Kano,Loyal,TikTok,2024-07-02,26,9,4,483173.99,186767.6,49633.11,76,Electronics,1,1,Wrong Product,Medium,Resolved,3,1,No,4.3,2,0.222,Late Delivery,6,71850.26,No,No,6.0,4.7,1.3,1,0,0,3.1,1,3.9,12.2,No,3.6,4.7,3.6,3.9,3.8,7,6.8,8.82,0.559,Yes,No,0,Churned,No,Yes,No,No,Payment Problems,1787616000000000000,46.4
CUST10290,55,Female,Imo,High Value,Instagram,2023-06-03,39,11,3,586772.63,187777.74,60019.46,44,Shoes,2,2,Issue Not Resolved,Medium,Resolved,2,0,No,5.0,1,0.091,Defective,4,43045.62,No,No,2.8,3.8,0.0,1,0,0,4.2,2,11.1,13.7,Yes,4.6,4.2,4.6,4.6,4.6,42,10.0,3.96,0.144,No,Yes,1,Retained,Yes,No,No,No,Not Churned,,8.7
CUST10291,57,Female,Anambra,High Value,Facebook,2024-07-24,25,6,2,302227.97,98072.12,51145.25,39,Beauty,2,2,Return Difficulty,Medium,Resolved,4,2,No,3.1,1,0.167,Changed Mind,1,34853.21,No,No,4.6,3.4,1.2,0,0,1,2.8,3,2.3,9.0,No,4.2,4.3,4.2,2.7,2.3,-35,5.4,9.73,0.595,No,No,0,Churned,No,Yes,No,No,Payment Problems,1782518400000000000,20.2
CUST10292,37,Female,Abia,Regular,Website,2023-08-28,36,15,2,427563.1,59691.6,29474.47,1,Shoes,2,0,No Complaint,None,No Complaint,0,0,No,,1,0.067,Defective,9,15733.59,No,No,6.4,5.4,1.0,2,0,0,3.5,1,3.5,9.6,Yes,4.2,3.8,4.2,4.0,3.8,18,8.8,6.83,0.012,Yes,No,0,Retained,Yes,No,No,No,Not Churned,,23.1
CUST10293,52,Female,Lagos,Loyal,Website,2024-01-09,32,9,3,368676.34,117554.57,35849.12,52,Trousers,2,1,Product Not as Described,Low,Resolved,3,2,No,4.4,0,0.0,No Return,0,0.0,No,No,6.4,4.8,1.6,1,0,0,4.0,2,29.3,36.1,No,4.1,3.5,4.1,4.0,3.3,49,7.1,3.66,0.579,Yes,No,0,Retained,Yes,No,No,No,Not Churned,,20.9
CUST10294,65,Female,Ogun,New Customer,Referral,2025-03-15,17,10,2,726187.67,133889.44,66670.36,83,Dresses,5,4,Late Delivery,Low,Resolved,6,2,No,4.5,0,0.0,No Return,0,0.0,No,No,5.0,5.0,0.0,0,0,0,4.7,4,11.4,18.8,No,3.8,4.1,3.8,4.1,3.8,14,7.1,3.46,0.558,No,No,0,Dormant,Yes,No,No,Yes,Not Churned,,15.1
CUST10295,42,Male,Plateau,High Value,Referral,2025-03-09,18,9,2,486645.25,94331.84,50480.08,46,Tops,1,1,Exchange Difficulty,Medium,Resolved,7,1,No,4.0,1,0.111,Changed Mind,1,46709.04,Yes,No,1.0,3.4,0.0,1,0,1,4.1,1,1.8,8.3,No,3.8,4.7,3.8,4.4,4.5,27,8.5,8.59,0.293,No,No,0,Retained,Yes,No,No,No,Not Churned,,5.7
CUST10296,52,Female,Kano,High Value,Instagram,2024-09-02,24,9,4,290739.74,122756.75,32324.35,83,Beauty,4,1,Repeated Issue,Medium,Resolved,1,2,No,4.8,0,0.0,No Return,0,0.0,No,No,1.0,3.5,0.0,0,0,1,4.0,1,10.0,13.1,No,3.4,4.1,3.4,3.7,4.0,49,7.1,1.54,0.311,No,No,0,Dormant,Yes,No,No,Yes,Not Churned,,10.3
CUST10297,42,Female,Cross River,New Customer,Website,2024-11-18,21,8,5,163390.5,93317.15,18226.41,53,Tops,1,3,Late Delivery,Medium,Escalated,1,2,Yes,4.4,0,0.0,No Return,0,0.0,No,No,3.4,3.0,0.4,0,0,0,4.5,3,11.0,14.6,No,3.8,4.6,3.8,3.9,3.4,-2,8.0,8.62,0.354,Yes,No,0,Retained,Yes,No,No,No,Not Churned,,13.3
CUST10298,46,Female,Rivers,Regular,Website,2025-02-12,18,13,2,888379.03,158157.62,77256.82,99,Dresses,3,0,No Complaint,None,No Complaint,0,0,No,,1,0.077,Poor Quality,6,64213.69,No,No,3.2,3.8,0.0,0,0,0,4.0,1,8.8,13.4,Yes,4.8,3.4,4.8,4.1,3.3,-1,8.4,8.33,0.248,Yes,No,0,Churned,No,Yes,No,No,Poor Product Quality,1770768000000000000,26.7
CUST10299,35,Male,Oyo,New Customer,Facebook,2023-05-23,39,8,2,255066.34,63790.1,33857.94,166,Shoes,4,3,Issue Not Resolved,Medium,Resolved,6,2,No,4.7,0,0.0,No Return,0,0.0,No,No,6.5,5.5,1.0,0,0,1,3.1,3,11.3,15.4,No,2.9,3.8,2.9,3.5,3.5,6,6.8,1.16,0.512,Yes,Yes,4,Churned,No,Yes,No,No,Poor Product Quality,1779235200000000000,69.0
CUST10300,63,Female,Anambra,Regular,TikTok,2023-09-29,35,12,3,315394.35,76150.28,24617.41,254,Beauty,1,4,Poor Product Quality,High,Resolved,5,0,No,5.0,0,0.0,No Return,0,0.0,No,No,4.5,4.3,0.2,1,0,0,4.2,4,5.1,12.7,No,3.9,4.9,3.9,4.9,4.5,53,6.3,5.31,0.288,No,Yes,2,Churned,No,Yes,No,No,Inactive,1788134400000000000,60.1
CUST10301,35,Female,Kano,Loyal,Facebook,2024-03-01,30,13,2,545108.56,81420.93,41219.78,27,Trousers,1,3,Poor Product Quality,High,Resolved,13,1,No,4.2,1,0.077,Late Delivery,2,32138.11,No,No,4.6,4.7,0.0,0,0,0,4.1,3,1.3,13.0,No,3.4,4.6,3.4,4.2,4.4,26,9.1,1.52,0.135,Yes,Yes,4,Retained,Yes,No,No,No,Not Churned,,4.5
CUST10302,19,Male,Imo,Regular,Instagram,2023-02-15,43,11,2,131169.56,25501.87,11643.57,57,Dresses,1,1,App Crash,Medium,Closed,2,2,No,5.0,0,0.0,No Return,0,0.0,No,No,6.0,4.7,1.3,2,0,0,3.3,1,2.4,6.4,No,3.6,3.6,3.6,3.2,2.8,41,5.8,12.32,0.333,No,No,0,Retained,Yes,No,No,No,Not Churned,,28.9
CUST10303,52,Male,Enugu,New Customer,Facebook,2023-04-05,41,10,3,443123.28,144270.72,44651.09,31,Dresses,1,3,Repeated Issue,Medium,Escalated,4,2,Yes,3.7,1,0.1,Wrong Size,1,31876.29,Yes,Yes,3.5,3.1,0.4,1,1,0,4.6,3,12.1,14.4,No,4.5,4.2,4.5,4.1,3.1,24,7.6,4.2,0.659,No,No,0,Retained,Yes,No,No,No,Not Churned,,17.3
CUST10304,33,Female,Rivers,Regular,Instagram,2023-03-05,42,13,4,515375.9,181039.88,42861.31,23,Accessories,1,2,Coupon Expired,High,Resolved,6,0,No,4.9,0,0.0,No Return,0,0.0,No,No,2.8,2.7,0.1,0,0,0,4.4,2,2.5,11.7,No,2.6,3.8,2.6,3.6,3.8,-4,7.1,0.63,0.443,Yes,Yes,5,Retained,Yes,No,No,No,Not Churned,,5.4
CUST10305,58,Male,Abuja,High Value,Google,2024-02-17,30,10,1,350246.15,32514.02,37869.37,73,Trousers,1,3,Wrong Product,Low,Resolved,6,2,No,4.2,0,0.0,No Return,0,0.0,No,No,1.7,2.9,0.0,0,0,0,3.6,3,2.0,6.0,No,3.1,4.4,3.1,3.3,3.0,1,6.2,13.13,0.601,No,No,0,Retained,Yes,No,No,No,Not Churned,,9.1
CUST10306,53,Female,Anambra,Loyal,Google,2025-10-29,10,14,4,674779.48,189900.49,50232.45,23,Tops,5,3,Delivery Fee,High,Closed,7,2,No,5.0,0,0.0,No Return,0,0.0,No,No,3.8,4.7,0.0,0,0,1,4.2,3,2.9,11.0,No,3.2,4.8,3.2,4.7,4.8,10,7.4,3.09,0.165,No,No,0,Retained,Yes,No,No,No,Not Churned,,7.2
CUST10307,50,Female,Ogun,Regular,Referral,2024-04-03,29,12,3,442362.88,109148.97,36627.56,65,Electronics,5,1,Discount Not Applied,Medium,Pending,6,1,No,4.2,1,0.083,Poor Quality,9,13571.04,Yes,Yes,4.5,3.9,0.6,0,0,0,3.9,1,1.6,9.5,No,5.0,4.8,5.0,5.0,4.3,49,9.4,6.48,0.459,No,No,0,Churned,No,Yes,No,No,Competitor,1768953600000000000,47.6
CUST10308,21,Female,Rivers,New Customer,Google,2024-04-14,29,10,7,470269.07,292728.8,42654.25,75,Beauty,4,2,Unexpected Charge,Low,Escalated,4,2,Yes,5.0,1,0.1,Wrong Size,3,36188.45,No,No,6.1,5.2,0.9,0,0,3,3.9,2,6.2,14.5,No,5.0,3.8,5.0,4.5,3.9,38,8.3,2.92,0.414,No,No,0,Retained,Yes,No,No,No,Not Churned,,51.5
CUST10309,50,Female,Imo,High Value,Facebook,2025-03-20,17,5,0,222063.66,0.0,44384.12,34,Tops,2,1,Long Waiting Time,Medium,Closed,2,1,No,2.9,2,0.4,Not as Expected,3,42838.03,No,No,6.3,3.6,2.7,1,0,1,4.0,3,12.2,22.7,Yes,3.6,3.2,3.6,4.1,4.5,43,10.0,4.03,0.474,Yes,No,0,Retained,Yes,No,No,No,Not Churned,,7.9
CUST10310,31,Male,Enugu,Loyal,Instagram,2024-05-20,27,9,5,533356.43,284394.04,52798.98,59,Tops,1,2,Poor Customer Service,Medium,Closed,3,0,No,4.7,0,0.0,No Return,0,0.0,No,No,4.1,2.8,1.3,1,0,0,2.9,3,4.1,7.1,No,3.8,3.9,3.8,3.6,4.0,5,7.1,11.59,0.204,Yes,No,0,Retained,Yes,No,No,No,Not Churned,,27.4
CUST10311,38,Female,Kano,Regular,Referral,2026-01-01,8,11,3,274447.17,85860.51,27341.0,43,Dresses,2,0,No Complaint,None,No Complaint,0,0,No,,0,0.0,No Return,0,0.0,No,No,4.8,5.4,0.0,0,0,0,4.3,0,3.4,15.1,Yes,4.2,4.0,4.2,4.2,3.9,9,9.2,6.36,0.208,No,No,0,Retained,Yes,No,No,No,Not Churned,,6.1
CUST10312,65,Female,Kaduna,New Customer,Google,2023-03-25,41,7,0,263763.84,0.0,39523.17,40,Electronics,5,1,Rude Staff,Low,Resolved,1,3,No,4.7,0,0.0,No Return,0,0.0,No,No,5.3,3.7,1.6,1,0,0,3.3,1,7.6,10.2,No,3.6,5.0,3.6,3.8,3.4,27,6.9,2.5,0.335,No,Yes,4,Retained,Yes,No,No,No,Not Churned,,16.1
CUST10313,37,Male,Lagos,New Customer,Facebook,2023-02-28,42,12,1,276751.6,24918.89,25652.47,36,Tops,3,1,Late Delivery,Low,Resolved,3,2,No,4.5,0,0.0,No Return,0,0.0,No,No,7.3,5.0,2.3,1,1,0,2.0,1,10.0,11.3,No,4.4,3.7,4.4,3.5,3.6,12,7.6,6.95,0.303,No,No,0,Retained,Yes,No,No,No,Not Churned,,14.7
CUST10314,25,Male,Imo,New Customer,Website,2025-11-10,9,10,2,378403.27,70526.94,37181.95,60,Shoes,1,3,Repeated Issue,High,Resolved,3,0,No,5.0,1,0.1,Changed Mind,4,13791.36,No,No,3.9,2.6,1.3,0,0,0,4.7,3,7.1,9.2,No,4.4,4.3,4.4,4.2,2.8,44,9.6,3.65,0.6,No,No,0,Retained,Yes,No,No,No,Not Churned,,7.6
CUST10315,24,Female,Ogun,Regular,TikTok,2025-07-06,14,9,0,258138.04,0.0,31717.05,67,Accessories,4,1,Wrong Product,High,Closed,4,1,No,5.0,1,0.111,Product Description Inaccurate,2,20810.03,No,No,2.6,3.6,0.0,0,0,0,4.3,2,9.6,10.3,No,4.3,4.6,4.3,4.3,4.5,4,7.3,4.58,0.211,Yes,No,0,Retained,Yes,No,No,No,Not Churned,,11.5
CUST10316,20,Male,Cross River,High Value,Website,2023-06-06,39,7,3,159124.14,66884.65,20762.97,63,Accessories,2,3,Late Delivery,Medium,Resolved,3,1,No,4.7,0,0.0,No Return,0,0.0,No,No,7.3,4.3,3.0,0,0,0,3.5,4,2.7,9.8,No,3.2,4.2,3.2,3.7,3.4,-17,7.5,4.21,0.226,Yes,No,0,Retained,Yes,No,No,No,Not Churned,,8.0
CUST10317,34,Female,Kaduna,Regular,Google,2024-07-29,25,6,3,224175.48,115985.01,41945.73,63,Accessories,4,3,Repeated Issue,Medium,Resolved,6,1,No,4.9,1,0.167,Wrong Size,1,22697.94,No,No,7.6,4.1,3.5,1,0,0,2.7,3,4.2,14.4,No,3.3,3.9,3.3,3.4,3.6,-10,4.3,5.6,0.415,Yes,No,0,Retained,Yes,No,No,No,Not Churned,,27.0
CUST10318,50,Male,Ogun,Loyal,Instagram,2025-04-16,16,8,5,109968.35,66267.66,13632.13,161,Shoes,1,3,Late Delivery,Low,Resolved,1,2,No,4.2,0,0.0,No Return,0,0.0,No,No,1.9,4.7,0.0,0,0,1,4.1,3,12.3,16.8,No,3.7,4.9,3.7,4.4,4.4,19,10.0,6.75,0.341,Yes,No,0,At Risk,Yes,No,Yes,No,Not Churned,,31.3
CUST10319,65,Male,Oyo,Regular,TikTok,2024-11-10,22,7,2,131501.84,39062.39,18907.63,98,Dresses,2,2,Order Cancellation,High,Escalated,5,4,Yes,3.9,0,0.0,No Return,0,0.0,No,No,5.3,5.1,0.2,0,0,0,4.3,2,0.5,5.0,No,4.5,4.1,4.5,4.3,4.2,41,9.7,4.05,0.158,Yes,Yes,3,Dormant,Yes,No,No,Yes,Not Churned,,22.2
CUST10320,29,Male,Ogun,Loyal,Facebook,2023-07-22,37,10,2,421027.38,77708.12,45048.8,20,Accessories,2,1,Late Delivery,High,Resolved,5,3,No,4.1,1,0.1,Poor Quality,2,40598.3,No,No,4.1,4.8,0.0,0,0,0,4.0,1,8.6,15.5,No,3.7,3.7,3.7,3.8,4.2,-4,6.5,9.01,0.117,No,No,0,Retained,Yes,No,No,No,Not Churned,,9.0
CUST10321,39,Female,Rivers,Loyal,Google,2026-02-03,7,7,1,168977.58,25355.82,23245.84,80,Electronics,1,1,Issue Not Resolved,High,Resolved,5,1,No,4.8,1,0.143,Changed Mind,9,14891.5,Yes,No,5.9,3.4,2.5,1,0,0,3.5,1,2.4,5.0,No,3.9,3.8,3.9,3.6,2.6,24,5.9,3.05,0.322,Yes,Yes,3,Dormant,Yes,No,No,Yes,Not Churned,,33.1
CUST10322,39,Female,Oyo,New Customer,Instagram,2026-02-19,6,6,1,243790.41,43345.8,41282.07,58,Tops,3,6,Price Increase,Low,Resolved,1,3,No,2.9,2,0.333,Wrong Size,8,51356.45,No,No,6.1,5.4,0.7,0,0,0,5.0,6,9.5,10.9,No,2.5,4.3,2.5,3.6,3.4,-15,7.6,5.47,0.25,No,No,0,Churned,No,Yes,No,No,Lack of Product Availability,1775606400000000000,43.9
CUST10323,63,Female,Lagos,Regular,Website,2023-11-14,34,9,4,809359.49,379846.79,96340.17,144,Electronics,1,1,Coupon Expired,Critical,Resolved,4,2,No,4.7,1,0.111,Product Description Inaccurate,5,66004.32,Yes,Yes,4.9,5.3,0.0,0,0,2,3.4,1,9.6,13.5,No,4.7,4.0,4.7,4.6,4.7,40,7.2,3.42,0.335,No,Yes,1,Churned,No,Yes,No,No,Poor Product Quality,1780185600000000000,61.5
CUST10324,47,Female,Rivers,Loyal,Instagram,2024-02-10,31,8,4,103679.37,49090.24,11747.87,40,Accessories,4,1,Damaged Product,Medium,Resolved,3,1,No,4.2,1,0.125,Duplicate Order,5,5272.46,Yes,Yes,3.9,4.4,0.0,0,0,0,4.2,1,7.4,8.2,No,3.6,4.4,3.6,4.1,4.4,63,7.7,0.68,0.21,No,No,0,Retained,Yes,No,No,No,Not Churned,,7.5
CUST10325,55,Female,Abia,New Customer,Website,2025-09-12,11,9,0,350461.92,0.0,36792.01,6,Shoes,5,0,No Complaint,None,No Complaint,0,0,No,,1,0.111,Wrong Item,7,30603.92,No,No,3.0,4.0,0.0,0,0,0,5.0,1,12.9,17.8,Yes,3.2,4.0,3.2,4.2,3.3,59,7.2,1.73,0.19,Yes,No,0,Retained,Yes,No,No,No,Not Churned,,7.5
CUST10326,55,Male,Delta,Regular,Website,2025-08-06,13,13,2,892035.8,151247.25,77685.49,69,Bags,5,3,Long Waiting Time,High,Pending,2,3,No,5.0,0,0.0,No Return,0,0.0,No,No,8.5,4.0,4.5,5,0,0,2.7,3,3.4,5.8,No,4.9,4.9,4.9,4.2,4.0,61,7.5,5.75,0.475,Yes,No,0,Retained,Yes,No,No,No,Not Churned,,10.3
CUST10327,62,Female,Enugu,Regular,Google,2025-12-29,8,12,0,439614.74,0.0,36075.27,48,Bags,5,0,No Complaint,None,No Complaint,0,0,No,,1,0.083,Duplicate Order,1,13844.79,No,No,5.0,4.7,0.3,0,0,0,3.1,0,11.8,20.3,Yes,4.8,4.9,4.8,4.0,3.8,15,7.0,11.78,0.137,Yes,No,0,Retained,Yes,No,No,No,Not Churned,,7.0
CUST10328,25,Female,Rivers,High Value,TikTok,2026-03-29,5,12,1,367225.81,34010.61,32102.87,94,Tops,2,5,Poor Customer Service,Low,Resolved,3,1,No,3.2,0,0.0,No Return,0,0.0,No,No,3.8,4.0,0.0,0,0,0,4.2,5,5.5,8.5,No,3.4,4.3,3.4,4.8,4.7,77,9.4,3.65,0.193,No,No,0,At Risk,Yes,No,Yes,No,Not Churned,,57.0
CUST10329,44,Male,Imo,Regular,Referral,2026-03-07,5,6,0,178507.81,0.0,26396.79,126,Dresses,2,1,Product Not as Described,Low,Resolved,2,3,No,4.3,1,0.167,Wrong Item,2,21792.11,No,No,3.2,5.5,0.0,0,1,1,2.6,1,2.9,7.6,No,3.8,3.9,3.8,3.0,3.7,11,6.3,1.42,0.349,Yes,No,0,At Risk,Yes,No,Yes,No,Not Churned,,16.9
CUST10330,44,Female,Cross River,Loyal,Website,2024-05-09,28,9,4,211692.02,77033.09,21861.87,103,Accessories,1,1,Delivery Fee,Medium,Resolved,1,0,No,4.0,1,0.111,Not as Expected,6,12482.35,Yes,Yes,5.6,4.6,1.0,0,0,1,3.5,2,12.0,22.2,Yes,3.9,3.5,3.9,3.7,3.5,24,7.2,3.53,0.432,Yes,No,0,Dormant,Yes,No,No,Yes,Not Churned,,37.8
CUST10331,51,Male,Enugu,Regular,Google,2024-11-09,22,9,0,111550.1,0.0,11859.18,38,Shoes,2,0,No Complaint,None,No Complaint,0,0,No,,2,0.222,Defective,6,17455.56,No,No,1.9,3.2,0.0,0,0,0,4.6,0,7.5,20.9,Yes,4.2,4.2,4.2,4.1,4.1,10,7.5,1.44,0.387,No,No,0,Retained,Yes,No,No,No,Not Churned,,27.4
CUST10332,38,Female,Kaduna,Loyal,Website,2025-04-14,16,11,3,253228.8,70220.05,25464.23,60,Beauty,4,1,Poor Product Quality,Medium,Resolved,5,3,No,4.4,1,0.091,Late Delivery,4,10127.66,No,No,5.7,4.5,1.2,3,0,1,3.3,1,4.7,11.8,No,4.7,4.1,4.7,4.6,4.2,20,8.1,3.15,0.255,No,No,0,Retained,Yes,No,No,No,Not Churned,,16.4
CUST10333,47,Female,Edo,Regular,Google,2023-07-13,38,10,5,372441.78,167375.73,32922.32,36,Beauty,1,2,Issue Not Resolved,Low,Closed,2,3,No,4.4,1,0.1,Defective,2,26588.3,No,No,3.5,4.0,0.0,0,0,0,4.6,2,7.0,13.3,No,3.0,4.3,3.0,3.8,3.8,-2,5.8,4.09,0.512,No,Yes,3,Retained,Yes,No,No,No,Not Churned,,10.9
CUST10334,50,Female,Anambra,Loyal,Email,2023-11-04,34,11,4,347893.36,141428.82,34416.68,79,Shoes,4,1,Order Cancellation,High,Resolved,5,1,No,4.3,1,0.091,Wrong Color,2,18959.14,No,No,5.4,3.0,2.4,1,0,0,3.2,2,6.0,7.6,No,4.4,3.8,4.4,4.0,4.3,16,7.3,1.93,0.182,No,Yes,6,Dormant,Yes,No,No,Yes,Not Churned,,10.2
CUST10335,45,Female,Edo,Regular,Google,2024-05-20,27,11,0,550848.61,0.0,49992.08,90,Tops,5,4,Long Waiting Time,Low,Resolved,9,2,No,4.0,0,0.0,No Return,0,0.0,No,No,3.3,4.1,0.0,0,0,0,4.9,4,1.8,9.0,No,2.8,3.8,2.8,3.3,3.4,7,6.9,2.94,0.12,No,No,0,Churned,No,Yes,No,No,Poor Product Quality,1774483200000000000,41.5
CUST10336,64,Male,Kano,Loyal,Google,2023-10-08,35,14,3,725319.66,135288.59,48697.68,45,Accessories,4,1,Poor Customer Service,Low,Resolved,2,1,No,4.5,2,0.143,Defective,1,75857.27,No,No,5.2,5.1,0.1,0,0,0,4.5,1,7.1,12.5,Yes,4.6,4.3,4.6,4.6,5.0,50,9.3,2.29,0.238,Yes,Yes,4,Retained,Yes,No,No,No,Not Churned,,6.8
CUST10337,50,Female,Anambra,Loyal,Website,2024-11-05,22,12,3,432630.26,109543.43,35569.22,65,Bags,5,1,Rude Staff,High,Escalated,6,3,Yes,5.0,1,0.083,Late Delivery,9,13825.21,No,No,4.3,2.6,1.7,0,0,0,3.5,2,5.3,6.8,No,2.9,4.2,2.9,3.9,3.5,38,9.4,10.91,0.236,Yes,No,0,Retained,Yes,No,No,No,Not Churned,,29.2
CUST10338,22,Female,Ogun,Regular,Website,2025-07-21,13,10,1,418891.94,33479.72,37459.03,2,Bags,2,5,Late Delivery,Medium,Closed,9,0,No,4.9,1,0.1,Wrong Item,3,24037.95,No,No,6.7,5.1,1.6,1,1,0,2.9,5,4.5,9.0,No,2.6,4.4,2.6,3.5,2.7,-17,7.2,7.21,0.069,No,No,0,At Risk,Yes,No,Yes,No,Not Churned,,19.5
CUST10339,65,Female,Cross River,New Customer,Referral,2024-12-15,20,12,5,412803.51,165632.16,31116.22,26,Electronics,1,1,Repeated Issue,Low,Escalated,2,2,Yes,4.1,0,0.0,No Return,0,0.0,No,No,5.5,4.6,0.9,1,0,1,3.3,4,6.9,22.2,No,3.7,5.0,3.7,3.4,2.9,-3,6.6,6.63,0.137,No,No,0,Retained,Yes,No,No,No,Not Churned,,3.3
CUST10340,36,Female,Plateau,New Customer,Instagram,2024-08-30,24,9,2,183692.76,40338.48,22268.64,8,Shoes,3,1,Poor Product Quality,Medium,Resolved,3,2,No,3.4,0,0.0,No Return,0,0.0,No,No,5.7,4.7,1.0,1,0,0,4.1,2,10.5,23.6,No,4.2,4.6,4.2,4.0,4.0,45,7.1,3.78,0.256,Yes,No,0,Retained,Yes,No,No,No,Not Churned,,2.4
CUST10341,21,Male,Anambra,New Customer,Google,2024-04-27,28,6,0,315162.56,0.0,50180.56,62,Trousers,4,0,No Complaint,None,No Complaint,0,0,No,,1,0.167,Wrong Item,4,36801.98,No,No,5.1,5.2,0.0,1,0,0,4.4,1,6.4,11.7,Yes,4.5,5.0,4.5,4.6,4.2,31,8.1,5.7,0.078,No,No,0,Retained,Yes,No,No,No,Not Churned,,8.4
CUST10342,52,Female,Imo,Loyal,Email,2023-04-27,40,8,5,211857.13,135753.17,29618.94,118,Accessories,1,2,Refund Rejected,Medium,Resolved,1,2,No,5.0,1,0.125,Defective,2,26211.61,No,No,4.2,5.3,0.0,0,0,0,4.7,4,8.4,13.3,No,3.7,4.4,3.7,4.6,4.2,40,7.9,7.07,0.204,No,No,0,Dormant,Yes,No,No,Yes,Not Churned,,22.4
CUST10343,34,Male,Imo,Regular,TikTok,2025-08-25,12,7,0,273341.32,0.0,36339.44,82,Bags,3,1,Refund Delayed,Low,Escalated,7,2,Yes,3.6,1,0.143,Not as Expected,3,28564.6,No,No,3.6,3.4,0.2,0,0,0,4.5,1,5.3,7.6,No,3.6,4.8,3.6,4.1,4.7,14,8.3,10.75,0.138,No,Yes,1,Dormant,Yes,No,No,Yes,Not Churned,,38.8
CUST10344,61,Male,Abuja,Regular,Website,2023-07-11,38,13,1,1551701.46,121131.06,110650.61,180,Shoes,1,3,Refund Rejected,Medium,Resolved,5,1,No,3.3,2,0.154,Wrong Size,6,132647.41,Yes,Yes,5.2,5.3,0.0,0,0,0,4.8,3,5.2,10.2,No,4.5,4.1,4.5,4.3,4.3,49,10.0,7.54,0.082,No,No,0,Churned,No,Yes,No,No,Website/App Problems,1771372800000000000,60.0
CUST10345,45,Male,Anambra,Loyal,Instagram,2025-02-26,18,9,3,434135.22,135835.58,49575.15,78,Electronics,3,0,No Complaint,None,No Complaint,0,0,No,,3,0.333,Defective,4,68580.48,Yes,Yes,4.0,3.1,0.9,1,1,0,3.2,1,4.1,6.5,Yes,3.4,3.1,3.4,3.0,3.0,-10,4.3,0.78,0.418,Yes,Yes,4,Dormant,Yes,No,No,Yes,Not Churned,,20.9
CUST10346,47,Male,Lagos,Regular,Google,2024-09-09,24,8,4,253467.02,115387.38,29003.98,186,Dresses,1,2,Poor Customer Service,Medium,Closed,2,0,No,4.9,0,0.0,No Return,0,0.0,No,No,4.0,2.9,1.1,2,0,0,3.9,2,6.7,12.3,Yes,5.0,4.7,5.0,4.2,3.9,45,7.1,3.29,0.393,No,No,0,Churned,No,Yes,No,No,Poor Product Quality,1771027200000000000,52.3
CUST10347,46,Female,Edo,Regular,Referral,2024-05-30,27,11,2,178945.87,31923.11,15401.77,26,Bags,5,4,Failed Payment,Medium,Closed,6,1,No,4.7,0,0.0,No Return,0,0.0,No,No,4.3,4.2,0.1,1,0,0,4.4,4,4.1,11.8,No,4.3,4.2,4.3,4.4,4.4,55,10.0,16.92,0.355,No,No,0,Retained,Yes,No,No,No,Not Churned,,3.9
CUST10348,63,Female,Kaduna,New Customer,Website,2023-11-03,34,9,2,498626.15,93837.5,54525.39,54,Trousers,3,2,Order Cancellation,Low,Resolved,2,2,No,5.0,2,0.222,Not as Expected,4,45584.53,Yes,Yes,6.7,5.3,1.4,1,0,1,3.3,2,6.0,14.0,No,3.4,3.6,3.4,3.2,2.8,-44,4.5,9.01,0.032,No,Yes,1,Churned,No,Yes,No,No,Poor Customer Service,1784160000000000000,30.4
CUST10349,23,Female,Abia,High Value,Instagram,2024-06-15,26,9,5,71012.89,42105.62,7867.32,66,Electronics,1,4,Price Increase,Medium,Resolved,3,2,No,4.4,1,0.111,Duplicate Order,1,2983.91,No,No,3.2,2.7,0.5,1,0,0,3.1,4,2.3,7.2,No,3.6,3.4,3.6,4.0,4.2,48,6.6,0.9,0.334,Yes,No,0,Retained,Yes,No,No,No,Not Churned,,15.2
CUST10350,52,Male,Enugu,Loyal,Website,2023-05-02,40,13,1,309011.65,23214.84,26136.3,27,Tops,3,2,Missing Product,Critical,Resolved,9,2,No,3.6,0,0.0,No Return,0,0.0,No,No,4.9,4.1,0.8,0,1,1,3.6,2,3.7,10.5,No,4.0,4.6,4.0,4.0,4.3,42,10.0,7.0,0.446,No,No,0,Retained,Yes,No,No,No,Not Churned,,3.3
CUST10351,58,Other,Kano,Loyal,Referral,2024-10-10,23,14,1,185908.28,12936.85,12975.56,33,Trousers,5,2,Poor Customer Service,Low,Resolved,10,0,No,4.7,2,0.143,Defective,3,17899.14,No,No,4.8,4.5,0.3,0,0,0,3.9,2,1.2,10.0,No,2.3,4.2,2.3,3.2,3.4,32,5.7,5.17,0.217,Yes,No,0,Churned,No,Yes,No,No,Negative Overall Experience,1785542400000000000,42.2
CUST10352,54,Female,Anambra,Regular,Facebook,2024-08-14,24,8,2,186808.24,51165.65,25322.46,62,Bags,3,2,Exchange Difficulty,High,Resolved,5,0,No,4.3,2,0.25,Defective,4,37638.67,No,No,5.8,4.7,1.1,0,0,0,2.9,2,5.9,7.1,No,4.9,3.9,4.9,3.3,2.9,-8,7.8,8.2,0.528,No,No,0,Retained,Yes,No,No,No,Not Churned,,13.1
CUST10353,41,Male,Kano,Loyal,Google,2026-03-23,5,13,5,345879.98,126771.8,25168.33,33,Shoes,3,1,Poor Product Quality,Medium,Closed,3,5,Yes,4.5,1,0.077,Defective,1,22200.29,Yes,No,4.1,4.0,0.1,1,0,0,3.7,1,4.7,7.1,No,5.0,4.5,5.0,3.6,3.2,17,5.1,12.22,0.108,Yes,No,0,Retained,Yes,No,No,No,Not Churned,,4.8
CUST10354,46,Female,Kaduna,New Customer,Facebook,2025-05-19,15,18,1,643671.41,35511.71,34365.23,39,Beauty,1,1,Issue Not Resolved,Medium,Closed,7,3,No,3.8,0,0.0,No Return,0,0.0,No,No,3.7,4.2,0.0,0,0,0,4.0,1,7.0,10.8,No,3.9,4.9,3.9,4.9,5.0,46,10.0,3.15,0.193,Yes,No,0,Churned,No,Yes,No,No,Payment Problems,1787616000000000000,43.7
CUST10355,63,Male,Kano,New Customer,Referral,2026-04-07,4,11,4,305396.46,125463.35,28967.09,144,Bags,4,4,Poor Product Quality,High,Escalated,6,1,Yes,4.7,1,0.091,Product Description Inaccurate,1,16061.01,Yes,Yes,5.0,3.9,1.1,0,1,0,3.3,4,3.3,9.3,No,4.8,4.5,4.8,4.5,3.1,28,9.4,1.11,0.12,Yes,Yes,5,At Risk,Yes,No,Yes,No,Not Churned,,44.5
CUST10356,48,Female,Ogun,New Customer,Instagram,2023-02-28,42,3,1,143175.22,54532.4,50412.58,83,Trousers,5,1,Poor Customer Service,Low,Pending,5,1,No,3.9,1,0.333,Late Delivery,4,36887.77,No,No,4.7,4.7,0.0,0,1,0,4.2,1,3.4,5.0,No,4.0,4.7,4.0,4.3,4.7,60,9.9,0.25,0.291,No,No,0,Dormant,Yes,No,No,Yes,Not Churned,,10.6
CUST10357,52,Male,Kaduna,Regular,Instagram,2023-10-28,34,11,0,482740.43,0.0,43514.02,102,Shoes,1,0,No Complaint,None,No Complaint,0,0,No,,1,0.091,Product Description Inaccurate,11,27295.35,Yes,Yes,4.3,3.6,0.7,1,0,0,4.0,1,12.5,15.7,Yes,4.0,4.0,4.0,4.0,3.6,40,9.7,17.1,0.372,No,No,0,Dormant,Yes,No,No,Yes,Not Churned,,15.4
CUST10358,50,Male,Ogun,Regular,Website,2024-07-06,26,5,0,243790.56,0.0,47878.5,59,Bags,2,2,Refund Delayed,Medium,Closed,4,1,No,5.0,0,0.0,No Return,0,0.0,No,No,4.1,3.3,0.8,0,0,0,3.7,2,4.6,12.6,No,3.5,4.5,3.5,3.3,3.7,17,7.6,6.48,0.219,No,No,0,Retained,Yes,No,No,No,Not Churned,,10.3
CUST10359,38,Female,Anambra,Regular,Instagram,2026-02-14,6,11,2,195865.54,30245.82,16254.62,72,Bags,3,4,Late Delivery,Medium,Resolved,6,2,No,4.8,3,0.273,,5,38029.7,No,No,1.5,3.3,0.0,0,0,2,4.4,4,1.6,6.0,No,3.3,4.4,3.3,3.9,3.9,16,8.0,7.44,0.229,No,No,0,Churned,No,Yes,No,No,Poor Product Quality,1780444800000000000,54.4
CUST10360,49,Female,Kaduna,New Customer,Facebook,2026-02-24,6,10,2,288983.2,64381.09,30037.69,15,Electronics,2,2,Product Not as Described,Low,Resolved,4,2,No,4.4,0,0.0,No Return,0,0.0,No,No,4.2,4.5,0.0,0,0,0,4.9,2,3.0,4.1,No,3.2,4.3,3.2,3.7,3.5,56,7.4,3.35,0.277,No,No,0,Retained,Yes,No,No,No,Not Churned,,2.9
CUST10361,40,Female,Cross River,Regular,Google,2024-02-03,31,8,2,342028.58,91936.5,43232.41,25,Bags,1,3,Issue Not Resolved,Low,Resolved,2,1,No,4.8,1,0.125,Changed Mind,2,19644.18,No,No,3.9,5.3,0.0,0,0,0,4.8,3,11.6,12.6,Yes,3.4,3.8,3.4,3.9,3.1,12,7.4,1.99,0.089,No,No,0,Retained,Yes,No,No,No,Not Churned,,9.8
CUST10362,50,Female,Anambra,Loyal,Referral,2024-05-29,27,9,2,292084.14,61655.55,33365.0,39,Beauty,4,2,Poor Customer Service,Medium,Escalated,1,1,Yes,4.7,0,0.0,No Return,0,0.0,No,No,3.9,3.3,0.6,0,0,0,3.9,2,6.3,9.1,Yes,3.6,3.9,3.6,3.6,3.1,9,6.4,5.76,0.133,No,Yes,5,Retained,Yes,No,No,No,Not Churned,,18.6
CUST10363,20,Female,Abia,Regular,Website,2025-03-15,17,9,2,214388.29,42892.97,24149.07,68,Shoes,5,2,Return Difficulty,Low,Resolved,4,1,No,4.3,1,0.111,Product Description Inaccurate,13,10232.32,Yes,No,1.8,3.2,0.0,0,0,1,4.1,3,14.2,20.4,No,4.2,3.6,4.2,4.1,3.6,14,6.0,1.11,0.504,No,No,0,Retained,Yes,No,No,No,Not Churned,,13.6
CUST10364,35,Male,Ogun,Loyal,Google,2024-05-12,28,5,3,115033.92,71169.52,22269.31,7,Accessories,1,2,Poor Customer Service,Medium,Pending,9,0,No,3.2,1,0.2,Defective,13,11080.72,No,No,3.0,4.6,0.0,0,0,0,4.8,2,3.4,10.1,No,4.0,4.1,4.0,4.1,3.1,-16,6.6,4.85,0.318,Yes,No,0,Retained,Yes,No,No,No,Not Churned,,7.9
CUST10365,42,Male,Cross River,Regular,Website,2025-07-30,13,8,4,641306.93,311807.28,77789.45,34,Electronics,4,3,Poor Product Quality,Low,Escalated,2,0,Yes,3.6,0,0.0,No Return,0,0.0,No,No,3.5,2.5,1.0,0,0,0,4.2,3,17.4,26.9,Yes,4.2,5.0,4.2,4.0,4.0,28,7.3,3.01,0.123,No,Yes,4,Churned,No,Yes,No,No,Better Alternative,1770768000000000000,9.2
CUST10366,59,Female,Abuja,Loyal,Referral,2024-06-11,27,9,3,352933.02,111714.03,40114.86,46,Trousers,1,0,No Complaint,None,No Complaint,0,0,No,,1,0.111,Late Delivery,5,28986.04,No,No,6.7,5.0,1.7,2,0,0,3.3,1,4.9,7.4,Yes,4.4,3.9,4.4,3.8,4.1,30,8.1,9.96,0.118,No,No,0,Retained,Yes,No,No,No,Not Churned,,6.7
CUST10367,48,Female,Abuja,Regular,Instagram,2024-02-02,31,9,1,109249.07,11673.15,11642.16,49,Dresses,4,1,Issue Not Resolved,Low,Resolved,1,0,No,4.3,1,0.111,Product Description Inaccurate,1,9285.84,No,No,2.7,3.6,0.0,1,0,0,4.2,1,3.0,7.2,Yes,4.1,3.9,4.1,4.1,4.8,33,9.4,5.0,0.326,Yes,No,0,Retained,Yes,No,No,No,Not Churned,,6.9
CUST10368,20,Male,Kaduna,Regular,Instagram,2024-03-11,30,7,2,128595.51,30428.56,17557.32,45,Trousers,2,1,Late Delivery,Medium,Resolved,1,1,No,3.8,0,0.0,No Return,0,0.0,No,No,5.4,5.2,0.2,0,0,0,4.3,1,14.1,19.4,Yes,4.1,5.0,4.1,4.7,5.0,63,10.0,4.69,0.612,No,No,0,Retained,Yes,No,No,No,Not Churned,,13.0
CUST10369,57,Male,Imo,Regular,Google,2025-04-19,16,10,3,119602.15,31502.78,11699.75,53,Accessories,4,6,Poor Customer Service,Medium,Resolved,7,1,No,4.3,0,0.0,No Return,0,0.0,No,No,3.7,4.6,0.0,0,0,1,4.4,6,4.8,7.0,No,4.1,3.2,4.1,4.5,3.4,2,6.2,2.3,0.603,No,No,0,Churned,No,Yes,No,No,Poor Customer Service,1785715200000000000,37.8
CUST10370,63,Female,Abia,Loyal,Google,2023-12-26,32,13,3,213770.0,48559.15,16408.77,57,Electronics,5,3,Product Not as Described,Low,Resolved,6,2,No,5.0,0,0.0,No Return,0,0.0,No,No,4.2,4.9,0.0,0,0,2,4.1,3,6.0,17.2,No,4.1,3.0,4.1,4.6,4.6,56,8.7,8.5,0.249,Yes,No,0,Churned,No,Yes,No,No,Poor Customer Service,1776124800000000000,10.2
CUST10371,41,Male,Cross River,Loyal,TikTok,2026-02-26,6,14,2,229479.13,35829.79,18191.55,39,Tops,2,3,Return Difficulty,Medium,Resolved,13,0,No,3.2,2,0.143,Wrong Size,7,29284.76,No,No,1.0,3.0,0.0,0,0,0,3.8,3,5.3,13.0,No,3.0,4.1,3.0,3.3,3.1,22,6.5,0.13,0.379,No,No,0,Retained,Yes,No,No,No,Not Churned,,11.0
CUST10372,49,Female,Abuja,Regular,Referral,2025-05-13,15,7,0,412508.72,0.0,57428.5,23,Electronics,3,2,Damaged Product,Medium,Closed,3,1,No,5.0,0,0.0,No Return,0,0.0,No,No,4.3,3.6,0.7,1,0,0,3.9,2,4.9,7.7,No,4.7,4.4,4.7,4.2,4.7,39,6.8,1.93,0.612,No,No,0,Retained,Yes,No,No,No,Not Churned,,4.2
CUST10373,64,Female,Enugu,Regular,Google,2024-09-25,23,11,1,487668.46,45288.15,41339.33,86,Beauty,2,2,Poor Customer Service,Medium,Pending,8,1,No,3.8,0,0.0,No Return,0,0.0,No,No,3.2,3.3,0.0,1,0,1,5.0,2,9.3,13.6,No,4.1,4.8,4.1,4.4,3.8,33,8.4,5.71,0.489,No,Yes,5,Dormant,Yes,No,No,Yes,Not Churned,,13.5
CUST10374,39,Female,Imo,Loyal,Instagram,2023-08-02,37,13,2,259483.78,40557.63,21276.49,177,Tops,2,1,Late Delivery,Medium,Closed,1,1,No,5.0,2,0.154,Wrong Size,5,26280.66,No,No,4.4,4.6,0.0,0,0,0,4.4,2,4.6,10.2,Yes,4.0,4.7,4.0,3.5,3.4,29,6.9,6.65,0.307,No,No,0,At Risk,Yes,No,Yes,No,Not Churned,,26.5
CUST10375,40,Female,Cross River,Loyal,Facebook,2025-07-04,14,10,1,238429.12,22467.46,21873.92,125,Tops,3,0,No Complaint,None,No Complaint,0,0,No,,3,0.3,Product Description Inaccurate,3,49658.43,Yes,Yes,3.8,2.6,1.2,0,0,0,4.0,4,3.1,7.9,Yes,4.1,3.9,4.1,4.2,3.8,51,8.9,15.32,0.155,Yes,No,0,At Risk,Yes,No,Yes,No,Not Churned,,15.6
CUST10376,19,Female,Enugu,Regular,Referral,2024-08-14,24,4,2,99370.85,43765.2,23925.5,61,Electronics,2,0,No Complaint,None,No Complaint,0,0,No,,0,0.0,No Return,0,0.0,No,No,6.4,4.4,2.0,0,0,0,3.8,2,4.8,12.0,Yes,3.6,3.3,3.6,3.9,3.9,40,8.0,2.89,0.162,Yes,Yes,7,Retained,Yes,No,No,No,Not Churned,,7.6
CUST10377,44,Male,Abia,Regular,Google,2023-05-15,40,9,3,176976.55,59741.27,20827.69,91,Accessories,2,2,Product Not as Described,Critical,Resolved,4,0,No,4.5,2,0.222,Not as Expected,6,16641.92,No,No,3.7,5.1,0.0,0,2,0,3.4,3,13.6,15.5,No,4.3,4.4,4.3,3.7,3.7,12,8.8,1.26,0.294,No,No,0,Churned,No,Yes,No,No,Price Too High,1781913600000000000,42.9
CUST10378,59,Male,Abia,Regular,Referral,2025-01-23,19,11,1,283917.26,29548.44,27933.71,65,Dresses,3,2,Damaged Product,Medium,Pending,4,2,No,5.0,3,0.273,Product Description Inaccurate,7,51615.41,No,No,3.9,2.6,1.3,4,0,0,4.5,2,3.1,11.1,No,4.2,2.8,4.2,4.2,4.2,54,6.8,2.37,0.047,No,Yes,6,Churned,No,Yes,No,No,Poor Customer Service,1784419200000000000,59.4
CUST10379,19,Male,Abuja,Loyal,Instagram,2024-01-21,31,10,3,202929.94,68335.0,21445.51,37,Bags,3,3,Refund Delayed,Low,Resolved,4,1,No,4.6,1,0.1,Late Delivery,5,20188.39,Yes,Yes,3.3,3.4,0.0,0,0,0,4.3,3,7.7,10.8,No,4.5,4.2,4.5,4.4,3.8,32,8.7,1.36,0.195,Yes,No,0,Retained,Yes,No,No,No,Not Churned,,5.5
CUST10380,43,Female,Abuja,Regular,TikTok,2024-01-24,31,6,5,185449.67,125891.12,28488.12,47,Dresses,5,0,No Complaint,None,No Complaint,0,0,No,,1,0.167,Product Description Inaccurate,14,16355.72,Yes,Yes,2.6,3.1,0.0,0,0,0,4.1,0,16.8,18.8,Yes,4.6,4.6,4.6,4.7,4.1,51,9.6,5.22,0.196,No,No,0,Retained,Yes,No,No,No,Not Churned,,13.0
CUST10381,34,Female,Delta,High Value,Website,2025-01-13,19,14,5,225892.25,79912.1,17026.71,114,Electronics,2,3,Poor Customer Service,Medium,Closed,3,1,No,3.5,0,0.0,No Return,0,0.0,No,No,7.4,5.5,1.9,2,0,0,3.7,3,12.7,23.1,No,2.6,4.2,2.6,3.5,3.9,45,9.8,1.62,0.472,No,Yes,1,Churned,No,Yes,No,No,Too Many Delivery Problems,1769472000000000000,27.8
CUST10382,57,Male,Delta,Regular,Facebook,2024-12-04,21,13,3,428800.57,83737.9,30986.92,57,Tops,2,0,No Complaint,None,No Complaint,0,0,No,,1,0.077,Changed Mind,5,26138.2,Yes,No,5.0,5.5,0.0,1,0,1,5.0,3,11.6,18.0,Yes,4.8,4.2,4.8,4.5,4.4,53,10.0,6.07,0.157,No,Yes,4,Retained,Yes,No,No,No,Not Churned,,9.7
CUST10383,50,Female,Anambra,Regular,Google,2025-07-13,13,8,4,292408.7,152636.25,35577.32,26,Beauty,2,1,Poor Customer Service,High,Resolved,2,0,No,4.9,2,0.25,Wrong Color,8,64101.63,Yes,Yes,3.1,2.9,0.2,0,0,0,2.4,1,6.3,8.5,Yes,4.6,4.1,4.6,4.0,3.7,27,8.5,8.54,0.35,No,Yes,1,Retained,Yes,No,No,No,Not Churned,,7.9
CUST10384,26,Female,Kaduna,Regular,Email,2025-02-11,18,5,2,100163.49,40487.13,19493.73,154,Tops,5,1,Issue Not Resolved,Medium,Escalated,2,2,Yes,4.5,2,0.4,Late Delivery,2,31908.52,Yes,Yes,3.4,3.1,0.3,0,2,0,4.2,1,8.0,9.4,No,4.4,3.3,4.4,4.1,3.4,21,9.6,2.88,0.297,No,Yes,3,At Risk,Yes,No,Yes,No,Not Churned,,43.8
CUST10385,60,Female,Oyo,High Value,Google,2026-02-10,6,3,3,75767.81,67620.9,22748.96,117,Tops,2,1,Order Cancellation,Medium,Resolved,3,2,No,3.5,0,0.0,No Return,0,0.0,No,No,3.6,2.6,1.0,1,0,0,3.4,1,3.6,12.7,No,3.3,4.2,3.3,3.5,3.2,29,6.2,16.25,0.061,No,No,0,Dormant,Yes,No,No,Yes,Not Churned,,51.8
CUST10386,65,Male,Cross River,Loyal,Referral,2025-05-13,15,10,3,326169.94,88763.91,29222.08,23,Dresses,3,3,Wrong Product,Low,Resolved,7,2,No,4.3,2,0.2,Late Delivery,14,51607.36,No,No,3.9,4.2,0.0,0,0,0,5.0,3,0.2,7.0,No,4.4,4.9,4.4,5.0,4.9,60,10.0,1.75,0.094,Yes,No,0,Retained,Yes,No,No,No,Not Churned,,27.6
CUST10387,56,Female,Oyo,Regular,Instagram,2025-11-25,9,7,1,347900.28,52297.78,48489.48,275,Shoes,3,2,Refund Delayed,Critical,Resolved,7,1,No,4.5,1,0.143,Wrong Item,8,34132.96,No,No,4.2,4.6,0.0,0,0,0,3.9,2,3.1,18.7,No,4.0,4.2,4.0,4.0,3.7,47,8.1,3.46,0.336,No,No,0,Churned,No,Yes,No,No,Poor Product Quality,1782086400000000000,81.4
CUST10388,46,Female,Abuja,Loyal,Referral,2023-03-20,42,14,0,694498.08,0.0,55264.52,99,Tops,3,2,Poor Product Quality,High,Escalated,6,1,Yes,3.5,1,0.071,Late Delivery,7,29133.02,Yes,Yes,7.6,4.5,3.1,4,0,0,3.3,3,10.4,13.4,No,3.6,3.9,3.6,3.4,1.7,-7,9.1,9.6,0.399,No,No,0,Churned,No,Yes,No,No,Website/App Problems,1784764800000000000,30.6
CUST10389,59,Male,Kano,Regular,Instagram,2024-11-04,22,6,2,168846.93,52010.12,30471.63,141,Shoes,3,4,Poor Customer Service,Medium,Closed,4,0,No,5.0,1,0.167,Wrong Color,3,27794.32,No,No,3.2,3.3,0.0,0,0,0,4.6,4,19.0,19.3,No,3.5,4.9,3.5,3.9,3.0,30,10.0,9.42,0.237,Yes,No,0,Churned,No,Yes,No,No,Refund Problems,1770768000000000000,58.6
CUST10390,43,Female,Abuja,Regular,Email,2023-11-08,34,9,1,374935.0,31408.99,36667.52,49,Accessories,4,2,Exchange Difficulty,Low,Resolved,1,1,No,4.0,1,0.111,Wrong Color,6,27284.93,Yes,Yes,1.0,3.1,0.0,0,0,1,4.0,2,5.1,6.3,Yes,4.4,5.0,4.4,5.0,5.0,58,10.0,2.59,0.551,Yes,No,0,Retained,Yes,No,No,No,Not Churned,,27.6
CUST10391,52,Female,Abia,Regular,TikTok,2023-07-23,37,11,2,300726.18,51414.03,29833.88,27,Bags,3,3,Wrong Product,Low,Resolved,2,1,No,4.4,2,0.182,Damaged,5,25666.39,Yes,Yes,1.9,2.7,0.0,0,0,1,4.4,3,3.2,6.7,Yes,2.5,3.2,2.5,3.1,3.4,19,5.5,9.37,0.088,No,No,0,Churned,No,Yes,No,No,Price Too High,1786060800000000000,6.5
CUST10392,42,Female,Delta,Regular,Website,2025-09-11,11,9,1,571405.02,50658.57,57428.19,107,Tops,5,1,Late Delivery,Medium,Resolved,3,2,No,3.0,1,0.111,Changed Mind,4,31668.96,Yes,Yes,4.8,4.4,0.4,0,0,1,4.0,1,1.6,10.3,No,4.9,3.6,4.9,3.5,3.1,32,7.8,0.24,0.268,Yes,Yes,2,Dormant,Yes,No,No,Yes,Not Churned,,31.8
CUST10393,41,Female,Anambra,Regular,TikTok,2023-01-17,44,11,1,803635.57,70694.14,71212.67,67,Accessories,4,1,Return Difficulty,High,Resolved,2,1,No,4.7,1,0.091,Wrong Item,2,53112.12,Yes,Yes,3.9,3.2,0.7,1,0,0,3.7,1,9.7,11.8,Yes,4.4,3.6,4.4,4.4,5.0,45,10.0,0.37,0.37,Yes,No,0,Retained,Yes,No,No,No,Not Churned,,9.8
CUST10394,30,Male,Abia,High Value,Referral,2024-04-20,28,14,2,602429.1,103493.88,47245.76,69,Dresses,2,0,No Complaint,None,No Complaint,0,0,No,,1,0.071,Wrong Item,6,40271.16,Yes,Yes,5.4,2.8,2.6,3,0,0,3.3,0,8.3,10.7,Yes,4.5,4.7,4.5,4.4,3.9,46,9.7,0.56,0.065,Yes,No,0,Retained,Yes,No,No,No,Not Churned,,14.8
CUST10395,24,Female,Abuja,Regular,Google,2025-10-13,10,13,2,578503.32,75331.21,39441.28,37,Trousers,3,3,Exchange Difficulty,Low,Closed,4,0,No,5.0,0,0.0,No Return,0,0.0,No,No,2.8,3.6,0.0,0,0,1,3.5,3,10.0,16.4,No,3.6,4.2,3.6,3.0,3.0,9,6.6,12.0,0.461,No,No,0,Retained,Yes,No,No,No,Not Churned,,4.8
CUST10396,53,Female,Edo,High Value,Website,2023-07-29,37,16,2,715802.98,81364.72,39570.27,99,Bags,2,2,Poor Product Quality,Medium,Pending,6,1,No,3.8,0,0.0,No Return,0,0.0,No,No,2.4,2.9,0.0,0,0,2,3.4,2,6.6,9.7,No,5.0,4.5,5.0,4.7,4.4,19,9.7,2.7,0.291,Yes,Yes,1,Churned,No,Yes,No,No,Better Alternative,1775088000000000000,64.0
CUST10397,62,Male,Imo,Regular,Email,2024-05-13,28,10,6,356809.88,214474.07,34107.03,46,Beauty,3,1,Duplicate Charge,High,Resolved,5,0,No,4.3,1,0.1,Poor Quality,1,28418.33,No,No,6.0,4.0,2.0,0,0,0,3.9,1,3.5,10.5,No,3.6,4.1,3.6,4.1,4.0,37,8.5,2.7,0.345,No,No,0,Churned,No,Yes,No,No,Poor Product Quality,1773964800000000000,55.2
CUST10398,37,Male,Plateau,Loyal,Google,2024-03-04,30,7,4,153077.93,93277.19,22201.47,177,Tops,3,3,Order Cancellation,High,Resolved,2,0,No,5.0,0,0.0,No Return,0,0.0,No,No,6.3,2.9,3.4,2,0,0,3.1,3,0.6,5.4,Yes,4.9,5.0,4.9,4.6,3.9,58,10.0,6.07,0.178,No,No,0,At Risk,Yes,No,Yes,No,Not Churned,,56.1
CUST10399,18,Male,Abia,Regular,Website,2026-01-06,7,13,4,336425.26,95266.09,24787.6,56,Dresses,4,2,Poor Product Quality,High,Escalated,3,2,Yes,4.8,0,0.0,No Return,0,0.0,No,No,5.3,5.5,0.0,0,0,0,4.5,2,3.7,6.0,No,4.1,3.9,4.1,4.2,3.8,1,9.3,3.13,0.276,Yes,No,0,Retained,Yes,No,No,No,Not Churned,,14.4
CUST10400,25,Female,Kano,New Customer,Referral,2026-01-08,7,12,1,454820.3,35662.29,36114.21,76,Accessories,3,2,Late Delivery,Low,Resolved,5,1,No,4.2,3,0.25,Wrong Size,6,44878.48,No,No,2.3,3.5,0.0,0,2,0,3.8,2,3.4,5.0,No,5.0,3.4,5.0,4.2,4.2,40,9.9,3.49,0.161,No,No,0,Dormant,Yes,No,No,Yes,Not Churned,,18.5
CUST10401,63,Female,Edo,Regular,Referral,2023-02-27,42,11,2,289065.49,46750.41,25075.62,45,Accessories,3,2,Delivery Fee,Medium,Resolved,7,1,No,3.3,1,0.091,Late Delivery,6,17206.12,No,No,4.8,3.9,0.9,1,0,0,3.5,2,2.8,7.4,No,3.5,4.0,3.5,3.7,3.9,37,7.5,5.46,0.017,No,Yes,1,Retained,Yes,No,No,No,Not Churned,,6.7
CUST10402,33,Other,Anambra,New Customer,Google,2026-03-04,6,9,0,162127.44,0.0,16710.41,88,Accessories,1,1,Issue Not Resolved,High,Closed,3,1,No,4.7,0,0.0,No Return,0,0.0,No,No,2.2,4.3,0.0,0,0,0,3.8,1,7.8,9.9,No,3.2,4.0,3.2,3.6,4.2,28,8.4,12.46,0.115,No,No,0,Dormant,Yes,No,No,Yes,Not Churned,,11.6
CUST10403,31,Male,Cross River,Loyal,Facebook,2025-09-20,11,11,2,287052.35,54956.72,29055.59,16,Tops,5,4,Refund Rejected,Low,Resolved,6,1,No,3.9,0,0.0,No Return,0,0.0,No,No,5.4,5.1,0.3,2,1,1,4.3,4,0.2,6.0,No,3.0,4.2,3.0,4.1,3.7,30,7.9,0.55,0.216,No,No,0,Retained,Yes,No,No,No,Not Churned,,11.1
CUST10404,29,Female,Anambra,Regular,Instagram,2024-06-05,27,14,3,187944.48,41164.89,14789.97,15,Electronics,5,4,Discount Not Applied,Low,Resolved,1,1,No,4.6,1,0.071,Poor Quality,4,9941.03,No,No,5.6,5.3,0.3,1,0,2,4.3,4,11.6,18.1,Yes,3.1,3.7,3.1,3.8,3.8,25,8.4,6.24,0.132,Yes,No,0,Retained,Yes,No,No,No,Not Churned,,28.9
CUST10405,40,Female,Enugu,Loyal,Facebook,2024-08-03,25,9,2,686450.23,160595.7,79753.47,19,Dresses,2,1,Unexpected Charge,Low,Closed,1,1,No,4.8,0,0.0,No Return,0,0.0,No,No,5.1,3.6,1.5,1,0,0,4.0,2,3.7,6.0,Yes,3.9,5.0,3.9,3.8,3.7,-5,8.3,10.46,0.306,No,No,0,Retained,Yes,No,No,No,Not Churned,,2.9
CUST10406,32,Female,Rivers,Regular,Referral,2025-06-17,14,11,3,261338.63,68413.96,24381.82,85,Dresses,2,1,Missing Product,Medium,Closed,4,1,No,5.0,0,0.0,No Return,0,0.0,No,No,2.6,3.8,0.0,1,0,1,3.8,1,5.9,13.2,No,4.1,3.7,4.1,3.5,3.5,15,6.5,20.12,0.307,Yes,No,0,Dormant,Yes,No,No,Yes,Not Churned,,27.9
CUST10407,45,Male,Edo,New Customer,Google,2026-01-11,7,7,1,232523.96,30052.46,31567.72,34,Shoes,4,2,Poor Product Quality,Medium,Closed,3,1,No,4.1,3,0.429,Changed Mind,6,41150.44,No,No,2.8,3.0,0.0,0,1,0,3.8,2,1.8,5.2,No,3.5,2.8,3.5,3.3,3.0,-7,5.0,5.16,0.372,Yes,No,0,Retained,Yes,No,No,No,Not Churned,,5.8
CUST10408,51,Female,Enugu,Regular,Google,2024-09-12,23,10,4,525563.99,233215.95,56731.48,53,Tops,2,1,Failed Payment,High,Closed,2,0,No,4.9,0,0.0,No Return,0,0.0,No,No,5.2,3.1,2.1,1,0,0,4.5,1,1.8,16.6,Yes,4.8,4.6,4.8,4.1,3.8,24,9.7,2.45,0.158,No,No,0,Retained,Yes,No,No,No,Not Churned,,10.0
CUST10409,19,Female,Delta,High Value,Email,2025-12-03,9,16,10,1713943.94,1110109.57,104398.99,28,Dresses,1,3,Discount Not Applied,Medium,Resolved,6,1,No,3.6,1,0.062,Poor Quality,3,44097.08,No,No,4.3,4.7,0.0,0,0,1,5.0,3,2.7,6.3,No,3.7,3.9,3.7,4.1,3.7,7,7.3,6.54,0.258,No,No,0,Retained,Yes,No,No,No,Not Churned,,15.9
CUST10410,49,Female,Lagos,Loyal,Google,2025-08-23,12,7,2,189933.59,55938.94,29174.36,47,Dresses,2,2,Product Not as Described,Low,Resolved,5,0,No,5.0,2,0.286,Wrong Color,7,31784.77,Yes,Yes,3.6,3.8,0.0,0,0,1,4.7,2,4.1,9.5,No,4.4,4.4,4.4,4.5,3.5,34,8.0,5.15,0.34,No,No,0,Churned,No,Yes,No,No,Too Many Delivery Problems,1787011200000000000,55.0
CUST10411,40,Male,Kano,Regular,Google,2025-06-28,14,9,3,191921.8,64273.41,21849.44,75,Electronics,3,2,Product Not as Described,High,Pending,3,3,No,4.2,1,0.111,Damaged,7,12756.66,No,No,4.3,5.0,0.0,0,0,0,4.9,2,0.8,23.7,No,3.9,3.1,3.9,3.6,3.1,8,6.1,3.54,0.371,No,Yes,3,Churned,No,Yes,No,No,Refund Problems,1777766400000000000,36.8
CUST10412,39,Male,Imo,Regular,Instagram,2024-05-07,28,8,2,395210.55,90428.89,43618.21,100,Bags,2,2,Discount Not Applied,Medium,Resolved,3,1,No,3.8,1,0.125,Not as Expected,6,16276.15,No,No,2.9,4.1,0.0,1,0,1,5.0,3,6.0,10.1,No,3.6,4.5,3.6,4.8,4.7,37,10.0,3.2,0.337,No,No,0,Dormant,Yes,No,No,Yes,Not Churned,,15.4
CUST10413,42,Female,Lagos,New Customer,Instagram,2024-05-13,28,11,2,387142.79,56861.7,31372.42,74,Tops,2,2,Product Not as Described,Low,Pending,3,0,No,4.5,1,0.091,Late Delivery,2,15671.19,Yes,Yes,4.4,3.3,1.1,1,0,0,4.1,2,1.9,4.4,No,3.7,4.2,3.7,3.6,2.6,-4,7.6,9.13,0.353,No,No,0,Retained,Yes,No,No,No,Not Churned,,13.7
CUST10414,39,Male,Kaduna,High Value,Website,2025-11-07,9,10,3,340399.14,85635.8,29929.46,99,Trousers,3,2,Price Increase,Medium,Resolved,4,1,No,5.0,1,0.1,Product Description Inaccurate,5,10598.41,No,No,3.6,4.5,0.0,0,0,0,4.3,2,3.5,6.1,No,2.7,4.4,2.7,3.6,2.1,34,6.1,17.56,0.194,No,No,0,Dormant,Yes,No,No,Yes,Not Churned,,13.6
CUST10415,39,Male,Ogun,Loyal,Referral,2024-08-27,24,16,5,583603.16,184688.13,35082.99,38,Trousers,1,3,Refund Rejected,Medium,Closed,3,3,No,3.4,2,0.125,Wrong Item,3,32601.7,No,No,1.7,3.9,0.0,0,2,0,3.6,3,16.6,23.4,No,5.0,3.4,5.0,4.1,3.5,46,8.6,6.29,0.411,Yes,No,0,Retained,Yes,No,No,No,Not Churned,,29.7
CUST10416,59,Female,Plateau,Regular,Website,2025-08-05,13,16,1,642099.24,42434.28,39524.46,27,Bags,5,2,Issue Not Resolved,High,Resolved,6,1,No,5.0,0,0.0,No Return,0,0.0,No,No,4.2,5.2,0.0,0,0,1,4.3,2,8.6,16.4,No,3.9,3.9,3.9,3.8,3.7,32,8.1,4.56,0.214,No,Yes,3,Retained,Yes,No,No,No,Not Churned,,5.2
CUST10417,23,Female,Delta,Regular,Instagram,2023-10-21,34,9,4,843145.82,341629.89,84459.32,54,Shoes,1,2,Poor Customer Service,Medium,Closed,3,0,No,4.2,1,0.111,Wrong Color,8,67793.98,No,No,2.2,3.6,0.0,0,0,1,3.8,2,4.3,14.2,No,3.7,4.9,3.7,4.3,3.4,32,8.9,2.0,0.41,No,No,0,Retained,Yes,No,No,No,Not Churned,,9.7
CUST10418,32,Female,Delta,New Customer,Referral,2026-03-17,5,5,3,75842.28,47869.67,16825.62,118,Shoes,1,2,Missing Product,High,Closed,3,0,No,4.9,1,0.2,Wrong Color,4,15957.24,No,No,6.8,3.3,3.5,2,0,0,2.9,2,4.4,16.1,No,3.2,4.0,3.2,3.0,2.6,-6,6.7,8.02,0.441,No,No,0,Dormant,Yes,No,No,Yes,Not Churned,,20.2
CUST10419,60,Male,Lagos,High Value,Facebook,2023-06-21,38,14,2,1296473.74,162111.34,80935.83,57,Electronics,4,1,Issue Not Resolved,Medium,Resolved,2,4,Yes,5.0,1,0.071,Wrong Item,7,38007.08,Yes,No,4.0,3.8,0.2,0,0,1,3.6,2,12.7,15.3,No,4.0,3.8,4.0,4.3,3.8,25,9.1,8.93,0.456,Yes,Yes,5,Retained,Yes,No,No,No,Not Churned,,8.4
CUST10420,54,Male,Edo,New Customer,Facebook,2024-06-14,26,10,2,289649.91,51580.88,28825.46,46,Dresses,4,3,Poor Product Quality,Critical,Resolved,5,0,No,4.8,1,0.1,Product Description Inaccurate,4,22216.6,Yes,No,6.3,5.0,1.3,1,0,1,4.3,3,2.0,20.5,No,2.5,4.7,2.5,3.6,3.2,5,7.6,12.75,0.041,No,No,0,Retained,Yes,No,No,No,Not Churned,,8.1
CUST10421,50,Male,Rivers,Loyal,Instagram,2026-02-17,6,19,0,993363.58,0.0,49208.61,102,Dresses,3,3,Repeated Issue,High,Closed,6,3,No,4.3,1,0.053,Damaged,2,27628.0,Yes,Yes,4.0,5.0,0.0,0,0,0,4.2,3,7.3,20.3,No,4.1,3.5,4.1,3.5,1.9,11,10.0,9.51,0.158,No,No,0,Dormant,Yes,No,No,Yes,Not Churned,,56.1
CUST10422,25,Male,Imo,Regular,Instagram,2023-03-07,42,12,4,444711.65,119595.42,34419.76,27,Dresses,4,0,No Complaint,None,No Complaint,0,0,No,,5,0.417,Late Delivery,4,147961.02,No,No,5.9,5.2,0.7,0,2,0,3.7,2,6.8,13.7,Yes,3.6,3.5,3.6,3.7,3.7,15,9.5,3.67,0.098,Yes,No,0,Retained,Yes,No,No,No,Not Churned,,7.5
CUST10423,61,Female,Edo,Loyal,Google,2023-05-21,39,8,2,271639.55,56735.23,32344.61,107,Tops,5,4,Poor Customer Service,High,Resolved,2,1,No,3.8,1,0.125,Damaged,3,17791.09,Yes,No,5.4,5.0,0.4,0,0,0,4.7,4,4.2,13.9,Yes,4.7,3.5,4.7,4.3,5.0,8,7.0,1.96,0.66,Yes,No,0,Churned,No,Yes,No,No,Competitor,1772668800000000000,64.1
CUST10424,61,Male,Lagos,Loyal,Instagram,2024-03-21,29,9,0,354422.59,0.0,35138.64,29,Tops,3,2,Product Not as Described,Low,Escalated,7,2,Yes,4.4,1,0.111,Defective,5,18822.63,Yes,Yes,1.0,3.5,0.0,1,0,1,3.7,2,2.2,7.2,No,4.7,5.0,4.7,3.9,3.3,65,8.4,3.28,0.192,Yes,No,0,Retained,Yes,No,No,No,Not Churned,,5.4
CUST10425,22,Female,Imo,Loyal,Email,2023-07-08,38,6,0,125694.13,0.0,21871.94,66,Trousers,4,1,Duplicate Charge,Critical,Resolved,4,0,No,4.9,1,0.167,Wrong Color,8,14677.33,Yes,Yes,3.5,4.3,0.0,0,0,0,5.0,1,7.0,8.2,No,3.4,4.1,3.4,4.2,3.7,40,9.7,6.49,0.068,No,No,0,Churned,No,Yes,No,No,Refund Problems,1783296000000000000,40.6
CUST10426,56,Female,Kaduna,Loyal,Google,2023-06-07,39,10,1,707639.86,62770.05,69124.14,65,Beauty,2,2,Poor Customer Service,Medium,Pending,4,2,No,4.3,1,0.1,Duplicate Order,2,65574.59,No,No,3.3,4.9,0.0,0,0,1,4.0,3,3.4,5.9,No,4.3,4.6,4.3,4.5,4.8,28,6.0,6.11,0.266,No,No,0,Retained,Yes,No,No,No,Not Churned,,8.7
CUST10427,21,Male,Plateau,Loyal,Instagram,2024-10-31,22,8,2,334118.55,83535.97,41924.87,103,Dresses,4,2,Failed Payment,Low,Resolved,3,1,No,3.4,2,0.25,Wrong Color,6,47095.54,No,No,3.4,5.0,0.0,0,0,0,3.6,4,4.5,19.2,No,5.0,3.2,5.0,4.7,4.0,19,9.4,8.99,0.109,Yes,No,0,Churned,No,Yes,No,No,Relocated,1774224000000000000,56.0
CUST10428,23,Male,Plateau,New Customer,Facebook,2023-09-03,36,13,3,535299.06,126931.34,38478.91,92,Trousers,5,2,Refund Rejected,High,Resolved,2,0,No,4.7,1,0.077,Changed Mind,3,18141.48,Yes,Yes,3.8,3.7,0.1,0,0,1,3.6,2,6.3,15.1,Yes,5.0,4.9,5.0,4.6,5.0,0,8.5,5.66,0.367,No,Yes,7,Churned,No,Yes,No,No,Too Many Delivery Problems,1776902400000000000,40.1
CUST10429,62,Female,Edo,Regular,Referral,2025-05-05,16,10,1,272160.0,26881.25,27583.38,47,Bags,4,0,No Complaint,None,No Complaint,0,0,No,,1,0.1,Wrong Size,5,21170.39,No,No,3.6,4.0,0.0,0,0,0,3.8,1,1.1,7.2,Yes,5.0,3.7,5.0,3.6,3.3,30,8.8,1.7,0.253,No,No,0,Retained,Yes,No,No,No,Not Churned,,8.2
CUST10430,49,Male,Oyo,Regular,Instagram,2025-08-01,13,11,2,203022.53,34217.86,16463.34,68,Trousers,3,3,Product Not as Described,Medium,Resolved,1,1,No,3.8,2,0.182,Defective,1,29182.12,No,No,4.6,3.4,1.2,0,0,0,5.0,3,0.6,3.7,Yes,4.2,3.7,4.2,5.0,4.4,57,10.0,11.14,0.14,Yes,No,0,Retained,Yes,No,No,No,Not Churned,,8.8
CUST10431,47,Male,Edo,High Value,Website,2025-01-17,19,9,1,404196.56,40948.69,44359.95,107,Beauty,2,2,Long Waiting Time,Medium,Resolved,3,4,Yes,4.2,1,0.111,Wrong Item,3,37617.62,No,No,3.2,4.6,0.0,0,0,0,4.2,2,9.8,14.9,No,3.7,5.0,3.7,4.5,4.2,34,9.1,1.25,0.348,Yes,No,0,Dormant,Yes,No,No,Yes,Not Churned,,35.6
CUST10432,64,Female,Anambra,Regular,Email,2025-11-22,9,7,2,327178.83,99500.27,45612.2,183,Tops,3,2,Product Not as Described,Medium,Pending,7,1,No,3.7,0,0.0,No Return,0,0.0,No,No,5.2,4.5,0.7,0,0,1,4.1,3,3.7,8.6,No,4.3,4.5,4.3,3.6,2.7,18,6.5,11.06,0.23,No,No,0,At Risk,Yes,No,Yes,No,Not Churned,,34.5
CUST10433,52,Other,Ogun,Loyal,Facebook,2023-11-26,33,6,2,258801.57,77672.98,42570.97,87,Tops,2,0,No Complaint,None,No Complaint,0,0,No,,1,0.167,Product Description Inaccurate,5,15760.7,Yes,Yes,5.7,4.3,1.4,0,1,1,2.8,1,11.7,13.2,Yes,3.5,4.7,3.5,3.9,3.8,31,7.0,6.99,0.056,No,No,0,Dormant,Yes,No,No,Yes,Not Churned,,11.8
CUST10434,57,Female,Enugu,Loyal,Google,2024-05-26,27,2,2,70089.77,66816.1,33436.21,182,Dresses,2,2,Issue Not Resolved,Medium,Resolved,6,3,No,3.9,0,0.0,No Return,0,0.0,No,No,2.6,4.4,0.0,0,1,0,4.7,2,6.0,13.9,No,4.7,3.1,4.7,4.2,3.8,17,9.1,5.97,0.157,No,No,0,Churned,No,Yes,No,No,Price Too High,1782345600000000000,61.2
CUST10435,33,Female,Cross River,Regular,Instagram,2025-04-29,16,9,1,263419.57,31512.56,28756.73,35,Electronics,5,2,Failed Payment,Medium,Resolved,2,2,No,4.2,0,0.0,No Return,0,0.0,No,No,5.1,5.2,0.0,1,0,0,4.1,3,8.1,17.1,No,5.0,3.7,5.0,4.5,4.2,61,8.3,3.08,0.109,Yes,No,0,Retained,Yes,No,No,No,Not Churned,,9.4
CUST10436,30,Female,Kano,Regular,Referral,2025-12-30,8,8,2,525133.63,121893.79,57930.93,62,Bags,1,3,Issue Not Resolved,Medium,Resolved,4,2,No,3.6,1,0.125,Wrong Color,4,34615.32,No,No,7.0,5.0,2.0,1,0,0,3.0,3,10.3,14.2,No,3.4,4.2,3.4,3.8,3.3,25,7.3,8.15,0.504,No,No,0,Retained,Yes,No,No,No,Not Churned,,17.4
CUST10437,59,Male,Ogun,Regular,Google,2023-03-20,42,12,2,440923.32,88146.51,40139.27,63,Bags,5,1,App Crash,Medium,Resolved,6,2,No,5.0,1,0.083,Duplicate Order,8,24918.69,Yes,Yes,3.4,2.9,0.5,1,0,0,3.6,1,2.1,6.0,No,3.4,4.5,3.4,4.0,3.8,35,6.2,3.3,0.104,Yes,No,0,Retained,Yes,No,No,No,Not Churned,,16.0
CUST10438,47,Male,Edo,Regular,Facebook,2023-06-18,39,5,5,161894.26,161894.26,36643.19,33,Trousers,1,2,Issue Not Resolved,Medium,Pending,4,0,No,5.0,2,0.4,Duplicate Order,10,43129.37,Yes,Yes,2.9,4.4,0.0,0,0,0,5.0,4,1.2,4.0,No,3.8,3.7,3.8,4.2,3.3,30,7.6,1.27,0.053,Yes,Yes,2,Retained,Yes,No,No,No,Not Churned,,6.6
CUST10439,36,Female,Rivers,Regular,Facebook,2025-03-20,17,5,2,80895.07,27556.87,15848.07,73,Shoes,1,4,Duplicate Charge,Low,Closed,4,0,No,4.1,1,0.2,Duplicate Order,1,7150.16,No,No,1.5,3.0,0.0,0,0,0,3.5,4,0.9,4.0,No,4.2,2.9,4.2,3.5,3.0,21,5.7,3.01,0.256,Yes,No,0,Retained,Yes,No,No,No,Not Churned,,18.5
CUST10440,34,Female,Plateau,New Customer,Referral,2025-09-09,11,7,4,100954.52,48365.48,13274.49,137,Dresses,5,2,Discount Not Applied,High,Escalated,8,1,Yes,4.3,1,0.143,Not as Expected,4,12126.8,Yes,Yes,3.1,2.9,0.2,1,0,0,4.8,3,6.8,11.9,No,3.9,4.0,3.9,4.5,4.5,52,8.4,1.36,0.377,No,No,0,At Risk,Yes,No,Yes,No,Not Churned,,27.0
CUST10441,36,Male,Abia,Loyal,Google,2023-06-29,38,3,3,309130.65,309130.65,97670.42,61,Tops,4,1,Late Delivery,Low,Resolved,6,1,No,4.7,1,0.333,Wrong Size,1,77037.01,Yes,Yes,5.0,3.8,1.2,0,0,0,3.4,1,8.3,11.1,No,4.5,4.1,4.5,3.3,3.2,-4,5.7,2.42,0.417,No,Yes,4,Churned,No,Yes,No,No,Too Many Delivery Problems,1773273600000000000,28.1
CUST10442,45,Female,Ogun,High Value,Instagram,2023-09-17,36,10,2,542737.01,89760.66,47611.09,99,Dresses,5,5,Poor Product Quality,Low,Pending,11,0,No,4.4,1,0.1,Damaged,3,25886.99,Yes,Yes,5.2,4.0,1.2,0,0,1,3.2,5,13.0,18.6,No,3.3,3.7,3.3,3.1,2.4,21,4.4,7.32,0.081,No,No,0,At Risk,Yes,No,Yes,No,Not Churned,,15.2
CUST10443,43,Male,Plateau,Regular,TikTok,2025-10-25,10,8,0,443277.46,0.0,59630.65,43,Trousers,3,0,No Complaint,None,No Complaint,0,0,No,,1,0.125,Changed Mind,4,42049.84,No,No,3.7,2.8,0.9,0,0,1,3.9,1,15.3,22.2,Yes,5.0,4.6,5.0,4.6,4.1,55,7.6,3.67,0.323,Yes,No,0,Retained,Yes,No,No,No,Not Churned,,14.3
CUST10444,54,Male,Imo,Regular,Referral,2023-10-24,34,8,3,125620.08,44057.91,14711.33,55,Dresses,3,3,Refund Delayed,Medium,Pending,1,1,No,4.9,0,0.0,No Return,0,0.0,No,No,3.9,4.0,0.0,0,1,0,3.5,3,3.8,6.5,Yes,4.4,5.0,4.4,4.0,2.7,33,6.1,3.69,0.413,Yes,No,0,Retained,Yes,No,No,No,Not Churned,,7.4
CUST10445,43,Female,Rivers,New Customer,Website,2024-09-11,24,4,3,226839.5,150774.12,51541.11,21,Shoes,3,1,Login Problem,Low,Closed,2,2,No,5.0,0,0.0,No Return,0,0.0,No,No,2.6,3.0,0.0,0,0,0,4.5,1,6.4,14.0,No,3.5,3.9,3.5,4.0,3.9,41,8.1,13.44,0.414,No,No,0,Retained,Yes,No,No,No,Not Churned,,3.5
CUST10446,40,Male,Ogun,Loyal,Instagram,2025-05-04,16,10,2,314462.29,48337.8,27921.0,7,Shoes,3,1,Product Not as Described,High,Resolved,1,3,No,3.3,0,0.0,No Return,0,0.0,No,No,1.8,4.2,0.0,0,1,1,3.3,1,12.0,21.1,No,2.9,4.7,2.9,3.2,2.9,13,6.5,8.62,0.064,No,Yes,3,Retained,Yes,No,No,No,Not Churned,,3.8
CUST10447,26,Female,Imo,Loyal,Website,2023-12-26,32,6,2,207143.35,65032.52,33757.3,41,Beauty,1,2,Rude Staff,Medium,Resolved,16,1,No,3.4,1,0.167,Wrong Size,3,20941.91,No,No,5.3,5.0,0.3,0,0,0,4.8,2,9.1,16.0,No,4.4,4.2,4.4,4.3,4.4,20,7.2,0.75,0.355,No,No,0,Retained,Yes,No,No,No,Not Churned,,8.0
CUST10448,29,Other,Cross River,New Customer,TikTok,2023-04-27,40,14,4,567907.08,167265.85,41475.65,72,Dresses,1,2,Website Error,High,Resolved,3,2,No,5.0,0,0.0,No Return,0,0.0,No,No,2.9,2.8,0.1,0,0,1,4.8,2,3.1,7.9,No,4.2,3.9,4.2,4.4,4.2,58,8.6,4.01,0.181,Yes,No,0,Retained,Yes,No,No,No,Not Churned,,24.3
CUST10449,18,Male,Edo,New Customer,Instagram,2023-12-23,32,5,1,198496.68,31683.21,34886.79,104,Tops,5,0,No Complaint,None,No Complaint,0,0,No,,2,0.4,Wrong Item,8,35318.35,No,No,3.9,3.7,0.2,0,0,0,4.1,0,2.8,13.4,Yes,4.8,3.6,4.8,4.4,4.1,33,7.1,8.17,0.131,No,Yes,4,Dormant,Yes,No,No,Yes,Not Churned,,19.6
CUST10450,18,Male,Imo,Loyal,TikTok,2025-08-14,12,8,5,304391.24,153265.81,34789.25,119,Trousers,2,0,No Complaint,None,No Complaint,0,0,No,,0,0.0,No Return,0,0.0,No,No,5.3,3.2,2.1,1,0,0,4.3,0,0.8,6.1,Yes,5.0,3.9,5.0,4.9,4.5,84,9.4,5.09,0.392,No,Yes,3,Dormant,Yes,No,No,Yes,Not Churned,,27.0
CUST10451,64,Female,Abuja,Loyal,Google,2024-03-14,30,6,3,126648.12,67038.22,20958.63,31,Trousers,2,0,No Complaint,None,No Complaint,0,0,No,,0,0.0,No Return,0,0.0,No,No,4.0,4.2,0.0,0,0,1,3.6,2,6.9,16.6,Yes,4.1,4.5,4.1,4.4,4.5,33,8.0,5.74,0.474,Yes,No,0,Retained,Yes,No,No,No,Not Churned,,4.9
CUST10452,51,Male,Delta,New Customer,Email,2026-02-12,6,12,0,543844.01,0.0,42924.51,98,Shoes,1,1,Late Delivery,Medium,Resolved,4,4,Yes,4.2,1,0.083,Not as Expected,5,38882.44,No,No,5.2,5.2,0.0,0,0,1,3.7,1,2.8,6.9,No,4.6,5.0,4.6,4.6,4.4,53,9.5,0.26,0.095,No,Yes,2,Dormant,Yes,No,No,Yes,Not Churned,,14.2
CUST10453,49,Female,Ogun,Loyal,Instagram,2024-06-05,27,6,3,119569.36,55628.77,20862.54,133,Beauty,4,3,Website Error,Low,Closed,7,4,Yes,2.9,4,0.667,Poor Quality,8,77903.08,Yes,Yes,1.7,3.1,0.0,0,0,0,4.5,3,3.7,12.7,No,3.7,3.9,3.7,3.7,3.4,43,7.8,1.52,0.393,No,No,0,Churned,No,Yes,No,No,No Longer Needed,1772236800000000000,66.2
CUST10454,65,Female,Cross River,Regular,Referral,2023-07-18,38,9,3,202703.95,65066.16,21532.03,212,Beauty,1,1,Product Not as Described,Medium,Resolved,6,3,No,3.7,1,0.111,Poor Quality,4,17990.61,No,No,5.5,4.5,1.0,1,0,1,4.0,2,7.0,10.8,No,4.0,4.4,4.0,4.3,3.9,29,10.0,13.49,0.296,No,Yes,1,Churned,No,Yes,No,No,Poor Customer Service,1787702400000000000,76.6
CUST10455,42,Female,Edo,Regular,Google,2025-12-09,8,10,3,345015.65,104312.5,33633.55,51,Trousers,4,2,Wrong Product,High,Resolved,4,0,No,4.3,1,0.1,Not as Expected,3,28341.22,No,No,2.4,2.8,0.0,0,0,0,3.7,2,3.9,7.4,No,5.0,3.1,5.0,3.7,3.5,2,5.4,1.83,0.095,No,No,0,Retained,Yes,No,No,No,Not Churned,,11.5
CUST10456,57,Female,Delta,Loyal,Email,2026-03-11,5,8,3,124440.41,52365.59,17465.99,63,Beauty,2,1,Login Problem,Low,Resolved,3,1,No,5.0,2,0.25,Wrong Color,2,14762.6,No,No,8.0,4.1,3.9,2,0,0,3.0,1,3.1,4.3,No,4.0,3.7,4.0,3.4,3.6,3,8.2,3.24,0.293,No,No,0,Retained,Yes,No,No,No,Not Churned,,8.7
CUST10457,62,Female,Oyo,Loyal,Google,2024-10-31,22,10,0,626610.64,0.0,56261.24,110,Electronics,1,2,Late Delivery,Low,Escalated,3,1,Yes,4.2,0,0.0,No Return,0,0.0,No,No,5.9,4.5,1.4,0,0,1,3.6,2,9.2,21.2,No,3.1,4.3,3.1,3.4,3.8,17,6.9,12.32,0.059,No,No,0,Dormant,Yes,No,No,Yes,Not Churned,,16.6
CUST10458,18,Male,Imo,Regular,Email,2025-11-19,9,14,4,799524.7,198838.29,56412.11,21,Accessories,5,3,Missing Product,High,Escalated,6,0,Yes,4.6,2,0.143,Damaged,10,103722.75,Yes,Yes,7.9,4.5,3.4,4,0,0,3.4,3,2.5,6.0,No,3.0,4.0,3.0,4.0,4.4,45,9.1,0.58,0.18,No,No,0,Retained,Yes,No,No,No,Not Churned,,17.2
CUST10459,33,Male,Lagos,High Value,Website,2026-01-10,7,10,3,263379.42,67411.17,26089.34,62,Tops,3,1,Failed Payment,Medium,Closed,6,2,No,4.1,0,0.0,No Return,0,0.0,No,No,4.4,4.7,0.0,0,0,0,5.0,2,2.4,8.1,No,4.6,4.7,4.6,4.8,5.0,47,10.0,5.97,0.037,No,No,0,Retained,Yes,No,No,No,Not Churned,,13.9
CUST10460,56,Female,Oyo,Regular,Facebook,2023-01-31,43,11,1,298498.77,25773.8,28369.59,22,Trousers,2,1,Refund Rejected,Low,Closed,3,3,No,5.0,0,0.0,No Return,0,0.0,No,No,3.5,3.8,0.0,1,0,1,4.0,2,2.0,3.8,No,4.1,3.6,4.1,3.6,3.7,12,7.7,3.04,0.236,No,Yes,1,Churned,No,Yes,No,No,Too Many Delivery Problems,1775088000000000000,27.3
CUST10461,22,Male,Plateau,Loyal,Website,2025-10-04,11,9,4,273344.35,112617.67,32551.76,125,Accessories,1,1,Stock Availability,Low,Closed,7,0,No,3.4,1,0.111,Not as Expected,2,19118.4,No,No,6.3,4.8,1.5,2,0,0,3.6,1,5.0,11.1,No,3.8,4.2,3.8,4.6,3.9,54,8.3,5.97,0.123,No,No,0,Churned,No,Yes,No,No,Poor Product Quality,1785456000000000000,62.8
CUST10462,39,Female,Edo,Regular,Email,2023-11-29,33,9,5,107354.57,65405.77,12442.53,82,Accessories,1,2,Unexpected Charge,Low,Resolved,4,0,No,3.3,2,0.222,Wrong Size,2,19846.52,Yes,Yes,4.7,3.9,0.8,2,0,0,4.0,2,6.8,11.7,No,4.1,4.4,4.1,3.6,3.5,-15,6.4,18.75,0.074,No,No,0,Dormant,Yes,No,No,Yes,Not Churned,,14.1
CUST10463,46,Male,Rivers,Loyal,Facebook,2024-10-21,22,14,0,233323.53,0.0,15789.72,80,Electronics,3,1,Late Delivery,High,Pending,3,1,No,4.3,1,0.071,Wrong Item,6,6964.25,Yes,No,5.1,3.5,1.6,0,0,2,2.7,1,5.9,11.4,No,4.0,3.3,4.0,3.1,3.5,23,8.4,21.58,0.07,No,No,0,Dormant,Yes,No,No,Yes,Not Churned,,27.8
CUST10464,20,Male,Abuja,High Value,Google,2023-06-26,38,9,4,369029.82,180098.34,45239.28,42,Shoes,2,5,Price Increase,Low,Resolved,5,0,No,5.0,0,0.0,No Return,0,0.0,No,No,4.4,3.5,0.9,2,1,1,4.2,5,10.4,15.0,No,4.0,4.1,4.0,4.3,4.3,25,8.5,1.26,0.529,Yes,No,0,At Risk,Yes,No,Yes,No,Not Churned,,34.4
CUST10465,29,Female,Kaduna,New Customer,Referral,2024-01-05,32,9,0,336780.73,0.0,38582.44,144,Electronics,5,0,No Complaint,None,No Complaint,0,0,No,,1,0.111,Wrong Item,2,33131.63,No,No,3.0,3.0,0.0,0,0,1,4.8,1,2.4,5.6,Yes,3.9,3.6,3.9,4.0,4.4,23,8.9,10.83,0.378,No,No,0,At Risk,Yes,No,Yes,No,Not Churned,,25.4
CUST10466,43,Male,Delta,High Value,Facebook,2024-06-30,26,9,2,277051.27,57771.32,26902.52,10,Bags,5,3,Poor Product Quality,Critical,Resolved,10,1,No,4.8,0,0.0,No Return,0,0.0,No,No,5.2,4.7,0.5,0,0,0,4.5,3,15.1,21.8,No,4.1,4.9,4.1,4.8,4.2,63,9.2,4.54,0.126,Yes,No,0,Retained,Yes,No,No,No,Not Churned,,5.3
CUST10467,33,Female,Enugu,Loyal,Instagram,2024-06-18,26,13,2,321552.08,49420.31,25946.13,38,Accessories,5,1,Exchange Difficulty,Medium,Closed,3,2,No,4.5,1,0.077,Damaged,3,12672.11,No,No,2.4,3.0,0.0,0,0,0,4.3,2,12.4,14.3,No,4.4,5.0,4.4,4.4,4.8,22,8.4,10.63,0.413,No,No,0,Retained,Yes,No,No,No,Not Churned,,26.4
CUST10468,54,Female,Delta,Loyal,Facebook,2026-02-03,7,6,1,308129.46,45244.25,45008.81,56,Accessories,2,4,Missing Product,Low,Resolved,1,5,Yes,4.7,0,0.0,No Return,0,0.0,No,No,2.4,4.4,0.0,1,0,1,3.9,4,5.1,11.2,No,3.9,3.9,3.9,3.9,3.0,-1,7.7,5.72,0.35,No,Yes,4,Retained,Yes,No,No,No,Not Churned,,8.8
CUST10469,39,Male,Anambra,Regular,Facebook,2023-04-07,41,7,2,82397.95,28194.56,12959.54,71,Tops,5,4,Price Increase,Low,Closed,6,1,No,5.0,1,0.143,Poor Quality,7,10818.4,Yes,Yes,5.4,4.5,0.9,0,0,1,4.4,4,1.4,13.3,No,3.2,5.0,3.2,4.4,3.6,50,7.9,1.05,0.386,No,No,0,Churned,No,Yes,No,No,Lack of Product Availability,1784851200000000000,29.8
CUST10470,46,Female,Plateau,Loyal,Google,2023-08-18,37,7,5,604754.26,401782.09,78943.13,93,Trousers,4,5,Exchange Difficulty,Low,Resolved,5,1,No,5.0,0,0.0,No Return,0,0.0,No,No,5.3,3.4,1.9,5,0,0,3.0,5,4.0,5.0,No,4.2,3.9,4.2,3.8,3.8,1,8.2,1.52,0.293,No,No,0,At Risk,Yes,No,Yes,No,Not Churned,,51.6
CUST10471,31,Female,Abia,Loyal,Instagram,2023-08-15,37,8,2,397992.03,107123.65,49812.3,65,Dresses,1,3,Return Difficulty,High,Resolved,2,0,No,5.0,1,0.125,Duplicate Order,4,44162.99,No,No,3.8,4.0,0.0,0,0,0,4.6,3,14.4,20.8,Yes,4.6,4.4,4.6,4.2,3.4,38,8.7,5.72,0.529,No,No,0,Retained,Yes,No,No,No,Not Churned,,8.6
CUST10472,45,Female,Abia,Regular,Website,2024-01-06,32,8,1,197093.27,26973.85,26417.16,62,Bags,4,2,Issue Not Resolved,Low,Resolved,4,0,No,5.0,1,0.125,Defective,7,17762.56,No,No,4.2,4.5,0.0,0,0,0,4.8,2,6.2,27.6,No,2.8,3.8,2.8,3.5,3.1,8,7.8,0.24,0.044,No,Yes,1,Retained,Yes,No,No,No,Not Churned,,8.2
CUST10473,22,Male,Kano,High Value,TikTok,2026-01-28,7,10,2,419971.77,66650.9,38437.69,38,Accessories,2,2,Wrong Product,High,Closed,7,0,No,4.4,1,0.1,Changed Mind,13,18428.09,Yes,Yes,2.9,2.5,0.4,0,0,1,4.1,3,2.4,7.0,No,4.0,3.9,4.0,3.8,3.9,14,6.9,21.0,0.627,No,No,0,Retained,Yes,No,No,No,Not Churned,,21.9
CUST10474,64,Female,Edo,New Customer,Instagram,2023-02-24,42,10,2,547287.31,111609.16,62058.82,36,Accessories,5,1,Poor Product Quality,High,Resolved,1,1,No,4.7,1,0.1,Product Description Inaccurate,2,27336.39,Yes,No,3.8,3.3,0.5,0,1,0,4.0,3,1.0,15.7,Yes,3.5,3.9,3.5,3.5,3.4,29,4.9,4.52,0.188,No,Yes,1,Churned,No,Yes,No,No,Poor Product Quality,1782777600000000000,38.8
CUST10475,47,Female,Oyo,New Customer,Referral,2024-02-28,30,10,7,188468.05,147018.86,19355.31,51,Tops,5,2,Poor Customer Service,Low,Resolved,1,1,No,5.0,1,0.1,Damaged,12,8561.17,No,No,5.4,3.6,1.8,3,0,0,3.3,2,13.5,21.0,Yes,3.9,4.2,3.9,4.0,4.1,35,9.5,9.23,0.38,No,Yes,3,Retained,Yes,No,No,No,Not Churned,,35.7
CUST10476,63,Male,Enugu,Regular,Referral,2023-11-11,34,11,0,680180.47,0.0,59267.62,15,Electronics,5,2,App Crash,Medium,Resolved,11,3,No,3.0,1,0.091,Product Description Inaccurate,6,30251.32,No,No,6.5,5.3,1.2,1,0,0,4.5,2,7.2,12.8,No,3.7,3.9,3.7,4.2,4.1,7,5.7,6.79,0.38,No,No,0,Retained,Yes,No,No,No,Not Churned,,4.5
CUST10477,22,Male,Rivers,Regular,Email,2026-02-25,6,13,3,389314.68,91111.59,31778.96,63,Shoes,3,2,Missing Product,High,Escalated,12,3,Yes,3.6,1,0.077,Changed Mind,3,12659.59,No,No,3.0,3.9,0.0,0,0,0,4.2,2,4.7,12.0,No,4.0,3.9,4.0,3.7,4.4,12,7.0,5.32,0.125,No,No,0,Retained,Yes,No,No,No,Not Churned,,10.7
CUST10478,29,Female,Cross River,Loyal,Instagram,2023-02-01,43,7,3,301306.3,118545.13,44384.89,127,Beauty,3,2,Poor Product Quality,Low,Closed,9,1,No,4.9,3,0.429,Poor Quality,8,110366.08,No,No,2.4,4.0,0.0,0,0,1,3.2,2,5.3,10.0,No,3.8,3.2,3.8,3.8,3.6,37,7.3,8.67,0.393,Yes,No,0,At Risk,Yes,No,Yes,No,Not Churned,,34.1
CUST10479,33,Female,Rivers,New Customer,Facebook,2023-04-03,41,11,4,485073.83,173387.94,48743.22,144,Electronics,5,0,No Complaint,None,No Complaint,0,0,No,,1,0.091,Late Delivery,17,25060.73,No,No,5.0,4.5,0.5,0,0,1,3.7,3,3.8,6.9,Yes,4.0,4.6,4.0,4.5,3.6,47,10.0,5.11,0.211,No,No,0,Churned,No,Yes,No,No,Poor Customer Service,1771977600000000000,68.9
CUST10480,43,Female,Rivers,High Value,Website,2024-06-02,27,8,3,307908.86,111914.41,34662.95,73,Accessories,1,1,Issue Not Resolved,Low,Resolved,3,1,No,5.0,4,0.5,Product Description Inaccurate,1,49776.28,Yes,Yes,6.0,3.9,2.1,3,1,1,3.1,1,5.3,10.8,No,4.3,2.9,4.3,4.0,4.1,10,10.0,7.09,0.341,Yes,No,0,Retained,Yes,No,No,No,Not Churned,,28.6
CUST10481,43,Female,Kaduna,New Customer,Website,2025-05-02,16,13,3,698845.78,144652.56,54082.68,179,Tops,3,2,Late Delivery,Medium,Resolved,10,2,No,3.9,0,0.0,No Return,0,0.0,No,No,6.0,3.8,2.2,2,0,1,3.2,2,12.0,14.2,No,2.9,4.3,2.9,4.6,5.0,85,10.0,2.91,0.226,No,Yes,1,Churned,No,Yes,No,No,Payment Problems,1777507200000000000,72.8
CUST10482,65,Female,Anambra,New Customer,TikTok,2025-01-21,19,4,2,95991.3,49423.16,26106.45,123,Electronics,2,3,Price Increase,Medium,Resolved,2,2,No,5.0,1,0.25,Poor Quality,2,18314.95,No,No,3.0,5.4,0.0,0,0,0,4.7,3,12.7,17.9,No,3.7,3.8,3.7,3.5,2.8,22,6.6,1.15,0.308,No,No,0,At Risk,Yes,No,Yes,No,Not Churned,,58.3
CUST10483,38,Male,Abia,New Customer,Website,2026-02-03,7,11,4,325020.69,136092.72,31643.55,79,Dresses,5,3,Website Error,Medium,Resolved,4,1,No,4.1,0,0.0,No Return,0,0.0,No,No,5.9,4.9,1.0,1,0,0,3.7,3,2.0,7.2,No,3.7,3.9,3.7,3.3,2.6,-23,5.7,11.18,0.721,No,No,0,Churned,No,Yes,No,No,Poor Customer Service,1787529600000000000,34.3
CUST10484,56,Male,Rivers,Regular,Instagram,2024-02-20,30,9,0,189820.2,0.0,22101.27,81,Dresses,1,0,No Complaint,None,No Complaint,0,0,No,,2,0.222,Product Description Inaccurate,4,21446.67,No,No,5.0,4.6,0.4,0,1,0,3.6,1,6.9,7.4,Yes,3.7,4.0,3.7,3.8,4.0,27,8.4,6.02,0.219,No,No,0,Dormant,Yes,No,No,Yes,Not Churned,,10.1
CUST10485,53,Male,Cross River,High Value,Referral,2024-07-10,26,7,2,151447.01,46289.98,22968.47,15,Dresses,3,3,Unexpected Charge,Low,Closed,4,1,No,3.7,1,0.143,Defective,1,12484.0,No,No,1.5,3.9,0.0,0,0,0,3.7,3,4.7,5.4,No,2.7,4.5,2.7,3.7,3.0,23,6.2,5.11,0.077,No,No,0,Retained,Yes,No,No,No,Not Churned,,16.8
CUST10486,50,Female,Cross River,Loyal,Facebook,2024-01-01,32,12,3,427571.24,98659.94,35073.52,48,Trousers,2,2,Failed Payment,Medium,Pending,6,1,No,5.0,0,0.0,No Return,0,0.0,No,No,4.9,3.5,1.4,0,1,0,2.7,2,4.8,10.9,No,4.0,4.1,4.0,3.8,3.7,34,7.7,0.85,0.479,Yes,No,0,Retained,Yes,No,No,No,Not Churned,,8.9
CUST10487,47,Male,Imo,Loyal,Facebook,2024-08-21,24,12,1,649197.99,42193.39,48114.02,48,Electronics,3,0,No Complaint,None,No Complaint,0,0,No,,0,0.0,No Return,0,0.0,No,No,6.8,4.3,2.5,4,0,0,3.3,0,13.6,21.8,Yes,3.7,3.7,3.7,3.5,3.9,-22,7.6,13.48,0.146,No,No,0,Retained,Yes,No,No,No,Not Churned,,6.5
CUST10488,54,Female,Cross River,New Customer,Website,2023-11-27,33,9,2,144349.68,34224.73,17252.44,112,Accessories,2,3,Poor Product Quality,Medium,Resolved,3,1,No,4.9,1,0.111,Wrong Item,2,13190.93,No,No,5.0,3.8,1.2,1,0,0,4.3,3,6.8,13.5,No,3.1,4.6,3.1,4.2,4.3,43,8.1,11.89,0.1,No,No,0,Dormant,Yes,No,No,Yes,Not Churned,,18.9
CUST10489,40,Male,Abia,Regular,Instagram,2024-11-19,21,6,1,232378.78,37524.15,38635.89,42,Bags,5,1,Wrong Product,Medium,Resolved,1,0,No,4.6,1,0.167,Defective,2,31530.19,No,No,6.5,3.9,2.6,1,0,1,2.9,3,4.0,8.0,Yes,5.0,4.1,5.0,3.4,3.1,33,6.4,4.84,0.184,No,No,0,Retained,Yes,No,No,No,Not Churned,,7.5
CUST10490,27,Male,Rivers,Regular,Google,2023-01-11,44,13,4,773910.38,196658.77,56201.04,39,Trousers,1,1,Coupon Expired,High,Resolved,5,0,No,5.0,0,0.0,No Return,0,0.0,No,No,4.1,3.2,0.9,2,0,0,3.2,1,2.9,9.2,No,3.5,4.2,3.5,3.3,3.4,-31,7.3,0.82,0.339,No,Yes,7,Retained,Yes,No,No,No,Not Churned,,19.1
CUST10491,22,Female,Cross River,Regular,Website,2025-03-28,17,8,6,448303.72,331590.45,60280.22,140,Beauty,4,1,Refund Rejected,Low,Resolved,1,1,No,3.7,0,0.0,No Return,0,0.0,No,No,4.9,4.9,0.0,0,0,0,4.3,1,3.4,6.8,Yes,3.6,3.8,3.6,4.0,3.4,61,8.8,5.38,0.613,No,No,0,At Risk,Yes,No,Yes,No,Not Churned,,17.9
CUST10492,53,Male,Edo,New Customer,Facebook,2024-02-23,30,16,4,446518.49,125379.09,30282.2,99,Accessories,3,1,Poor Customer Service,High,Resolved,10,1,No,3.2,0,0.0,No Return,0,0.0,No,No,5.8,4.9,0.9,1,0,0,3.3,1,19.6,25.7,No,4.6,4.4,4.6,4.5,3.9,19,9.0,6.48,0.102,No,No,0,Dormant,Yes,No,No,Yes,Not Churned,,12.5
CUST10493,51,Female,Anambra,Loyal,Email,2026-02-19,6,14,3,249138.21,60162.66,19302.16,149,Tops,1,2,Return Difficulty,Low,Resolved,9,0,No,3.5,2,0.143,Product Description Inaccurate,6,23932.29,No,No,2.4,3.4,0.0,0,1,0,4.1,2,1.5,14.0,No,3.2,4.4,3.2,3.9,4.0,25,9.7,2.0,0.555,No,No,0,At Risk,Yes,No,Yes,No,Not Churned,,23.4
CUST10494,48,Male,Ogun,Regular,Email,2025-06-29,14,8,6,394679.62,264647.88,44122.51,63,Bags,4,2,Duplicate Charge,Medium,Escalated,6,2,Yes,5.0,1,0.125,Wrong Color,3,19953.91,Yes,No,2.7,3.4,0.0,0,1,1,3.9,2,4.4,13.5,No,3.5,4.5,3.5,3.4,3.9,13,5.3,5.2,0.539,No,No,0,Retained,Yes,No,No,No,Not Churned,,21.8
CUST10495,27,Female,Abuja,Loyal,Referral,2023-12-14,33,13,5,551886.77,173769.03,39599.98,18,Electronics,5,1,Unexpected Charge,Low,Resolved,4,1,No,3.7,0,0.0,No Return,0,0.0,No,No,4.0,3.3,0.7,0,0,0,3.4,2,2.4,5.7,No,3.3,4.9,3.3,4.3,3.5,21,7.8,3.11,0.105,Yes,No,0,Retained,Yes,No,No,No,Not Churned,,2.4
CUST10496,36,Female,Abuja,Regular,Instagram,2025-08-15,12,7,6,217333.92,204026.68,31980.92,21,Tops,2,2,Coupon Expired,Medium,Pending,2,0,No,4.0,1,0.143,Poor Quality,5,28116.27,Yes,No,3.0,3.0,0.0,0,0,0,4.1,2,11.0,16.5,Yes,4.3,4.6,4.3,4.4,3.5,11,9.8,4.82,0.119,No,No,0,Retained,Yes,No,No,No,Not Churned,,2.7
CUST10497,49,Male,Anambra,New Customer,Google,2024-02-16,30,8,1,250786.46,24917.48,27897.61,48,Shoes,5,6,Product Not as Described,Low,Resolved,5,1,No,5.0,1,0.125,Wrong Color,3,22024.25,No,No,8.0,5.1,2.9,2,0,1,3.8,6,16.1,17.1,No,3.2,3.6,3.2,3.2,2.4,0,6.2,7.77,0.14,No,No,0,At Risk,Yes,No,Yes,No,Not Churned,,12.3
CUST10498,18,Female,Kano,Loyal,Google,2023-06-02,39,6,1,256695.82,38749.72,37612.52,95,Accessories,1,0,No Complaint,None,No Complaint,0,0,No,,3,0.5,Wrong Size,8,69703.21,Yes,Yes,3.3,3.3,0.0,0,0,1,4.8,0,5.6,8.4,Yes,4.3,3.6,4.3,3.9,3.5,-1,7.5,2.3,0.505,No,Yes,2,Dormant,Yes,No,No,Yes,Not Churned,,15.7
CUST10499,22,Male,Kaduna,New Customer,Google,2023-04-02,41,7,4,270693.05,134806.75,39158.59,158,Accessories,1,1,Issue Not Resolved,Low,Resolved,5,1,No,4.3,2,0.286,Product Description Inaccurate,7,73627.19,No,No,4.9,4.6,0.3,0,0,0,4.9,1,8.8,9.6,No,3.9,3.7,3.9,3.9,3.9,27,5.7,4.59,0.067,Yes,No,0,At Risk,Yes,No,Yes,No,Not Churned,,46.1
CUST10500,62,Female,Plateau,Loyal,Facebook,2023-11-27,33,11,2,294253.15,49039.83,26281.92,20,Shoes,3,0,No Complaint,None,No Complaint,0,0,No,,2,0.182,Defective,1,21552.0,Yes,No,3.4,2.8,0.6,0,1,1,4.0,2,3.5,7.9,Yes,3.3,3.5,3.3,3.3,2.5,21,5.1,2.9,0.255,No,No,0,Retained,Yes,No,No,No,Not Churned,,7.6
CUST10501,21,Male,Plateau,Loyal,Email,2025-08-12,12,17,2,478537.25,55889.67,28821.28,37,Electronics,4,2,Duplicate Charge,Medium,Resolved,10,0,No,3.5,1,0.059,Defective,8,12627.69,Yes,Yes,6.2,4.7,1.5,1,0,0,3.1,2,13.0,20.8,No,3.3,4.5,3.3,3.1,2.1,-17,7.9,6.41,0.205,Yes,No,0,Retained,Yes,No,No,No,Not Churned,,16.9
CUST10502,33,Male,Enugu,New Customer,Instagram,2025-08-27,12,5,2,77289.55,28142.61,16419.43,41,Tops,4,2,Website Error,High,Resolved,1,2,No,5.0,0,0.0,No Return,0,0.0,No,No,1.0,2.9,0.0,0,0,0,4.3,3,5.8,9.1,No,4.2,4.1,4.2,4.4,4.2,50,8.7,17.29,0.235,No,No,0,Retained,Yes,No,No,No,Not Churned,,17.5
CUST10503,41,Female,Abia,High Value,TikTok,2024-07-07,26,14,3,566476.89,99381.61,37101.17,101,Bags,3,2,App Crash,High,Escalated,1,2,Yes,4.5,1,0.071,Wrong Color,5,15930.04,Yes,Yes,5.4,3.0,2.4,3,0,1,3.2,2,5.5,10.5,No,4.3,3.5,4.3,3.2,2.7,23,6.7,2.61,0.347,Yes,No,0,Churned,No,Yes,No,No,Price Too High,1776729600000000000,39.1
CUST10504,33,Female,Imo,Regular,Instagram,2025-07-18,13,12,1,494444.64,36302.63,39046.52,36,Electronics,5,2,Poor Customer Service,High,Resolved,5,1,No,2.7,0,0.0,No Return,0,0.0,No,No,6.5,5.0,1.5,1,0,0,3.5,2,2.3,5.0,No,3.0,3.1,3.0,3.1,2.5,-16,8.0,4.34,0.312,No,Yes,5,Churned,No,Yes,No,No,Too Many Delivery Problems,1782259200000000000,8.1
CUST10505,19,Female,Delta,New Customer,Referral,2023-07-13,38,7,2,121552.79,38864.23,17736.07,48,Dresses,4,0,No Complaint,None,No Complaint,0,0,No,,0,0.0,No Return,0,0.0,No,No,4.4,3.4,1.0,1,0,1,4.0,0,6.9,11.1,Yes,4.4,5.0,4.4,4.4,3.8,21,9.3,1.92,0.276,No,Yes,7,Retained,Yes,No,No,No,Not Churned,,6.1
CUST10506,45,Female,Edo,Loyal,Website,2024-06-13,27,9,4,241904.5,127095.06,30409.33,92,Bags,5,5,Refund Delayed,Low,Resolved,1,2,No,5.0,0,0.0,No Return,0,0.0,No,No,7.6,3.0,4.6,5,0,0,3.8,5,8.0,16.6,No,4.4,4.0,4.4,3.9,3.2,29,6.7,4.5,0.357,No,Yes,2,At Risk,Yes,No,Yes,No,Not Churned,,19.2
CUST10507,49,Female,Lagos,Regular,Facebook,2025-04-24,16,13,4,351420.54,105539.36,24887.27,81,Electronics,2,1,Stock Availability,Critical,Resolved,6,1,No,3.3,1,0.077,Defective,4,9160.82,No,No,3.9,4.1,0.0,0,1,0,4.7,1,3.8,10.6,No,4.1,4.1,4.1,4.5,4.3,21,8.9,15.49,0.225,No,Yes,2,Dormant,Yes,No,No,Yes,Not Churned,,10.3
CUST10508,44,Male,Abuja,Loyal,Facebook,2024-09-30,23,12,4,669956.02,225087.03,55337.7,20,Electronics,1,5,Wrong Product,Medium,Resolved,3,0,No,5.0,0,0.0,No Return,0,0.0,No,No,2.2,2.7,0.0,0,0,0,4.1,5,9.9,14.9,No,3.6,4.0,3.6,4.0,3.1,29,9.2,7.52,0.151,Yes,No,0,At Risk,Yes,No,Yes,No,Not Churned,,2.9
CUST10509,37,Male,Ogun,Loyal,Referral,2024-04-22,28,14,0,219379.03,0.0,17416.2,146,Trousers,2,4,Wrong Product,Medium,Resolved,4,4,Yes,4.3,0,0.0,No Return,0,0.0,No,No,3.3,4.6,0.0,0,0,0,4.7,4,7.2,15.9,No,3.5,3.9,3.5,3.9,2.7,34,7.1,11.26,0.358,No,No,0,At Risk,Yes,No,Yes,No,Not Churned,,35.4
CUST10510,41,Male,Anambra,High Value,TikTok,2024-04-24,28,15,2,750620.81,112543.21,54772.91,14,Bags,3,4,Order Cancellation,Medium,Resolved,10,2,No,3.4,2,0.133,Changed Mind,8,95578.73,No,No,8.2,5.0,3.2,7,0,0,2.9,4,4.4,10.0,No,4.4,4.8,4.4,3.7,3.5,-26,6.5,8.14,0.177,No,No,0,Retained,Yes,No,No,No,Not Churned,,11.9
CUST10511,29,Male,Enugu,Regular,TikTok,2023-10-15,35,8,1,494794.72,60009.36,58923.1,78,Tops,4,0,No Complaint,None,No Complaint,0,0,No,,0,0.0,No Return,0,0.0,No,No,2.9,3.2,0.0,0,0,0,4.5,1,2.6,4.8,Yes,4.0,4.1,4.0,3.7,3.7,13,9.2,12.01,0.138,No,No,0,Churned,No,Yes,No,No,Competitor,1772064000000000000,22.9
CUST10512,52,Male,Anambra,Regular,Google,2024-11-28,21,11,3,112773.23,30007.36,9977.63,22,Bags,2,2,Refund Rejected,Low,Pending,9,1,No,5.0,1,0.091,Defective,8,5716.96,Yes,Yes,8.2,4.6,3.6,5,0,2,3.2,2,2.1,9.0,No,4.6,4.0,4.6,4.2,4.0,33,9.9,1.7,0.036,No,Yes,4,Churned,No,Yes,No,No,Payment Problems,1779580800000000000,55.9
CUST10513,50,Male,Delta,Loyal,Facebook,2024-11-25,21,10,3,411534.5,120801.67,43551.89,32,Shoes,1,2,Wrong Product,Medium,Closed,5,0,No,3.7,1,0.1,Duplicate Order,7,21299.14,No,No,3.9,2.7,1.2,0,1,0,3.8,4,3.4,5.0,No,4.3,4.7,4.3,4.3,4.1,25,9.0,12.48,0.656,Yes,Yes,4,Retained,Yes,No,No,No,Not Churned,,4.6
CUST10514,50,Female,Enugu,New Customer,Email,2024-06-23,26,13,0,486905.77,0.0,40810.22,67,Tops,4,3,Account Issue,Critical,Escalated,8,1,Yes,4.3,0,0.0,No Return,0,0.0,No,No,4.7,3.9,0.8,0,0,0,4.5,3,7.4,9.5,No,4.2,4.2,4.2,4.6,4.5,2,8.4,2.5,0.483,Yes,Yes,4,Retained,Yes,No,No,No,Not Churned,,44.9
CUST10515,60,Male,Abuja,Regular,Website,2023-11-26,33,8,3,137905.86,43173.06,15406.71,25,Electronics,5,4,Issue Not Resolved,Medium,Closed,3,0,No,4.4,1,0.125,Poor Quality,7,8178.27,Yes,Yes,6.2,5.4,0.8,1,0,0,3.3,4,3.3,6.8,No,3.3,4.2,3.3,3.2,2.9,-7,6.4,13.24,0.474,No,No,0,Churned,No,Yes,No,No,No Longer Needed,1774915200000000000,16.1
CUST10516,54,Male,Rivers,Regular,Google,2024-04-14,29,8,2,201003.47,50891.62,27417.12,1,Trousers,4,1,Discount Not Applied,Medium,Escalated,3,4,Yes,4.4,1,0.125,Wrong Size,9,22836.86,No,No,2.9,4.1,0.0,0,0,0,4.5,1,7.6,13.1,No,3.7,2.9,3.7,3.9,4.1,18,7.4,15.53,0.213,No,No,0,Retained,Yes,No,No,No,Not Churned,,4.0
CUST10517,29,Male,Imo,New Customer,Website,2025-04-28,16,13,3,304881.7,67733.96,25967.88,42,Tops,1,1,Late Delivery,Medium,Resolved,1,2,No,5.0,0,0.0,No Return,0,0.0,No,No,4.8,3.7,1.1,2,0,1,3.0,1,1.5,5.6,No,4.3,3.7,4.3,2.6,1.7,-40,2.8,10.84,0.615,Yes,No,0,Churned,No,Yes,No,No,Refund Problems,1783555200000000000,5.5
CUST10518,20,Female,Anambra,Regular,Google,2024-06-17,26,14,4,297916.92,85377.98,20317.07,30,Tops,4,2,Exchange Difficulty,Low,Escalated,5,1,Yes,4.3,1,0.071,Wrong Size,1,18247.2,No,No,3.4,2.5,0.9,1,0,0,4.3,2,16.9,18.4,No,4.8,3.2,4.8,5.0,5.0,51,10.0,1.01,0.302,No,No,0,Retained,Yes,No,No,No,Not Churned,,3.8
CUST10519,18,Female,Imo,Loyal,Google,2024-04-11,29,3,3,67047.68,66632.26,23570.43,42,Bags,2,0,No Complaint,None,No Complaint,0,0,No,,1,0.333,Wrong Color,2,18040.3,Yes,No,5.6,3.3,2.3,0,0,0,3.4,3,10.3,15.1,Yes,2.8,4.3,2.8,4.0,3.9,33,9.2,9.18,0.41,No,No,0,Retained,Yes,No,No,No,Not Churned,,6.8
CUST10520,50,Female,Imo,Loyal,Instagram,2025-09-03,12,8,1,407121.74,49416.25,48133.06,30,Beauty,3,1,Refund Delayed,Low,Closed,10,2,No,3.7,0,0.0,No Return,0,0.0,No,No,5.0,3.8,1.2,2,0,0,3.3,1,8.8,25.9,No,3.3,3.8,3.3,2.9,2.8,1,5.7,10.3,0.258,No,Yes,4,At Risk,Yes,No,Yes,No,Not Churned,,26.6
CUST10521,57,Male,Imo,New Customer,Google,2024-02-24,30,9,3,303512.07,91966.34,33321.82,18,Trousers,2,5,Product Not as Described,Medium,Resolved,4,0,No,4.4,0,0.0,No Return,0,0.0,No,No,4.0,3.6,0.4,0,0,0,3.7,5,14.0,27.5,No,3.0,3.4,3.0,3.1,2.7,-14,8.2,8.13,0.171,No,No,0,At Risk,Yes,No,Yes,No,Not Churned,,4.5
CUST10522,27,Female,Ogun,New Customer,Referral,2026-02-19,6,16,3,360810.25,72234.09,24065.9,127,Electronics,4,0,No Complaint,None,No Complaint,0,0,No,,0,0.0,No Return,0,0.0,No,No,3.2,3.8,0.0,1,1,0,4.4,2,6.6,10.6,Yes,5.0,3.8,5.0,4.2,4.3,36,8.0,19.81,0.287,No,No,0,At Risk,Yes,No,Yes,No,Not Churned,,16.1
CUST10523,60,Female,Lagos,Regular,Instagram,2025-01-31,19,6,2,99456.5,31671.83,18442.41,93,Trousers,5,3,Late Delivery,Low,Resolved,2,3,No,4.5,0,0.0,No Return,0,0.0,No,No,3.6,2.6,1.0,2,1,1,3.0,3,1.4,3.9,No,3.6,4.7,3.6,3.5,3.8,-6,7.8,5.76,0.617,No,No,0,Dormant,Yes,No,No,Yes,Not Churned,,17.8
CUST10524,61,Male,Abuja,Loyal,Google,2025-10-02,11,10,3,430732.44,125976.41,47908.36,41,Accessories,4,1,Website Error,Medium,Escalated,5,1,Yes,4.4,0,0.0,No Return,0,0.0,No,No,4.3,4.1,0.2,0,0,0,3.7,1,14.4,17.1,No,4.5,4.4,4.5,4.0,4.0,21,9.3,3.81,0.318,No,Yes,6,Retained,Yes,No,No,No,Not Churned,,17.7
CUST10525,46,Female,Imo,New Customer,Website,2025-06-09,14,9,1,674056.67,67893.94,72140.69,41,Dresses,1,5,Coupon Expired,Medium,Resolved,3,4,Yes,4.7,1,0.111,Late Delivery,12,31931.57,No,No,4.2,3.3,0.9,1,1,0,4.4,5,0.5,3.3,No,3.4,4.0,3.4,4.0,3.0,37,8.5,1.99,0.127,No,No,0,Churned,No,Yes,No,No,Too Many Delivery Problems,1783468800000000000,33.5
CUST10526,30,Female,Ogun,Loyal,TikTok,2023-11-04,34,9,5,281253.97,132118.18,28809.52,97,Accessories,2,3,Missing Product,Low,Pending,9,1,No,4.8,1,0.111,Damaged,4,15139.53,No,No,3.5,3.7,0.0,0,0,0,3.8,3,1.7,9.0,No,3.6,4.0,3.6,3.5,3.9,11,5.5,4.76,0.589,No,Yes,1,Dormant,Yes,No,No,Yes,Not Churned,,21.0
CUST10527,29,Female,Oyo,New Customer,Referral,2025-07-12,13,16,3,522429.88,86208.98,30624.29,88,Trousers,2,2,Delivery Fee,Medium,Resolved,3,3,No,5.0,2,0.125,Wrong Size,2,46583.27,No,No,5.5,5.2,0.3,1,0,0,4.3,2,2.9,4.2,No,3.6,3.8,3.6,3.4,2.9,2,6.7,0.74,0.166,Yes,No,0,Dormant,Yes,No,No,Yes,Not Churned,,31.6
CUST10528,48,Male,Abia,Loyal,Website,2023-11-30,33,4,1,453439.42,118003.23,108992.49,36,Electronics,4,1,Repeated Issue,High,Closed,1,0,No,4.3,0,0.0,No Return,0,0.0,No,No,3.6,5.0,0.0,0,1,0,3.8,1,14.2,15.9,Yes,3.8,4.2,3.8,4.5,3.5,34,8.5,4.48,0.324,No,No,0,Retained,Yes,No,No,No,Not Churned,,5.6
CUST10529,63,Male,Plateau,Regular,Instagram,2025-08-11,12,8,2,358770.23,83137.53,47864.08,97,Dresses,3,3,Poor Product Quality,Low,Escalated,3,0,Yes,4.7,0,0.0,No Return,0,0.0,No,No,2.9,3.7,0.0,0,0,0,5.0,3,7.8,8.1,No,3.3,3.7,3.3,4.3,3.7,51,10.0,0.78,0.449,No,No,0,Churned,No,Yes,No,No,Too Many Delivery Problems,1779494400000000000,48.6
CUST10530,19,Female,Lagos,Loyal,Referral,2025-10-18,10,9,4,544067.47,209861.74,54329.89,92,Shoes,4,2,Return Difficulty,Critical,Closed,2,2,No,3.3,0,0.0,No Return,0,0.0,No,No,1.0,2.7,0.0,0,0,0,4.5,2,5.8,9.7,No,4.1,3.3,4.1,3.9,3.7,20,5.9,6.13,0.469,No,No,0,Dormant,Yes,No,No,Yes,Not Churned,,16.4
CUST10531,52,Male,Kano,Regular,Website,2025-02-27,18,6,3,153036.34,65568.46,24296.38,75,Tops,3,0,No Complaint,None,No Complaint,0,0,No,,1,0.167,Defective,2,13853.61,Yes,No,5.0,5.2,0.0,0,0,0,4.9,0,6.2,10.5,Yes,3.5,3.6,3.5,3.9,3.8,30,6.6,7.05,0.574,No,No,0,Retained,Yes,No,No,No,Not Churned,,9.9
CUST10532,40,Female,Kaduna,Loyal,Referral,2025-04-11,16,4,4,91021.94,80066.74,21317.94,165,Dresses,4,5,Damaged Product,Medium,Resolved,5,0,No,4.4,1,0.25,Duplicate Order,10,8682.17,Yes,Yes,2.4,3.7,0.0,0,0,0,4.7,5,15.3,24.7,No,4.2,3.1,4.2,3.9,3.0,11,5.7,5.36,0.201,No,No,0,Churned,No,Yes,No,No,No Longer Needed,1783382400000000000,70.5
CUST10533,34,Male,Abuja,Regular,Google,2025-04-23,16,12,0,669726.36,0.0,59345.48,52,Bags,2,4,Refund Delayed,Medium,Closed,4,0,No,4.8,0,0.0,No Return,0,0.0,No,No,4.0,3.9,0.1,0,0,0,4.3,4,13.7,20.3,No,4.5,4.3,4.5,4.3,3.9,10,8.3,9.43,0.415,Yes,No,0,Retained,Yes,No,No,No,Not Churned,,6.4
CUST10534,43,Male,Rivers,Loyal,Instagram,2023-09-07,36,12,1,454599.48,43567.45,39851.87,103,Trousers,3,2,Login Problem,Low,Resolved,6,0,No,4.8,1,0.083,Wrong Size,4,34167.31,Yes,Yes,3.3,2.8,0.5,2,0,1,3.3,2,2.0,6.0,No,3.8,4.2,3.8,3.7,3.3,-22,8.3,6.18,0.47,No,No,0,Dormant,Yes,No,No,Yes,Not Churned,,30.4
CUST10535,25,Male,Cross River,Loyal,Website,2026-01-23,7,9,0,355249.57,0.0,35085.18,112,Electronics,1,2,Return Difficulty,Medium,Resolved,1,1,No,4.5,0,0.0,No Return,0,0.0,No,No,5.4,4.6,0.8,0,0,0,4.4,2,5.1,9.1,Yes,3.2,4.5,3.2,3.8,3.4,7,9.0,4.37,0.223,No,No,0,Dormant,Yes,No,No,Yes,Not Churned,,15.5
CUST10536,46,Female,Abuja,New Customer,Google,2023-07-03,38,13,2,512781.36,83791.68,39110.72,53,Accessories,3,2,Duplicate Charge,High,Resolved,15,3,No,3.2,2,0.154,Poor Quality,13,44794.91,No,No,2.2,4.6,0.0,0,1,0,3.6,2,8.4,15.0,No,3.5,4.4,3.5,3.5,3.3,-16,5.8,2.5,0.099,No,Yes,6,Retained,Yes,No,No,No,Not Churned,,10.4
CUST10537,43,Male,Delta,Loyal,Website,2025-03-09,18,16,2,1206347.26,129889.21,73233.57,88,Bags,5,1,Refund Delayed,Low,Resolved,6,0,No,4.0,0,0.0,No Return,0,0.0,No,No,2.9,3.7,0.0,0,0,0,4.0,2,19.0,21.2,No,3.7,4.6,3.7,3.9,3.8,19,8.0,2.86,0.464,Yes,No,0,Dormant,Yes,No,No,Yes,Not Churned,,11.6
CUST10538,27,Male,Enugu,Regular,Referral,2023-07-05,38,8,2,163731.52,40277.94,22492.9,30,Bags,1,2,Account Issue,Medium,Closed,3,0,No,3.8,2,0.25,Late Delivery,12,21691.58,No,No,6.1,5.2,0.9,2,0,0,4.7,2,5.7,10.6,No,3.2,3.4,3.2,3.5,3.4,3,4.2,1.38,0.278,Yes,No,0,Retained,Yes,No,No,No,Not Churned,,7.4
CUST10539,43,Female,Abia,New Customer,TikTok,2025-12-28,8,15,3,510963.95,110755.05,34529.2,134,Trousers,4,0,No Complaint,None,No Complaint,0,0,No,,0,0.0,No Return,0,0.0,No,No,3.4,2.6,0.8,1,0,0,4.1,2,4.1,22.0,Yes,4.5,4.1,4.5,4.4,3.8,49,9.2,6.71,0.169,No,Yes,5,At Risk,Yes,No,Yes,No,Not Churned,,18.3
CUST10540,51,Male,Plateau,Regular,Website,2025-04-17,16,12,4,309844.25,92430.26,23064.19,25,Shoes,5,1,Delivery Fee,High,Resolved,2,1,No,5.0,0,0.0,No Return,0,0.0,No,No,4.3,3.4,0.9,0,0,1,4.8,1,3.5,7.7,Yes,3.4,4.2,3.4,4.4,4.5,20,8.8,7.17,0.106,No,No,0,Retained,Yes,No,No,No,Not Churned,,3.3
CUST10541,58,Female,Anambra,New Customer,Referral,2024-09-18,23,15,2,616025.82,76650.64,36568.92,130,Tops,1,1,Issue Not Resolved,High,Closed,2,1,No,3.7,1,0.067,Defective,7,32941.21,Yes,No,4.9,3.1,1.8,2,0,0,4.8,1,2.5,5.8,Yes,5.0,3.8,5.0,4.2,3.9,10,7.8,5.59,0.142,Yes,Yes,5,At Risk,Yes,No,Yes,No,Not Churned,,29.7
CUST10542,24,Male,Imo,Loyal,Google,2025-05-08,16,10,0,506344.7,0.0,47008.2,28,Dresses,4,0,No Complaint,None,No Complaint,0,0,No,,1,0.1,Defective,4,40990.85,No,No,3.4,4.6,0.0,0,0,1,4.2,1,19.3,26.6,Yes,4.7,3.7,4.7,4.5,4.2,59,9.4,3.21,0.111,No,No,0,Retained,Yes,No,No,No,Not Churned,,5.4
CUST10543,21,Female,Enugu,Loyal,Referral,2023-01-08,44,11,1,420754.96,34893.01,37233.16,23,Tops,3,2,Order Cancellation,Medium,Pending,13,0,No,3.7,0,0.0,No Return,0,0.0,No,No,2.1,3.1,0.0,1,0,0,3.6,2,3.2,13.0,No,2.6,3.9,2.6,3.9,3.2,42,9.0,1.91,0.536,No,No,0,Retained,Yes,No,No,No,Not Churned,,3.1
CUST10544,62,Male,Enugu,New Customer,Website,2025-02-21,18,12,5,998164.86,319928.66,73524.96,40,Tops,4,1,Missing Product,Medium,Escalated,4,0,Yes,4.5,0,0.0,No Return,0,0.0,No,No,4.1,4.6,0.0,0,0,0,4.5,1,3.8,6.7,No,4.8,4.2,4.8,4.7,4.8,51,10.0,1.18,0.273,No,No,0,Retained,Yes,No,No,No,Not Churned,,5.1
CUST10545,28,Female,Imo,Regular,Google,2025-02-13,18,6,4,167250.2,107351.53,24991.13,28,Bags,2,1,Refund Rejected,Low,Resolved,2,0,No,4.8,0,0.0,No Return,0,0.0,No,No,4.6,4.9,0.0,0,0,0,3.7,2,2.8,6.3,Yes,4.7,5.0,4.7,4.3,4.4,40,7.4,0.91,0.224,No,No,0,Retained,Yes,No,No,No,Not Churned,,4.2
CUST10546,46,Female,Abuja,Loyal,Google,2025-10-03,11,9,2,415074.84,90622.43,41604.7,33,Electronics,1,4,Discount Not Applied,Critical,Resolved,1,0,No,5.0,2,0.222,Wrong Item,4,44364.63,No,No,6.6,4.8,1.8,1,0,1,4.5,4,6.4,9.8,Yes,3.9,4.2,3.9,3.7,4.0,26,6.7,2.01,0.096,Yes,No,0,Churned,No,Yes,No,No,Poor Customer Service,1781481600000000000,23.9
CUST10547,53,Female,Imo,High Value,Instagram,2024-11-07,22,7,2,462464.7,125784.04,59088.72,55,Dresses,3,2,Order Cancellation,Medium,Resolved,4,1,No,3.8,0,0.0,No Return,0,0.0,No,No,2.5,2.6,0.0,0,0,0,5.0,2,4.0,15.7,No,4.0,4.6,4.0,4.0,3.8,20,8.8,5.26,0.326,No,Yes,5,Retained,Yes,No,No,No,Not Churned,,7.0
CUST10548,42,Female,Abia,Regular,Website,2026-01-11,7,13,1,347778.98,25602.49,26688.86,32,Shoes,4,1,Return Difficulty,High,Resolved,5,0,No,5.0,1,0.077,Wrong Size,4,12630.25,No,No,6.2,5.3,0.9,1,0,0,3.9,4,2.5,7.8,No,4.2,4.4,4.2,4.3,3.8,-7,8.1,4.66,0.206,No,No,0,Retained,Yes,No,No,No,Not Churned,,4.3
CUST10549,38,Female,Plateau,High Value,Instagram,2023-07-30,37,12,2,313557.18,47830.84,25570.23,37,Tops,3,1,Account Issue,Medium,Resolved,2,0,No,3.7,2,0.167,Defective,7,35919.08,Yes,Yes,3.6,4.6,0.0,0,0,0,4.8,2,10.3,12.4,Yes,3.9,4.0,3.9,4.4,4.0,13,9.8,0.98,0.584,No,No,0,Retained,Yes,No,No,No,Not Churned,,12.0
CUST10550,53,Female,Delta,Regular,Referral,2024-05-04,28,10,0,295743.65,0.0,29738.42,40,Trousers,3,2,Poor Product Quality,Low,Resolved,1,1,No,4.7,3,0.3,Late Delivery,3,48757.84,No,No,6.5,4.9,1.6,2,0,0,4.3,2,4.2,8.2,Yes,4.3,2.4,4.3,4.2,3.6,57,9.0,4.42,0.374,No,No,0,Retained,Yes,No,No,No,Not Churned,,8.9
CUST10551,27,Male,Imo,Regular,Google,2024-09-30,23,10,2,172571.45,32263.65,15981.53,62,Beauty,1,2,Exchange Difficulty,Low,Closed,1,2,No,4.6,3,0.3,Defective,4,34500.53,No,No,3.3,4.4,0.0,0,0,2,3.7,2,5.3,6.5,No,3.1,5.0,3.1,3.6,2.4,35,6.1,17.24,0.108,No,No,0,Retained,Yes,No,No,No,Not Churned,,8.9
CUST10552,54,Female,Anambra,Loyal,Google,2023-07-10,38,9,2,516596.68,105752.46,55201.49,38,Bags,3,1,Poor Customer Service,Medium,Closed,4,2,No,5.0,1,0.111,Wrong Size,2,41445.57,No,No,3.5,4.1,0.0,0,0,0,4.6,2,4.6,13.0,No,2.6,4.1,2.6,3.3,3.3,20,6.6,4.96,0.204,No,Yes,1,Retained,Yes,No,No,No,Not Churned,,5.5
CUST10553,26,Female,Anambra,Regular,TikTok,2024-11-01,22,6,2,186439.98,66059.21,34571.31,148,Electronics,1,1,Poor Product Quality,Medium,Resolved,5,2,No,4.0,0,0.0,No Return,0,0.0,No,No,4.0,4.4,0.0,0,0,1,4.4,2,3.9,19.2,No,4.5,4.7,4.5,4.4,4.2,31,9.9,5.14,0.262,Yes,No,0,At Risk,Yes,No,Yes,No,Not Churned,,19.6
CUST10554,41,Male,Enugu,Regular,Instagram,2025-04-22,16,6,0,78271.12,0.0,14227.77,58,Beauty,3,2,Exchange Difficulty,Medium,Closed,6,1,No,4.2,0,0.0,No Return,0,0.0,No,No,5.9,3.6,2.3,2,0,0,3.5,4,6.3,7.5,No,3.9,3.8,3.9,3.0,2.1,-15,5.9,1.4,0.101,No,No,0,Retained,Yes,No,No,No,Not Churned,,7.6
CUST10555,52,Female,Kano,Regular,Referral,2023-12-01,33,10,3,243021.56,81059.54,26077.3,30,Accessories,3,3,Poor Customer Service,Medium,Resolved,2,4,Yes,5.0,5,0.5,Late Delivery,3,54211.32,No,No,5.7,3.9,1.8,1,3,0,2.7,3,5.2,9.3,No,3.6,3.7,3.6,2.9,3.0,-26,3.4,0.76,0.074,No,No,0,Churned,No,Yes,No,No,Poor Customer Service,1785369600000000000,45.8
CUST10556,52,Male,Kaduna,Loyal,Website,2026-01-15,7,6,3,382345.61,188586.99,60057.77,13,Shoes,4,2,Product Not as Described,Low,Resolved,6,2,No,4.7,0,0.0,No Return,0,0.0,No,No,5.0,4.6,0.4,0,0,0,3.4,3,3.9,16.0,No,4.5,3.9,4.5,4.9,4.9,79,9.0,1.58,0.375,No,No,0,Retained,Yes,No,No,No,Not Churned,,1.9
CUST10557,65,Male,Delta,Loyal,Website,2024-08-01,25,11,2,273514.72,58367.03,27334.74,74,Electronics,5,4,Return Difficulty,High,Pending,3,1,No,4.2,1,0.091,Wrong Color,3,12356.0,No,No,2.9,4.5,0.0,0,0,1,3.9,4,4.2,4.6,No,3.1,5.0,3.1,4.2,3.1,52,8.8,8.33,0.346,Yes,No,0,Retained,Yes,No,No,No,Not Churned,,12.3
CUST10558,53,Male,Kano,Regular,Instagram,2023-03-03,42,15,5,1045846.58,309448.23,67954.83,100,Accessories,1,1,Issue Not Resolved,High,Closed,4,2,No,5.0,3,0.2,Poor Quality,8,124707.09,Yes,Yes,5.1,4.3,0.8,2,1,1,2.6,1,0.3,6.0,No,4.4,3.1,4.4,3.0,2.9,38,6.1,1.98,0.204,No,No,0,Dormant,Yes,No,No,Yes,Not Churned,,53.5
CUST10559,35,Male,Edo,Regular,Website,2024-01-22,31,10,5,310754.22,124828.84,28071.1,62,Shoes,2,1,Discount Not Applied,High,Resolved,2,0,No,4.4,0,0.0,No Return,0,0.0,No,No,3.9,2.6,1.3,1,0,0,4.0,2,12.1,25.3,Yes,4.3,3.8,4.3,3.8,3.5,21,9.0,3.96,0.46,No,No,0,Retained,Yes,No,No,No,Not Churned,,8.1
CUST10560,56,Male,Edo,Regular,Referral,2026-03-15,5,9,5,163228.26,74750.93,15967.61,228,Shoes,1,1,Poor Product Quality,Low,Resolved,2,1,No,4.0,1,0.111,Defective,7,8797.34,Yes,Yes,5.4,3.4,2.0,3,0,0,3.6,1,13.8,26.6,Yes,3.5,3.9,3.5,4.4,4.0,53,10.0,11.08,0.091,No,Yes,3,Churned,No,Yes,No,No,Competitor,1779580800000000000,81.7
CUST10561,49,Female,Lagos,Regular,Website,2023-06-02,39,7,1,80643.98,11051.81,11571.22,104,Shoes,3,3,Poor Product Quality,Low,Resolved,1,1,No,5.0,3,0.429,Not as Expected,3,32720.68,No,No,5.9,4.3,1.6,2,0,0,4.6,3,2.0,5.3,Yes,5.0,3.8,5.0,3.9,3.1,1,4.9,4.48,0.297,Yes,No,0,Dormant,Yes,No,No,Yes,Not Churned,,26.3
CUST10562,41,Female,Enugu,Regular,Google,2024-09-10,24,7,1,628232.22,89873.75,87641.78,89,Accessories,5,3,Poor Customer Service,Medium,Resolved,8,1,No,3.7,1,0.143,Wrong Item,9,70689.11,Yes,Yes,2.6,3.9,0.0,1,0,0,4.5,3,1.8,8.2,No,3.3,4.5,3.3,4.3,4.0,70,7.5,6.58,0.27,No,Yes,1,Churned,No,Yes,No,No,Better Alternative,1767830400000000000,58.3
CUST10563,40,Female,Anambra,Loyal,Referral,2024-11-28,21,12,2,285980.84,44857.21,21576.7,49,Dresses,1,3,Product Not as Described,Medium,Closed,5,3,No,3.9,0,0.0,No Return,0,0.0,No,No,3.0,3.5,0.0,1,0,1,4.2,4,8.6,15.5,No,3.5,4.8,3.5,3.2,3.1,4,6.9,15.82,0.369,No,No,0,Retained,Yes,No,No,No,Not Churned,,8.9
CUST10564,49,Male,Abuja,Regular,Website,2023-06-27,38,11,2,300587.41,52885.66,24125.83,179,Accessories,3,4,Late Delivery,Medium,Resolved,6,1,No,5.0,1,0.091,Duplicate Order,7,14265.44,Yes,Yes,6.1,4.7,1.4,3,0,0,3.4,4,5.4,7.2,No,4.5,3.3,4.5,4.2,3.6,56,8.3,2.24,0.225,No,No,0,Churned,No,Yes,No,No,Price Too High,1787616000000000000,73.5
CUST10565,54,Female,Anambra,Regular,Website,2025-04-26,16,8,3,238893.15,85883.66,30308.31,42,Electronics,2,2,Rude Staff,Medium,Closed,2,1,No,5.0,1,0.125,Late Delivery,4,26265.18,Yes,No,4.8,3.7,1.1,0,0,0,3.4,2,2.5,11.4,Yes,4.0,3.7,4.0,3.6,3.6,1,7.0,1.81,0.378,Yes,No,0,Churned,No,Yes,No,No,Refund Problems,1771286400000000000,40.4
CUST10566,29,Male,Ogun,New Customer,Google,2024-05-01,28,13,2,457407.22,68588.48,36075.28,102,Accessories,4,1,Late Delivery,Low,Resolved,4,3,No,3.5,1,0.077,Wrong Color,3,16232.99,No,No,5.7,5.2,0.5,0,1,0,3.3,2,5.5,6.8,No,3.3,4.4,3.3,3.5,3.5,30,4.8,2.92,0.079,Yes,No,0,Dormant,Yes,No,No,Yes,Not Churned,,23.8
CUST10567,30,Other,Ogun,Regular,Facebook,2024-05-14,28,8,1,159328.45,19593.81,19881.7,107,Accessories,4,4,Discount Not Applied,Low,Escalated,5,1,Yes,5.0,4,0.5,Poor Quality,2,49985.18,No,No,4.7,4.1,0.6,1,0,0,4.0,4,13.9,17.3,No,4.3,3.5,4.3,4.2,3.1,24,8.3,3.43,0.099,No,No,0,Churned,No,Yes,No,No,Better Alternative,1775347200000000000,21.4
CUST10568,40,Male,Anambra,High Value,Google,2024-06-24,26,8,2,448490.86,124718.47,59103.58,61,Beauty,1,1,Poor Product Quality,Low,Resolved,2,0,No,4.3,4,0.5,Wrong Item,2,192432.81,No,No,3.7,4.0,0.0,0,0,0,4.9,4,0.7,5.4,Yes,4.0,3.5,4.0,4.2,4.3,32,7.2,0.42,0.166,No,No,0,Retained,Yes,No,No,No,Not Churned,,8.7
CUST10569,42,Female,Plateau,Regular,Google,2023-01-13,44,9,2,371230.02,75309.37,37089.68,194,Bags,1,1,Issue Not Resolved,Low,Resolved,3,2,No,3.5,3,0.333,Product Description Inaccurate,10,44679.23,Yes,No,1.0,3.5,0.0,0,1,0,3.4,2,10.4,11.2,No,3.5,2.9,3.5,3.4,3.0,18,6.6,3.24,0.587,No,No,0,Churned,No,Yes,No,No,Poor Product Quality,1775692800000000000,63.0
CUST10570,52,Female,Abia,New Customer,Facebook,2023-05-31,39,8,1,445618.04,57273.79,57667.96,54,Accessories,2,4,Missing Product,Critical,Resolved,3,1,No,4.6,2,0.25,Late Delivery,4,96934.87,No,No,3.5,2.9,0.6,2,0,0,3.9,4,4.8,10.1,No,2.2,2.5,2.2,2.9,3.3,-13,3.3,2.25,0.532,No,No,0,At Risk,Yes,No,Yes,No,Not Churned,,28.4
CUST10571,58,Male,Ogun,Regular,Facebook,2025-12-09,8,7,4,86555.72,49987.79,12348.39,21,Beauty,4,2,Rude Staff,Low,Resolved,17,2,No,3.0,1,0.143,Wrong Item,1,5141.89,No,No,4.9,2.5,2.4,1,0,0,3.7,2,5.2,17.0,No,3.6,3.3,3.6,3.7,2.9,4,8.5,6.33,0.467,No,No,0,Retained,Yes,No,No,No,Not Churned,,3.2
CUST10572,47,Male,Rivers,Regular,Website,2025-09-17,11,7,4,273597.09,156296.3,40444.64,70,Dresses,3,4,Coupon Expired,High,Pending,10,2,No,4.2,1,0.143,Not as Expected,5,25401.85,No,No,5.7,4.5,1.2,0,0,1,4.8,4,3.6,10.0,No,4.1,4.3,4.1,4.4,3.9,22,8.6,9.79,0.407,Yes,No,0,Retained,Yes,No,No,No,Not Churned,,46.9
CUST10573,34,Female,Anambra,New Customer,Instagram,2024-10-05,23,7,2,247879.4,80734.72,38823.6,107,Tops,1,3,Damaged Product,Low,Resolved,1,2,No,5.0,1,0.143,Not as Expected,1,35879.92,No,No,3.1,2.7,0.4,0,0,0,4.8,3,17.4,23.8,No,3.2,4.3,3.2,4.2,4.2,38,6.7,14.04,0.314,Yes,No,0,Dormant,Yes,No,No,Yes,Not Churned,,19.4
CUST10574,37,Female,Cross River,Regular,TikTok,2024-01-07,32,10,1,329387.4,27417.23,31556.72,32,Shoes,5,2,Account Issue,Medium,Pending,1,1,No,4.8,0,0.0,No Return,0,0.0,No,No,3.0,3.5,0.0,1,0,0,4.5,2,10.5,11.4,Yes,4.1,3.9,4.1,4.1,4.1,27,10.0,4.22,0.126,No,No,0,Retained,Yes,No,No,No,Not Churned,,4.1
CUST10575,65,Male,Lagos,Regular,Instagram,2026-02-10,6,9,3,232652.99,72966.66,24888.28,191,Tops,4,3,Late Delivery,Medium,Resolved,2,1,No,4.2,1,0.111,Late Delivery,6,22164.25,No,No,6.5,5.1,1.4,2,0,1,3.5,3,6.9,9.8,Yes,3.8,4.1,3.8,3.2,2.2,37,5.7,3.66,0.222,Yes,Yes,1,Churned,No,Yes,No,No,Too Many Delivery Problems,1775952000000000000,56.1
CUST10576,42,Male,Kano,Regular,Google,2023-09-09,36,3,3,45091.35,45091.35,15662.87,60,Accessories,3,3,Website Error,Medium,Pending,3,1,No,4.8,3,1.0,Product Description Inaccurate,5,42334.62,Yes,No,3.4,3.9,0.0,1,1,0,4.1,3,11.7,16.4,No,2.6,3.3,2.6,3.8,3.3,34,7.4,4.32,0.085,Yes,No,0,Retained,Yes,No,No,No,Not Churned,,18.5
CUST10577,39,Male,Edo,Regular,Instagram,2023-02-22,42,13,2,191670.38,30720.8,16594.54,99,Electronics,4,1,Long Waiting Time,Low,Resolved,7,3,No,3.6,1,0.077,Duplicate Order,10,10082.22,Yes,Yes,9.0,5.2,3.8,5,0,1,2.8,2,9.0,10.0,No,3.7,4.6,3.7,3.9,4.1,30,8.3,1.49,0.39,No,No,0,Churned,No,Yes,No,No,Too Many Delivery Problems,1786665600000000000,52.0
CUST10578,30,Male,Anambra,Regular,Facebook,2026-02-27,6,7,3,473412.57,189984.76,59695.54,28,Shoes,2,2,Return Difficulty,Medium,Resolved,3,0,No,5.0,0,0.0,No Return,0,0.0,No,No,3.5,2.7,0.8,0,0,0,3.7,2,3.9,11.5,No,4.6,3.5,4.6,4.5,4.1,43,8.7,1.06,0.356,No,Yes,1,Retained,Yes,No,No,No,Not Churned,,3.5
CUST10579,36,Male,Anambra,High Value,Website,2023-07-12,38,12,5,448776.92,200346.11,38317.79,149,Bags,5,1,Missing Product,Low,Closed,1,2,No,5.0,2,0.167,Wrong Color,10,30944.94,No,No,5.0,5.0,0.0,0,1,0,4.4,2,2.2,8.0,No,4.2,4.1,4.2,4.5,4.8,45,9.5,8.02,0.266,No,Yes,6,At Risk,Yes,No,Yes,No,Not Churned,,19.5
CUST10580,53,Female,Ogun,Regular,Website,2024-08-13,24,10,3,298078.63,86781.64,29067.69,40,Shoes,3,2,Damaged Product,Low,Closed,2,1,No,5.0,0,0.0,No Return,0,0.0,No,No,7.2,5.3,1.9,1,0,1,3.6,3,3.1,3.1,Yes,4.2,3.7,4.2,3.0,2.2,11,5.9,3.57,0.275,Yes,No,0,Churned,No,Yes,No,No,Poor Customer Service,1769817600000000000,34.4
CUST10581,29,Female,Abia,Regular,Facebook,2025-12-16,8,15,3,389387.17,77387.95,28252.94,126,Electronics,3,0,No Complaint,None,No Complaint,0,0,No,,0,0.0,No Return,0,0.0,No,No,6.2,5.2,1.0,0,1,0,3.6,1,9.0,26.9,Yes,4.3,3.2,4.3,3.5,3.7,33,6.8,4.52,0.329,No,Yes,7,At Risk,Yes,No,Yes,No,Not Churned,,19.1
CUST10582,58,Female,Imo,Regular,Google,2023-04-07,41,12,1,594219.05,55654.55,52244.62,90,Accessories,1,2,Refund Delayed,Low,Resolved,2,0,No,5.0,3,0.25,Wrong Size,6,104833.78,Yes,Yes,1.9,3.5,0.0,0,0,0,4.1,2,6.5,13.0,Yes,3.1,4.6,3.1,4.0,3.4,16,7.8,8.46,0.114,No,No,0,Churned,No,Yes,No,No,Inactive,1770249600000000000,18.6
CUST10583,36,Female,Rivers,Regular,Google,2023-07-17,38,9,0,459679.03,0.0,51202.52,50,Shoes,2,3,Damaged Product,Low,Resolved,3,0,No,3.3,1,0.111,Late Delivery,2,39920.98,No,No,2.9,2.8,0.1,0,0,1,3.2,3,6.8,12.5,No,2.5,3.5,2.5,2.8,2.3,15,5.7,7.05,0.454,No,No,0,At Risk,Yes,No,Yes,No,Not Churned,,23.5
CUST10584,29,Male,Delta,Loyal,Website,2023-05-27,39,13,1,290123.33,21588.76,21629.24,108,Trousers,2,2,Product Not as Described,Medium,Resolved,2,1,No,3.7,1,0.077,Changed Mind,3,8123.82,No,No,5.9,5.2,0.7,2,0,1,3.7,2,5.4,6.3,Yes,3.3,4.1,3.3,3.2,3.9,-19,7.7,2.75,0.227,No,No,0,Dormant,Yes,No,No,Yes,Not Churned,,14.8
CUST10585,26,Male,Abuja,Regular,Website,2024-12-23,20,13,3,231279.07,50251.1,16019.23,41,Tops,3,2,Missing Product,Medium,Closed,8,0,No,4.3,1,0.077,Defective,1,12000.37,No,No,3.9,3.0,0.9,2,0,1,3.7,2,5.4,16.8,No,3.3,4.3,3.3,3.9,4.1,40,7.3,4.51,0.381,No,No,0,Retained,Yes,No,No,No,Not Churned,,7.3
CUST10586,24,Male,Cross River,Loyal,Referral,2024-11-14,21,8,3,293091.77,111393.26,38226.24,197,Trousers,4,3,Damaged Product,High,Closed,4,1,No,4.7,0,0.0,No Return,0,0.0,No,No,3.3,4.1,0.0,0,0,0,4.1,3,12.0,13.6,No,4.0,4.9,4.0,4.4,4.6,34,9.8,5.11,0.537,No,No,0,At Risk,Yes,No,Yes,No,Not Churned,,37.0
CUST10587,45,Female,Delta,New Customer,TikTok,2025-11-01,10,13,5,838664.23,253252.6,57839.11,30,Tops,3,2,Delivery Fee,Medium,Resolved,8,2,No,4.2,1,0.077,Duplicate Order,2,43832.5,No,No,5.0,3.7,1.3,1,0,0,2.2,3,11.9,27.7,No,2.7,3.5,2.7,2.7,2.5,-10,6.2,2.03,0.113,No,No,0,At Risk,Yes,No,Yes,No,Not Churned,,4.6
CUST10588,31,Male,Abuja,Regular,Website,2023-11-29,33,8,4,357884.29,188696.2,44567.08,52,Tops,3,3,Late Delivery,Critical,Resolved,5,0,No,5.0,1,0.125,Duplicate Order,4,41084.93,Yes,Yes,2.9,5.4,0.0,0,0,1,4.1,3,1.4,10.4,No,2.8,4.3,2.8,4.0,4.1,17,6.4,0.77,0.308,Yes,No,0,Retained,Yes,No,No,No,Not Churned,,9.5
CUST10589,48,Male,Kaduna,Loyal,Instagram,2024-05-26,27,14,1,990719.71,76476.89,70991.25,109,Electronics,3,4,Exchange Difficulty,Medium,Closed,2,2,No,4.4,1,0.071,Product Description Inaccurate,10,54422.58,Yes,Yes,4.3,3.7,0.6,1,0,2,3.2,4,8.1,12.7,No,3.9,3.7,3.9,3.9,3.5,9,5.8,0.46,0.346,No,Yes,4,Dormant,Yes,No,No,Yes,Not Churned,,14.8
CUST10590,36,Male,Anambra,Regular,Google,2023-06-21,38,11,0,320038.48,0.0,29476.66,65,Dresses,3,2,Refund Delayed,Medium,Resolved,3,0,No,4.8,3,0.273,Not as Expected,2,47713.98,No,No,4.8,3.6,1.2,1,0,0,3.3,2,3.9,4.7,No,3.8,3.5,3.8,3.5,3.8,-3,7.2,6.46,0.137,No,No,0,Churned,No,Yes,No,No,Refund Problems,1777939200000000000,41.5
CUST10591,64,Male,Rivers,Regular,Website,2026-04-04,5,11,2,451730.46,76814.21,36690.41,21,Shoes,3,0,No Complaint,None,No Complaint,0,0,No,,1,0.091,Not as Expected,8,18439.5,No,No,7.8,4.3,3.5,3,0,1,3.2,1,2.3,6.5,Yes,3.5,3.7,3.5,3.0,2.5,-6,5.8,1.45,0.536,Yes,Yes,2,Retained,Yes,No,No,No,Not Churned,,3.8
CUST10592,33,Female,Oyo,Regular,TikTok,2026-04-08,4,9,4,265670.57,124915.88,31145.54,24,Tops,3,2,Issue Not Resolved,Medium,Resolved,6,1,No,4.9,1,0.111,Damaged,5,22663.35,Yes,Yes,5.0,4.1,0.9,1,0,0,3.3,4,1.6,10.9,No,4.9,3.7,4.9,4.1,4.0,22,8.1,2.14,0.547,No,No,0,Retained,Yes,No,No,No,Not Churned,,3.9
CUST10593,22,Female,Ogun,Loyal,Referral,2024-07-17,25,10,1,512830.82,45830.93,46139.11,2,Dresses,4,2,Poor Product Quality,Medium,Resolved,2,5,Yes,3.3,1,0.1,Damaged,5,18803.31,No,No,2.6,3.9,0.0,0,0,1,4.9,3,6.1,17.5,No,3.3,4.4,3.3,4.2,3.4,44,8.0,12.99,0.699,No,No,0,Retained,Yes,No,No,No,Not Churned,,19.0
CUST10594,52,Female,Enugu,New Customer,Referral,2024-05-26,27,8,3,164293.15,60153.95,22716.07,10,Trousers,5,3,Repeated Issue,Low,Closed,9,2,No,2.2,0,0.0,No Return,0,0.0,No,No,4.7,4.0,0.7,1,1,1,3.5,3,2.4,9.0,No,4.0,5.0,4.0,3.8,3.3,67,6.6,0.28,0.194,Yes,No,0,Retained,Yes,No,No,No,Not Churned,,4.7
CUST10595,29,Female,Ogun,Loyal,Google,2026-02-17,6,9,3,359764.32,101084.92,35128.27,60,Electronics,5,1,Poor Customer Service,Low,Resolved,8,2,No,4.1,0,0.0,No Return,0,0.0,No,No,1.3,2.8,0.0,0,0,0,4.6,1,7.5,9.9,No,4.0,5.0,4.0,4.3,4.2,9,9.2,1.34,0.38,No,Yes,5,Retained,Yes,No,No,No,Not Churned,,9.2
CUST10596,42,Female,Edo,Regular,Referral,2023-04-15,41,9,2,645064.58,143895.81,70558.02,89,Electronics,1,0,No Complaint,None,No Complaint,0,0,No,,1,0.111,Wrong Item,5,50173.61,No,No,6.7,5.3,1.4,1,0,0,4.8,1,4.0,6.0,Yes,4.3,5.0,4.3,4.6,4.0,45,9.9,0.37,0.685,Yes,No,0,Dormant,Yes,No,No,Yes,Not Churned,,13.9
CUST10597,38,Male,Kano,Loyal,Referral,2024-11-04,22,9,3,233346.27,65192.79,22551.33,91,Trousers,5,0,No Complaint,None,No Complaint,0,0,No,,0,0.0,No Return,0,0.0,No,No,4.6,3.3,1.3,0,0,0,3.8,0,2.6,15.0,Yes,4.0,3.8,4.0,3.6,3.4,12,8.4,2.4,0.445,No,No,0,Churned,No,Yes,No,No,Refund Problems,1768435200000000000,13.9
CUST10598,53,Male,Abia,Regular,Google,2025-03-17,17,7,3,89056.09,36715.69,12184.45,158,Bags,4,1,Repeated Issue,High,Resolved,8,0,No,4.0,0,0.0,No Return,0,0.0,No,No,3.4,4.2,0.0,0,0,0,4.5,1,8.9,19.7,No,5.0,5.0,5.0,5.0,4.7,50,9.7,6.47,0.109,No,No,0,At Risk,Yes,No,Yes,No,Not Churned,,19.9
CUST10599,40,Male,Edo,Loyal,TikTok,2025-11-30,9,9,2,337874.67,88419.89,41175.24,27,Bags,3,2,Return Difficulty,Low,Resolved,2,1,No,5.0,1,0.111,Not as Expected,7,37686.32,No,No,1.0,2.6,0.0,0,0,0,4.3,2,2.4,7.8,Yes,3.3,4.2,3.3,4.5,5.0,72,9.9,3.24,0.316,No,No,0,Churned,No,Yes,No,No,Competitor,1770768000000000000,44.5
CUST10600,33,Male,Cross River,Regular,Website,2025-06-07,15,7,2,588701.02,176665.21,93815.62,23,Shoes,2,1,Coupon Expired,Medium,Pending,2,0,No,4.7,1,0.143,Duplicate Order,4,66465.98,No,No,8.0,3.4,4.6,4,0,0,3.3,2,5.4,10.6,Yes,4.3,4.4,4.3,3.8,3.3,7,7.7,8.43,0.494,Yes,No,0,Retained,Yes,No,No,No,Not Churned,,3.5
CUST10601,56,Female,Kano,High Value,Instagram,2025-05-25,15,12,6,258273.52,146438.41,23087.6,38,Tops,4,4,Issue Not Resolved,Low,Escalated,4,1,Yes,5.0,1,0.083,Poor Quality,2,17391.29,No,No,4.4,4.6,0.0,0,0,1,4.4,4,3.2,7.9,No,4.1,4.7,4.1,4.5,3.9,17,7.8,8.29,0.313,Yes,No,0,Retained,Yes,No,No,No,Not Churned,,8.4
CUST10602,62,Male,Kaduna,New Customer,Google,2024-11-07,22,15,1,880331.15,50630.04,59060.22,13,Shoes,2,2,Damaged Product,Medium,Resolved,6,1,No,4.5,1,0.067,Duplicate Order,9,31555.58,No,No,4.4,3.9,0.5,3,0,0,3.4,2,3.5,10.7,No,2.3,4.0,2.3,3.7,3.1,32,8.9,1.49,0.142,No,No,0,Retained,Yes,No,No,No,Not Churned,,2.3
CUST10603,59,Female,Delta,New Customer,Google,2023-11-17,33,1,1,34849.04,34250.61,32215.69,38,Shoes,1,3,Account Issue,Low,Resolved,14,3,No,4.4,1,1.0,Late Delivery,6,16234.54,No,No,5.5,4.7,0.8,0,0,0,2.8,3,9.1,14.0,No,4.0,4.2,4.0,3.9,3.9,-1,9.1,12.21,0.595,No,No,0,Churned,No,Yes,No,No,Inactive,1781740800000000000,49.6
CUST10604,56,Female,Abia,Regular,TikTok,2023-12-01,33,5,1,87883.62,17506.36,19969.17,218,Accessories,4,3,Poor Product Quality,Medium,Resolved,2,0,No,5.0,0,0.0,No Return,0,0.0,No,No,3.1,3.0,0.1,0,0,0,4.2,3,1.9,6.5,Yes,2.6,4.4,2.6,3.9,4.1,27,9.1,3.98,0.791,No,No,0,At Risk,Yes,No,Yes,No,Not Churned,,29.3
CUST10605,31,Female,Abia,New Customer,Facebook,2026-03-29,5,12,3,507423.04,124300.77,44535.0,101,Accessories,3,2,Late Delivery,Low,Closed,5,0,No,4.5,1,0.083,Wrong Color,3,26443.04,No,No,6.2,5.5,0.7,2,0,0,4.7,2,2.2,5.0,No,4.1,3.8,4.1,4.3,4.4,58,9.6,9.12,0.024,No,Yes,1,Dormant,Yes,No,No,Yes,Not Churned,,14.7
CUST10606,48,Female,Lagos,Regular,Referral,2023-09-21,35,8,4,134311.2,63257.9,16164.25,79,Shoes,3,2,Order Cancellation,Medium,Closed,1,0,No,5.0,0,0.0,No Return,0,0.0,No,No,5.0,3.8,1.2,1,0,0,3.4,2,6.1,9.2,Yes,3.6,4.3,3.6,4.0,3.4,7,8.2,1.88,0.192,No,No,0,Churned,No,Yes,No,No,Too Many Delivery Problems,1780617600000000000,23.6
CUST10607,22,Female,Anambra,High Value,Website,2025-05-14,15,12,4,765462.6,268990.21,66416.76,181,Dresses,4,2,Poor Customer Service,Low,Resolved,1,5,Yes,5.0,2,0.167,Defective,1,71087.42,No,No,6.6,4.1,2.5,3,0,0,3.4,2,3.7,8.4,No,3.1,3.5,3.1,3.2,3.3,-14,6.1,12.18,0.392,No,No,0,At Risk,Yes,No,Yes,No,Not Churned,,35.2
CUST10608,52,Female,Oyo,High Value,Google,2023-12-18,32,8,1,263619.55,36729.15,33749.79,54,Electronics,4,1,Poor Customer Service,High,Resolved,3,0,No,4.4,1,0.125,Defective,9,17650.77,Yes,Yes,2.2,3.3,0.0,0,0,0,3.6,1,1.7,5.1,No,3.6,4.1,3.6,3.7,2.8,35,7.8,6.51,0.161,No,No,0,Retained,Yes,No,No,No,Not Churned,,6.8
CUST10609,40,Female,Kano,Regular,Website,2024-11-06,22,14,1,189832.8,13073.53,14106.74,95,Shoes,3,0,No Complaint,None,No Complaint,0,0,No,,1,0.071,Duplicate Order,10,7695.46,Yes,No,2.9,3.5,0.0,0,0,1,3.3,2,6.4,9.5,Yes,5.0,4.9,5.0,4.2,3.5,33,8.1,6.79,0.191,Yes,No,0,Dormant,Yes,No,No,Yes,Not Churned,,21.9
CUST10610,46,Male,Enugu,High Value,Email,2025-07-07,14,11,1,974811.69,67891.68,77916.66,81,Trousers,2,2,Damaged Product,Low,Resolved,7,0,No,4.6,0,0.0,No Return,0,0.0,No,No,5.1,4.5,0.6,0,0,0,3.5,2,5.0,11.4,No,3.7,5.0,3.7,4.5,4.9,44,7.1,11.34,0.289,No,Yes,1,Dormant,Yes,No,No,Yes,Not Churned,,22.0
CUST10611,60,Female,Kano,Regular,Instagram,2023-01-05,44,7,3,303493.72,139766.06,48293.0,97,Electronics,4,4,Repeated Issue,Low,Closed,6,3,No,3.9,0,0.0,No Return,0,0.0,No,No,5.9,3.5,2.4,1,1,1,3.6,4,0.2,6.0,No,3.1,3.1,3.1,3.3,3.2,22,8.0,13.35,0.319,No,No,0,Dormant,Yes,No,No,Yes,Not Churned,,17.9
CUST10612,28,Female,Imo,Regular,Facebook,2023-02-03,43,12,3,502780.61,104611.18,37242.08,81,Bags,3,0,No Complaint,None,No Complaint,0,0,No,,0,0.0,No Return,0,0.0,No,No,2.5,4.7,0.0,0,0,1,2.8,2,6.5,19.4,Yes,4.2,4.4,4.2,4.2,3.5,35,9.3,13.84,0.151,Yes,No,0,Dormant,Yes,No,No,Yes,Not Churned,,10.5
CUST10613,35,Female,Lagos,Loyal,Email,2026-03-14,5,7,3,331867.6,147045.33,49013.65,43,Tops,5,5,Poor Product Quality,Medium,Resolved,5,1,No,4.3,0,0.0,No Return,0,0.0,No,No,4.2,3.4,0.8,0,0,1,3.4,5,2.7,14.4,No,2.8,4.3,2.8,3.8,4.2,13,5.9,0.97,0.403,Yes,No,0,At Risk,Yes,No,Yes,No,Not Churned,,9.3
CUST10614,64,Male,Imo,Loyal,Email,2023-12-17,32,7,3,65152.47,31879.08,9832.89,112,Accessories,4,1,Missing Product,Low,Resolved,9,1,No,3.9,1,0.143,Product Description Inaccurate,2,7661.45,No,No,6.5,4.8,1.7,1,0,0,2.8,4,10.7,12.8,No,3.4,3.7,3.4,3.1,3.2,-1,6.4,5.16,0.152,No,No,0,Dormant,Yes,No,No,Yes,Not Churned,,35.9
CUST10615,29,Female,Edo,High Value,Instagram,2024-08-05,25,6,4,159128.14,95875.74,23711.91,10,Beauty,1,1,Long Waiting Time,High,Resolved,3,1,No,4.6,1,0.167,Damaged,5,17551.8,Yes,Yes,7.2,4.5,2.7,3,0,0,2.5,1,2.6,15.6,No,4.4,3.7,4.4,3.5,2.7,-8,6.6,7.2,0.349,No,No,0,Churned,No,Yes,No,No,Better Alternative,1773705600000000000,45.9
CUST10616,26,Female,Rivers,Regular,Instagram,2024-04-09,29,8,5,817390.6,530605.09,106707.53,19,Electronics,1,1,Damaged Product,High,Resolved,3,1,No,5.0,1,0.125,Wrong Color,4,63245.85,Yes,Yes,5.1,3.1,2.0,1,0,0,4.2,3,0.4,4.5,No,4.1,3.9,4.1,4.4,4.0,41,10.0,8.71,0.179,No,No,0,Retained,Yes,No,No,No,Not Churned,,3.7
CUST10617,27,Female,Edo,Loyal,Instagram,2023-12-14,33,9,5,351427.79,155206.76,34054.45,115,Beauty,4,1,Poor Product Quality,High,Resolved,8,1,No,4.1,0,0.0,No Return,0,0.0,No,No,2.4,2.7,0.0,0,0,0,4.4,1,4.9,8.0,No,4.2,4.6,4.2,4.7,5.0,25,9.3,10.17,0.357,No,No,0,Dormant,Yes,No,No,Yes,Not Churned,,17.0
CUST10618,61,Female,Kaduna,New Customer,Email,2023-05-05,40,11,5,266074.94,107790.66,23530.17,47,Beauty,3,1,Wrong Product,Low,Resolved,2,0,No,5.0,1,0.091,Product Description Inaccurate,1,20837.36,No,No,7.1,5.3,1.8,2,0,1,3.7,1,11.7,13.6,Yes,4.6,3.8,4.6,4.0,4.6,2,8.1,2.58,0.352,No,No,0,Retained,Yes,No,No,No,Not Churned,,21.9
CUST10619,34,Female,Rivers,New Customer,Instagram,2023-12-23,32,9,1,315016.4,33280.52,34702.67,45,Tops,2,0,No Complaint,None,No Complaint,0,0,No,,2,0.222,Product Description Inaccurate,20,29056.36,No,No,1.2,3.2,0.0,0,0,1,4.1,0,5.1,8.3,Yes,3.7,4.3,3.7,4.5,3.4,61,8.3,4.95,0.412,No,No,0,Churned,No,Yes,No,No,Competitor,1773446400000000000,35.3
CUST10620,55,Female,Edo,New Customer,Referral,2024-06-10,27,7,3,151199.18,60786.49,18886.77,29,Shoes,4,3,Login Problem,Medium,Resolved,3,0,No,5.0,1,0.143,Late Delivery,4,16158.8,No,No,6.4,4.2,2.2,1,1,0,3.2,3,4.0,10.1,No,3.0,4.5,3.0,3.1,2.7,8,6.3,5.74,0.66,No,No,0,Retained,Yes,No,No,No,Not Churned,,25.6
CUST10621,24,Female,Enugu,High Value,Website,2024-05-12,28,11,0,706487.06,0.0,68236.56,80,Trousers,1,0,No Complaint,None,No Complaint,0,0,No,,3,0.273,Defective,1,163617.34,No,No,5.3,3.4,1.9,5,0,0,3.6,3,6.3,11.7,Yes,4.6,3.9,4.6,4.0,3.8,-17,8.0,0.44,0.155,Yes,Yes,4,Dormant,Yes,No,No,Yes,Not Churned,,14.5
CUST10622,63,Female,Ogun,Loyal,Instagram,2026-03-22,5,11,5,319740.32,125738.31,25827.92,44,Electronics,2,1,Damaged Product,Medium,Closed,1,0,No,5.0,1,0.091,Product Description Inaccurate,5,21966.7,Yes,Yes,4.3,4.5,0.0,0,1,0,4.0,1,2.0,8.4,Yes,3.6,4.0,3.6,3.8,3.0,12,8.2,4.38,0.195,No,No,0,Retained,Yes,No,No,No,Not Churned,,6.5
CUST10623,30,Female,Edo,Loyal,Referral,2023-02-22,42,7,1,109163.54,14783.72,14999.15,50,Tops,5,2,Discount Not Applied,Low,Resolved,1,2,No,3.9,0,0.0,No Return,0,0.0,No,No,5.4,4.6,0.8,0,1,1,3.5,2,7.2,9.4,No,4.5,4.2,4.5,4.0,3.7,2,6.9,9.65,0.148,Yes,No,0,Churned,No,Yes,No,No,Better Alternative,1785888000000000000,6.7
CUST10624,57,Male,Abia,Regular,Facebook,2023-05-29,39,10,1,376351.53,36753.32,34723.86,20,Electronics,2,2,Account Issue,Low,Resolved,7,2,No,3.1,2,0.2,Duplicate Order,4,26234.19,No,No,2.7,2.7,0.0,0,1,0,4.2,2,1.4,7.0,No,4.2,4.0,4.2,4.7,4.0,52,7.4,2.88,0.646,No,Yes,2,Retained,Yes,No,No,No,Not Churned,,3.0
CUST10625,59,Male,Enugu,Regular,Website,2024-05-17,27,7,6,374987.12,315939.76,51650.8,64,Tops,5,0,No Complaint,None,No Complaint,0,0,No,,1,0.143,Wrong Size,3,31644.02,No,No,2.5,2.7,0.0,0,0,0,4.1,1,5.7,8.8,Yes,3.8,4.8,3.8,4.4,4.6,30,8.7,11.09,0.234,No,No,0,Retained,Yes,No,No,No,Not Churned,,9.4
CUST10626,26,Female,Enugu,New Customer,Facebook,2025-05-19,15,14,5,654869.85,241660.29,44675.12,46,Trousers,1,2,Product Not as Described,Low,Resolved,6,2,No,2.9,1,0.071,Product Description Inaccurate,4,17185.22,Yes,Yes,7.0,5.5,1.5,1,0,2,3.7,2,4.3,6.7,No,3.8,4.1,3.8,3.9,3.8,32,8.0,2.11,0.376,No,No,0,Churned,No,Yes,No,No,Refund Problems,1773964800000000000,10.7
CUST10627,44,Female,Abia,Regular,TikTok,2023-08-07,37,12,3,180910.15,48838.88,16354.28,138,Dresses,5,1,Poor Product Quality,High,Resolved,8,0,No,4.4,0,0.0,No Return,0,0.0,No,No,6.2,4.8,1.4,1,0,3,3.9,1,10.0,12.2,No,3.7,4.3,3.7,3.6,4.3,31,7.2,1.92,0.283,No,No,0,At Risk,Yes,No,Yes,No,Not Churned,,17.2
CUST10628,19,Male,Ogun,Regular,TikTok,2024-03-27,29,11,2,205573.33,36486.46,20292.64,64,Trousers,2,1,Failed Payment,Medium,Resolved,3,0,No,5.0,0,0.0,No Return,0,0.0,No,No,3.6,3.3,0.3,0,0,0,4.3,1,6.0,12.6,No,3.3,3.9,3.3,4.6,5.0,54,8.1,4.45,0.061,No,No,0,Retained,Yes,No,No,No,Not Churned,,10.0
CUST10629,22,Female,Plateau,Loyal,Facebook,2023-03-24,41,6,3,68259.89,29547.48,11523.78,22,Tops,1,2,Poor Product Quality,Low,Closed,2,2,No,5.0,1,0.167,Damaged,3,8033.38,Yes,No,4.8,4.0,0.8,0,0,0,4.8,2,6.6,14.3,No,4.4,3.5,4.4,4.2,4.2,41,6.3,3.84,0.313,No,No,0,Retained,Yes,No,No,No,Not Churned,,3.2
CUST10630,46,Female,Rivers,Regular,Instagram,2025-01-07,20,9,0,394922.09,0.0,45073.55,80,Accessories,2,1,Return Difficulty,Medium,Resolved,4,2,No,4.0,0,0.0,No Return,0,0.0,No,No,8.9,5.4,3.5,2,0,1,2.0,1,22.5,26.9,No,4.3,3.9,4.3,2.9,2.6,9,6.2,3.81,0.461,Yes,No,0,At Risk,Yes,No,Yes,No,Not Churned,,22.0
CUST10631,54,Male,Delta,New Customer,Google,2024-06-10,27,10,4,429978.64,138856.96,40100.36,150,Dresses,4,3,Delivery Fee,Critical,Resolved,4,1,No,4.4,0,0.0,No Return,0,0.0,No,No,5.4,4.1,1.3,1,0,0,4.4,3,9.4,14.7,No,4.2,5.0,4.2,4.6,4.6,51,10.0,3.25,0.134,No,No,0,At Risk,Yes,No,Yes,No,Not Churned,,39.8
CUST10632,55,Female,Abuja,New Customer,Facebook,2024-02-08,31,10,1,451432.87,39962.84,41988.08,89,Electronics,2,1,Product Not as Described,Low,Closed,5,3,No,5.0,2,0.2,Poor Quality,3,40655.03,Yes,Yes,3.2,3.8,0.0,1,0,1,4.3,1,8.1,10.4,No,,4.0,4.6,4.6,4.5,69,10.0,2.06,0.578,No,No,0,Dormant,Yes,No,No,Yes,Not Churned,,14.1
CUST10633,36,Female,Anambra,New Customer,Website,2023-10-17,35,9,0,241251.55,0.0,25968.91,42,Accessories,4,3,Refund Delayed,Medium,Resolved,3,0,No,5.0,2,0.222,Product Description Inaccurate,2,25813.97,No,No,3.2,2.6,0.6,0,0,1,3.5,3,5.1,6.1,No,3.9,3.6,3.9,3.1,3.3,-14,6.9,10.42,0.192,Yes,No,0,Retained,Yes,No,No,No,Not Churned,,18.6
CUST10634,25,Female,Kano,Regular,Website,2024-02-24,30,11,5,139626.09,61070.76,12840.4,71,Accessories,4,0,No Complaint,None,No Complaint,0,0,No,,0,0.0,No Return,0,0.0,No,No,1.0,4.3,0.0,0,0,1,3.9,2,10.1,15.3,Yes,5.0,4.5,5.0,4.3,5.0,33,8.0,1.23,0.493,Yes,No,0,Retained,Yes,No,No,No,Not Churned,,9.1
CUST10635,65,Male,Abuja,High Value,Google,2023-12-05,33,8,0,185376.72,0.0,21804.13,35,Accessories,5,1,Damaged Product,Low,Resolved,3,0,No,4.8,2,0.25,Wrong Item,2,19337.97,Yes,Yes,6.3,5.1,1.2,1,0,0,4.2,2,6.1,20.2,No,4.0,3.2,4.0,3.6,3.8,-10,9.3,6.48,0.489,No,No,0,Retained,Yes,No,No,No,Not Churned,,7.7
CUST10636,62,Female,Lagos,Loyal,Referral,2025-02-15,18,12,1,696842.89,50085.67,54496.2,124,Accessories,4,1,Order Cancellation,Low,Closed,12,0,No,4.0,0,0.0,No Return,0,0.0,No,No,3.8,4.1,0.0,0,0,0,4.0,1,2.8,19.6,No,4.5,3.5,4.5,4.1,3.3,26,8.1,1.15,0.145,No,Yes,6,At Risk,Yes,No,Yes,No,Not Churned,,15.9
CUST10637,18,Male,Delta,Loyal,Referral,2024-12-11,20,9,2,378118.2,77504.88,38247.39,74,Accessories,5,3,Exchange Difficulty,Low,Pending,2,2,No,4.6,0,0.0,No Return,0,0.0,No,No,2.8,4.8,0.0,0,0,0,5.0,3,2.6,7.9,No,4.4,4.2,4.4,4.4,3.6,25,10.0,1.03,0.132,Yes,Yes,4,Retained,Yes,No,No,No,Not Churned,,26.5
CUST10638,39,Other,Abuja,Regular,Website,2025-09-13,11,9,0,138062.36,0.0,13956.26,40,Accessories,4,2,Website Error,Low,Closed,3,1,No,4.5,0,0.0,No Return,0,0.0,No,No,6.7,5.2,1.5,1,0,1,3.0,3,4.4,8.8,No,4.1,5.0,4.1,4.6,4.9,25,10.0,12.29,0.29,No,Yes,7,Retained,Yes,No,No,No,Not Churned,,6.2
CUST10639,34,Female,Rivers,Regular,Google,2025-08-16,12,7,4,176569.31,120495.08,28064.82,51,Bags,1,3,Damaged Product,Medium,Resolved,6,0,No,4.8,1,0.143,Damaged,3,10211.19,No,No,4.7,3.7,1.0,2,0,0,3.3,3,7.2,10.2,No,3.9,4.8,3.9,4.6,4.4,10,8.5,0.55,0.345,Yes,No,0,Retained,Yes,No,No,No,Not Churned,,9.6
CUST10640,24,Female,Lagos,New Customer,Facebook,2024-11-16,21,11,1,453105.54,36489.69,41989.47,22,Dresses,5,2,Issue Not Resolved,High,Resolved,2,1,No,3.6,0,0.0,No Return,0,0.0,No,No,4.6,3.7,0.9,0,0,0,4.7,2,0.2,7.0,Yes,4.2,4.0,4.2,4.5,4.2,61,10.0,8.52,0.172,Yes,No,0,Retained,Yes,No,No,No,Not Churned,,3.0
CUST10641,42,Female,Oyo,Loyal,Facebook,2025-11-25,9,13,3,393749.74,87140.18,30490.26,100,Beauty,2,1,Repeated Issue,Low,Closed,6,0,No,3.9,1,0.077,Duplicate Order,1,22087.04,Yes,No,7.5,5.3,2.2,3,0,0,4.0,1,1.7,10.3,No,3.7,3.9,3.7,4.2,3.0,8,7.2,2.97,0.47,No,Yes,4,Churned,No,Yes,No,No,Poor Customer Service,1786665600000000000,60.7
CUST10642,62,Female,Abia,Loyal,Referral,2024-01-08,32,8,6,143644.49,101447.95,16195.59,33,Dresses,5,3,Exchange Difficulty,Low,Escalated,7,0,Yes,4.4,2,0.25,Product Description Inaccurate,2,20232.94,No,No,4.2,3.5,0.7,0,0,0,5.0,3,6.3,11.1,No,3.5,4.3,3.5,4.7,4.4,31,10.0,11.9,0.046,No,No,0,Retained,Yes,No,No,No,Not Churned,,4.6
CUST10643,21,Female,Delta,New Customer,Google,2025-09-20,11,8,2,205858.04,49343.35,25339.79,174,Accessories,1,2,Product Not as Described,Low,Resolved,8,3,No,5.0,1,0.125,Wrong Color,3,14099.53,Yes,No,5.7,4.5,1.2,1,1,0,2.7,2,6.4,10.4,No,4.7,4.1,4.7,3.5,3.7,39,5.7,1.9,0.489,No,No,0,At Risk,Yes,No,Yes,No,Not Churned,,33.7
CUST10644,53,Male,Abia,Regular,Google,2024-06-14,26,13,1,296374.56,24590.0,22528.21,99,Accessories,4,4,Poor Product Quality,Critical,Resolved,8,1,No,4.5,0,0.0,No Return,0,0.0,No,No,4.2,4.4,0.0,1,0,0,4.1,4,6.9,12.1,No,3.5,4.4,3.5,3.8,3.9,17,9.3,9.29,0.241,No,No,0,Dormant,Yes,No,No,Yes,Not Churned,,17.0
CUST10645,23,Male,Abuja,Regular,Instagram,2025-07-12,13,12,4,401749.91,116250.53,32519.24,59,Bags,1,5,Late Delivery,Low,Resolved,4,2,No,4.6,0,0.0,No Return,0,0.0,No,No,5.9,4.0,1.9,2,0,0,3.2,5,4.3,6.1,No,3.9,4.2,3.9,3.5,2.9,-5,7.0,12.01,0.235,No,No,0,At Risk,Yes,No,Yes,No,Not Churned,,8.5
CUST10646,48,Male,Plateau,Loyal,TikTok,2023-01-23,43,13,1,435316.16,34022.68,36622.67,68,Tops,3,1,Refund Delayed,Medium,Resolved,9,0,No,5.0,2,0.154,Wrong Color,5,51491.98,No,No,4.1,4.4,0.0,1,0,1,4.1,1,6.7,9.0,No,3.6,3.6,3.6,3.6,3.3,9,6.1,6.14,0.227,No,Yes,2,Retained,Yes,No,No,No,Not Churned,,8.9
CUST10647,36,Female,Lagos,High Value,Facebook,2023-04-14,41,13,2,313572.32,41066.48,23358.75,116,Electronics,1,0,No Complaint,None,No Complaint,0,0,No,,0,0.0,No Return,0,0.0,No,No,5.2,4.6,0.6,1,0,0,4.1,2,7.5,10.8,Yes,4.8,5.0,4.8,4.9,4.5,71,9.3,11.49,0.092,No,No,0,Dormant,Yes,No,No,Yes,Not Churned,,15.3
CUST10648,61,Male,Oyo,Regular,Facebook,2023-08-29,36,12,3,538743.52,119339.71,43633.51,8,Beauty,1,2,Return Difficulty,High,Escalated,7,1,Yes,3.9,0,0.0,No Return,0,0.0,No,No,5.8,5.3,0.5,0,0,0,5.0,2,6.0,7.0,No,3.9,4.3,3.9,4.4,4.0,40,9.1,2.57,0.124,Yes,Yes,7,Retained,Yes,No,No,No,Not Churned,,6.7
CUST10649,56,Male,Edo,Regular,Google,2025-10-01,11,13,3,987890.51,214182.63,70122.67,77,Dresses,1,3,Exchange Difficulty,High,Resolved,4,1,No,4.9,1,0.077,Changed Mind,3,64458.81,Yes,Yes,5.8,4.9,0.9,0,0,1,3.4,3,2.5,4.2,No,4.8,3.6,4.8,4.8,4.7,35,8.2,0.75,0.497,Yes,Yes,7,Dormant,Yes,No,No,Yes,Not Churned,,38.9
CUST10650,44,Male,Abia,New Customer,Facebook,2025-06-21,14,14,1,2100704.45,138704.73,142739.03,6,Trousers,2,0,No Complaint,None,No Complaint,0,0,No,,1,0.071,Poor Quality,1,109802.25,No,No,3.8,3.6,0.2,0,0,1,4.4,3,2.7,5.2,Yes,3.5,4.5,3.5,4.1,4.4,29,8.1,13.94,0.497,No,No,0,Retained,Yes,No,No,No,Not Churned,,2.5
CUST10651,27,Female,Lagos,New Customer,Referral,2026-03-11,5,7,5,162976.46,91106.82,20461.56,33,Shoes,2,1,Poor Product Quality,Medium,Resolved,1,0,No,4.9,0,0.0,No Return,0,0.0,No,No,5.7,3.8,1.9,2,0,0,4.0,4,7.1,12.2,Yes,5.0,3.8,5.0,4.1,4.9,1,8.2,3.33,0.266,No,No,0,Retained,Yes,No,No,No,Not Churned,,4.1
CUST10652,43,Male,Imo,Regular,Google,2025-03-24,17,13,1,388820.63,32133.38,33172.55,71,Electronics,1,2,Website Error,Low,Pending,2,1,No,5.0,1,0.077,Wrong Item,5,31493.96,No,No,5.5,5.2,0.3,2,0,1,3.9,2,0.9,2.2,Yes,4.2,4.0,4.2,3.9,4.0,24,8.9,22.5,0.035,No,No,0,Retained,Yes,No,No,No,Not Churned,,14.1
CUST10653,36,Female,Plateau,New Customer,Google,2024-10-16,22,10,1,145829.87,14227.97,13399.22,61,Trousers,3,3,Missing Product,Low,Pending,7,0,No,5.0,0,0.0,No Return,0,0.0,No,No,2.9,3.3,0.0,0,0,0,4.8,3,0.7,7.0,No,2.6,4.7,2.6,4.1,4.0,-9,10.0,7.65,0.538,Yes,No,0,Churned,No,Yes,No,No,Better Alternative,1769644800000000000,54.0
CUST10654,56,Female,Ogun,Loyal,Referral,2025-02-21,18,14,3,385833.82,73291.64,25449.64,77,Tops,3,0,No Complaint,None,No Complaint,0,0,No,,1,0.071,Wrong Size,3,15470.61,Yes,Yes,3.4,3.5,0.0,1,0,1,4.1,0,1.1,8.8,Yes,3.9,3.7,3.9,3.4,2.8,8,5.7,2.96,0.463,No,Yes,4,Dormant,Yes,No,No,Yes,Not Churned,,12.8
CUST10655,20,Female,Rivers,Loyal,Facebook,2023-11-03,34,9,1,506910.86,50445.91,59118.36,18,Beauty,5,1,Late Delivery,Low,Pending,7,1,No,4.1,0,0.0,No Return,0,0.0,No,No,5.1,4.6,0.5,0,0,0,4.5,1,2.1,7.0,No,4.3,3.9,4.3,3.7,3.0,5,8.1,1.64,0.092,No,No,0,Retained,Yes,No,No,No,Not Churned,,2.4
CUST10656,62,Male,Edo,New Customer,Instagram,2023-01-08,44,10,3,115074.18,27903.5,10768.6,71,Beauty,1,1,Missing Product,Medium,Pending,5,2,No,4.6,2,0.2,Late Delivery,5,19165.07,Yes,No,3.5,2.8,0.7,1,1,0,3.7,1,9.6,14.7,No,2.9,5.0,2.9,4.0,3.9,7,7.9,7.14,0.231,No,Yes,1,Retained,Yes,No,No,No,Not Churned,,11.6
CUST10657,30,Male,Rivers,Loyal,Website,2025-12-28,8,13,4,360260.37,100530.81,26192.72,35,Dresses,5,1,Missing Product,Low,Closed,9,2,No,5.0,0,0.0,No Return,0,0.0,No,No,3.9,4.9,0.0,0,0,0,3.5,1,2.4,9.0,No,4.2,4.0,4.2,4.1,4.6,34,9.1,0.2,0.345,Yes,Yes,4,Retained,Yes,No,No,No,Not Churned,,5.1
CUST10658,45,Female,Abia,New Customer,Google,2024-07-28,25,14,5,423102.49,157031.97,31459.52,116,Tops,4,2,Login Problem,Low,Closed,3,4,Yes,4.0,0,0.0,No Return,0,0.0,No,No,5.5,5.3,0.2,2,1,1,3.7,2,4.9,6.8,No,4.1,3.8,4.1,3.6,2.9,3,7.8,8.02,0.317,Yes,Yes,6,Dormant,Yes,No,No,Yes,Not Churned,,40.4
CUST10659,37,Female,Abuja,Regular,Google,2025-12-27,8,10,4,162544.44,64788.76,15114.49,77,Tops,3,2,Poor Customer Service,Medium,Closed,3,2,No,4.4,0,0.0,No Return,0,0.0,No,No,6.2,4.4,1.8,2,0,0,4.8,2,15.8,26.3,No,4.1,4.7,4.1,4.7,4.7,35,10.0,2.35,0.311,No,No,0,Dormant,Yes,No,No,Yes,Not Churned,,10.9
CUST10660,45,Female,Anambra,Regular,Instagram,2025-06-30,14,10,3,433694.05,125992.49,38336.71,33,Accessories,4,1,Late Delivery,Medium,Resolved,5,2,No,4.3,0,0.0,No Return,0,0.0,No,No,2.4,2.7,0.0,0,0,0,4.4,1,3.9,7.8,No,4.2,4.1,4.2,3.7,4.2,12,7.2,0.85,0.212,No,Yes,4,Retained,Yes,No,No,No,Not Churned,,19.1
CUST10661,25,Female,Abuja,Regular,Google,2024-06-01,27,10,2,347929.67,79179.57,36151.95,148,Shoes,4,2,Issue Not Resolved,Low,Resolved,3,1,No,4.9,0,0.0,No Return,0,0.0,No,No,5.2,3.2,2.0,2,0,0,3.7,2,11.1,25.6,No,2.6,5.0,2.6,3.8,3.5,-26,9.4,2.9,0.47,No,No,0,At Risk,Yes,No,Yes,No,Not Churned,,24.4
CUST10662,58,Female,Edo,Regular,Referral,2026-02-16,6,11,3,300353.36,70811.37,23854.9,94,Shoes,1,0,No Complaint,None,No Complaint,0,0,No,,1,0.091,Late Delivery,3,13700.97,Yes,No,2.9,2.8,0.1,0,0,1,5.0,1,2.7,5.9,Yes,4.3,3.8,4.3,3.9,4.1,27,9.4,12.87,0.642,No,No,0,Dormant,Yes,No,No,Yes,Not Churned,,16.7
CUST10663,56,Female,Enugu,Regular,Referral,2025-11-20,9,10,2,410943.18,75056.02,43691.45,86,Beauty,3,2,Poor Product Quality,High,Closed,4,2,No,5.0,1,0.1,Changed Mind,6,35607.37,No,No,3.9,3.4,0.5,0,0,1,3.0,2,9.2,15.8,No,3.1,4.1,3.1,3.5,3.6,2,5.8,2.68,0.207,No,No,0,Dormant,Yes,No,No,Yes,Not Churned,,11.7
CUST10664,18,Male,Abuja,Regular,TikTok,2024-04-27,28,11,2,216525.12,38810.44,21480.91,88,Trousers,5,3,Late Delivery,Low,Resolved,1,0,No,5.0,1,0.091,Defective,5,12001.91,No,No,6.6,5.3,1.3,1,0,0,3.9,3,6.0,8.8,Yes,3.8,4.5,3.8,4.1,3.7,2,9.0,2.07,0.167,Yes,No,0,Churned,No,Yes,No,No,Poor Customer Service,1768435200000000000,46.7
CUST10665,20,Female,Edo,High Value,Instagram,2023-07-26,37,9,1,322880.09,38176.7,39826.18,55,Electronics,4,0,No Complaint,None,No Complaint,0,0,No,,1,0.111,Wrong Color,1,18850.46,No,No,7.6,3.6,4.0,4,0,0,2.1,1,2.8,4.7,Yes,3.6,3.6,3.6,3.2,4.1,-3,4.5,4.84,0.271,No,Yes,2,Churned,No,Yes,No,No,Poor Product Quality,1772496000000000000,16.7
CUST10666,30,Female,Lagos,New Customer,Facebook,2024-10-30,22,9,1,270581.28,34304.0,32062.24,32,Beauty,1,0,No Complaint,None,No Complaint,0,0,No,,3,0.333,Wrong Color,6,48332.44,Yes,Yes,3.1,3.1,0.0,0,0,0,3.9,1,6.0,10.1,Yes,4.1,3.9,4.1,3.7,3.9,12,7.5,9.65,0.094,No,No,0,Churned,No,Yes,No,No,Poor Product Quality,1783382400000000000,51.8
CUST10667,45,Female,Kaduna,New Customer,Website,2024-08-01,25,10,4,348290.13,122542.11,35814.7,18,Bags,2,2,Unexpected Charge,Low,Pending,3,1,No,4.4,1,0.1,Product Description Inaccurate,9,31955.26,No,No,4.3,4.5,0.0,0,0,0,4.3,2,2.3,7.4,No,4.1,4.2,4.1,3.9,3.8,40,8.2,0.64,0.082,No,No,0,Retained,Yes,No,No,No,Not Churned,,6.6
CUST10668,42,Male,Abuja,New Customer,Email,2024-01-22,31,8,2,245374.29,55617.64,28453.73,32,Beauty,3,2,Price Increase,Medium,Closed,2,0,No,5.0,1,0.125,Wrong Size,2,22837.5,No,No,7.7,5.2,2.5,2,1,1,3.7,2,4.5,11.5,Yes,3.0,3.5,3.0,3.7,3.2,14,6.7,8.54,0.117,No,Yes,1,Retained,Yes,No,No,No,Not Churned,,5.1
CUST10669,50,Male,Lagos,Loyal,Instagram,2024-02-16,30,12,3,180842.11,50936.89,16755.01,40,Accessories,2,2,Order Cancellation,Medium,Resolved,5,0,No,4.6,2,0.167,Poor Quality,4,29799.75,No,No,2.8,2.6,0.2,2,0,1,3.8,2,3.5,5.0,No,4.5,3.8,4.5,4.6,4.9,64,8.3,3.38,0.26,No,No,0,Retained,Yes,No,No,No,Not Churned,,12.9
CUST10670,55,Male,Rivers,New Customer,Google,2025-06-09,14,7,0,116448.28,0.0,16358.01,32,Shoes,5,3,Late Delivery,Medium,Resolved,2,2,No,4.5,0,0.0,No Return,0,0.0,No,No,5.2,4.5,0.7,1,0,0,4.3,3,6.7,10.2,No,4.4,4.1,4.4,4.0,3.8,62,8.1,7.75,0.352,Yes,No,0,Retained,Yes,No,No,No,Not Churned,,5.0
CUST10671,23,Female,Imo,Loyal,Facebook,2025-06-24,14,6,1,135340.02,20541.26,22113.07,14,Accessories,5,0,No Complaint,None,No Complaint,0,0,No,,0,0.0,No Return,0,0.0,No,No,4.3,3.4,0.9,0,0,0,3.8,2,5.6,7.6,Yes,3.9,4.1,3.9,3.9,3.7,12,6.7,0.43,0.069,No,No,0,Retained,Yes,No,No,No,Not Churned,,11.3
CUST10672,61,Male,Delta,Regular,Instagram,2025-08-20,12,8,1,185516.98,23326.61,24629.34,119,Dresses,5,0,No Complaint,None,No Complaint,0,0,No,,1,0.125,Not as Expected,3,11467.29,Yes,Yes,3.1,3.6,0.0,0,0,0,4.7,0,1.8,9.8,Yes,4.1,3.9,4.1,4.9,3.6,83,10.0,5.42,0.219,Yes,Yes,4,Dormant,Yes,No,No,Yes,Not Churned,,14.7
CUST10673,62,Female,Anambra,Regular,Google,2025-08-22,12,6,1,195221.06,33498.62,36465.11,199,Bags,3,3,Missing Product,Medium,Resolved,12,2,No,2.4,0,0.0,No Return,0,0.0,No,No,3.1,3.2,0.0,0,0,0,4.8,3,12.4,14.0,No,4.3,3.9,4.3,4.5,4.3,30,7.4,9.7,0.224,No,No,0,At Risk,Yes,No,Yes,No,Not Churned,,43.7
CUST10674,49,Male,Rivers,Regular,Instagram,2023-05-20,40,12,2,355707.77,60451.37,31508.16,102,Beauty,4,2,Poor Customer Service,Medium,Resolved,3,0,No,5.0,0,0.0,No Return,0,0.0,No,No,2.5,5.2,0.0,0,0,0,5.0,2,6.4,10.1,No,4.0,5.0,4.0,5.0,5.0,66,10.0,6.85,0.356,No,No,0,Dormant,Yes,No,No,Yes,Not Churned,,19.6
CUST10675,62,Male,Rivers,New Customer,TikTok,2023-10-27,34,11,4,266241.59,91401.86,25688.44,145,Shoes,1,1,Poor Customer Service,Low,Resolved,1,2,No,4.3,0,0.0,No Return,0,0.0,No,No,6.0,5.2,0.8,0,0,0,4.4,1,4.9,8.5,No,3.0,4.9,3.0,4.2,4.7,9,7.6,0.84,0.126,No,No,0,At Risk,Yes,No,Yes,No,Not Churned,,18.8
CUST10676,64,Male,Edo,Regular,Referral,2025-11-02,10,5,3,65280.06,33069.81,12250.35,100,Electronics,4,3,Late Delivery,Low,Resolved,2,0,No,4.8,0,0.0,No Return,0,0.0,No,No,1.8,4.3,0.0,0,0,0,4.6,3,4.5,6.6,Yes,4.0,4.6,4.0,4.3,4.3,19,9.0,1.81,0.116,No,No,0,Dormant,Yes,No,No,Yes,Not Churned,,37.3
CUST10677,38,Male,Abia,Regular,Instagram,2024-10-25,22,10,0,216136.33,0.0,22917.15,42,Trousers,3,4,Missing Product,Medium,Closed,1,1,No,5.0,0,0.0,No Return,0,0.0,No,No,4.6,2.5,2.1,1,0,0,3.6,4,9.5,13.8,Yes,4.2,4.6,4.2,4.3,4.3,28,9.5,5.23,0.389,Yes,No,0,Retained,Yes,No,No,No,Not Churned,,20.5
CUST10678,33,Male,Abia,Regular,Instagram,2025-04-04,17,15,1,267408.31,17477.92,18343.19,95,Electronics,2,1,Late Delivery,Medium,Resolved,3,1,No,5.0,1,0.067,Duplicate Order,5,8515.11,No,No,6.6,5.3,1.3,1,0,0,5.0,2,7.1,14.6,No,5.0,3.9,5.0,4.9,5.0,37,9.9,7.97,0.096,Yes,No,0,Dormant,Yes,No,No,Yes,Not Churned,,24.5
CUST10679,38,Female,Enugu,Regular,Website,2024-02-04,31,12,3,792360.33,227827.46,73957.86,60,Bags,1,0,No Complaint,None,No Complaint,0,0,No,,0,0.0,No Return,0,0.0,No,No,3.9,3.9,0.0,0,0,0,4.5,0,9.3,14.7,Yes,3.4,4.1,3.4,3.8,3.5,29,8.7,2.12,0.127,No,Yes,4,Retained,Yes,No,No,No,Not Churned,,7.4
CUST10680,28,Male,Kano,New Customer,Instagram,2025-09-18,11,10,3,347547.1,97111.35,33148.17,56,Electronics,5,1,Product Not as Described,Low,Resolved,2,2,No,3.3,2,0.2,Damaged,1,62098.16,No,No,6.0,4.0,2.0,3,1,0,3.2,4,6.3,9.2,No,3.9,4.5,3.9,4.3,4.2,43,9.6,12.97,0.227,No,No,0,Retained,Yes,No,No,No,Not Churned,,7.6
CUST10681,54,Female,Kaduna,High Value,Referral,2026-02-06,6,13,1,889050.92,66668.38,67844.5,14,Dresses,2,2,Coupon Expired,Low,Resolved,2,3,No,5.0,2,0.154,Wrong Item,5,95582.01,Yes,Yes,6.8,4.8,2.0,5,0,0,4.3,2,6.4,25.7,No,3.5,3.7,3.5,3.8,4.3,23,7.6,5.94,0.157,No,No,0,Churned,No,Yes,No,No,Poor Product Quality,1786924800000000000,51.9
CUST10682,53,Female,Enugu,New Customer,Google,2023-05-29,39,13,1,420069.84,31959.26,33204.89,27,Dresses,4,2,Poor Customer Service,Low,Escalated,3,0,Yes,5.0,0,0.0,No Return,0,0.0,No,No,4.2,4.3,0.0,0,0,1,4.6,2,5.6,9.5,No,4.4,4.8,4.4,4.4,4.6,50,8.8,3.01,0.19,No,No,0,Retained,Yes,No,No,No,Not Churned,,5.0
CUST10683,52,Female,Edo,Loyal,Referral,2023-11-03,34,12,1,1005582.77,78035.94,78332.69,178,Trousers,1,0,No Complaint,None,No Complaint,0,0,No,,0,0.0,No Return,0,0.0,No,No,1.8,2.9,0.0,0,0,1,3.6,0,7.1,10.8,Yes,5.0,4.6,5.0,4.0,4.0,13,7.7,6.24,0.631,No,Yes,1,Churned,No,Yes,No,No,Poor Customer Service,1780531200000000000,60.5
CUST10684,36,Female,Ogun,Loyal,Google,2025-12-19,8,13,3,515072.29,101354.21,37231.68,28,Shoes,5,3,Unexpected Charge,Low,Closed,2,1,No,4.9,1,0.077,Poor Quality,1,15867.92,No,No,3.6,2.8,0.8,0,0,0,4.6,3,0.9,2.0,Yes,4.4,3.1,4.4,3.8,3.6,4,6.9,4.37,0.323,No,No,0,Retained,Yes,No,No,No,Not Churned,,3.6
CUST10685,37,Female,Anambra,Regular,Instagram,2024-03-10,30,5,0,183634.47,0.0,37920.05,24,Accessories,1,1,Long Waiting Time,Critical,Resolved,2,0,No,4.9,2,0.4,Poor Quality,2,31748.73,No,No,5.7,3.3,2.4,2,0,0,3.0,1,8.3,11.3,Yes,3.8,3.9,3.8,4.0,4.0,58,8.1,1.36,0.299,No,Yes,7,Retained,Yes,No,No,No,Not Churned,,3.6
CUST10686,35,Female,Cross River,New Customer,Facebook,2023-01-21,43,8,4,698476.45,353785.17,81480.44,12,Electronics,4,2,Unexpected Charge,Medium,Resolved,4,2,No,5.0,1,0.125,Product Description Inaccurate,5,71318.92,No,No,3.6,2.7,0.9,0,0,0,4.4,2,2.1,8.6,No,4.2,2.9,4.2,3.4,3.4,10,6.7,9.0,0.047,No,No,0,Retained,Yes,No,No,No,Not Churned,,2.6
CUST10687,64,Female,Kaduna,New Customer,Facebook,2025-05-24,15,8,3,177228.65,65681.9,22744.56,41,Tops,3,1,Unexpected Charge,Low,Closed,8,0,No,4.9,3,0.375,Defective,5,33793.26,Yes,Yes,5.2,5.0,0.2,1,0,1,3.4,3,3.7,8.0,No,3.9,3.6,3.9,3.6,3.1,31,8.7,3.7,0.066,No,Yes,4,Retained,Yes,No,No,No,Not Churned,,16.7
CUST10688,58,Male,Kaduna,Loyal,Google,2024-01-17,31,8,3,174867.91,73727.86,23255.2,46,Accessories,4,4,Website Error,Medium,Resolved,5,0,No,4.3,1,0.125,Late Delivery,5,11926.28,No,No,2.8,2.6,0.2,0,0,1,4.1,4,7.0,7.9,No,4.4,3.3,4.4,3.8,3.2,34,8.0,1.12,0.239,Yes,No,0,Retained,Yes,No,No,No,Not Churned,,37.3
CUST10689,31,Female,Plateau,Loyal,Referral,2023-09-02,36,3,3,109507.79,109507.79,33976.32,47,Trousers,3,4,Late Delivery,Low,Resolved,3,2,No,3.4,0,0.0,No Return,0,0.0,No,No,5.4,5.3,0.1,0,0,0,4.8,4,3.5,10.4,No,4.1,3.5,4.1,3.8,3.5,16,7.2,5.81,0.267,No,No,0,Retained,Yes,No,No,No,Not Churned,,7.1
CUST10690,32,Female,Edo,Loyal,Facebook,2026-01-01,8,5,3,698840.89,390932.22,129827.67,44,Accessories,5,2,Unexpected Charge,Medium,Resolved,3,1,No,5.0,2,0.4,Product Description Inaccurate,3,152015.73,No,No,1.0,2.8,0.0,0,0,1,4.1,2,5.8,15.6,No,3.9,4.6,3.9,4.0,3.8,9,10.0,4.06,0.364,No,No,0,Churned,No,Yes,No,No,Price Too High,1773619200000000000,46.5
CUST10691,48,Female,Oyo,High Value,Instagram,2026-01-04,8,12,3,356832.13,74065.09,26698.83,36,Shoes,4,1,Wrong Product,Medium,Resolved,6,0,No,4.3,4,0.333,Late Delivery,3,77528.85,No,No,7.3,5.1,2.2,2,1,1,2.6,1,3.1,10.3,No,3.7,3.1,3.7,3.5,3.6,-4,6.0,4.88,0.188,No,No,0,Retained,Yes,No,No,No,Not Churned,,23.1
CUST10692,18,Female,Rivers,Loyal,Referral,2024-11-28,21,13,3,489827.46,113559.94,37112.88,14,Shoes,4,1,Repeated Issue,Low,Escalated,3,1,Yes,5.0,1,0.077,Changed Mind,1,25026.44,Yes,Yes,7.4,3.2,4.2,5,1,0,1.4,1,5.2,14.7,No,3.9,3.4,3.9,3.1,3.0,10,5.6,6.07,0.131,No,No,0,Retained,Yes,No,No,No,Not Churned,,4.4
CUST10693,20,Male,Imo,New Customer,Referral,2024-08-12,25,8,2,372399.89,94579.92,49377.21,9,Accessories,4,2,Product Not as Described,Low,Resolved,1,2,No,4.6,1,0.125,Changed Mind,2,18297.45,No,No,3.2,4.5,0.0,0,0,0,4.2,3,4.4,6.5,No,4.5,3.6,4.5,4.0,3.7,-13,10.0,2.58,0.476,No,No,0,Retained,Yes,No,No,No,Not Churned,,3.1
CUST10694,33,Male,Delta,Regular,Email,2024-01-25,31,8,3,609962.4,226110.27,68940.24,64,Electronics,4,0,No Complaint,None,No Complaint,0,0,No,,2,0.25,Changed Mind,5,87082.07,No,No,3.3,3.5,0.0,0,1,0,4.4,3,1.9,4.3,Yes,3.7,3.7,3.7,4.0,4.2,27,8.1,1.2,0.282,No,No,0,Retained,Yes,No,No,No,Not Churned,,11.1
CUST10695,40,Male,Oyo,Loyal,Referral,2024-07-21,25,11,0,502014.11,0.0,49223.05,47,Accessories,3,2,Late Delivery,Medium,Resolved,2,1,No,4.1,1,0.091,Product Description Inaccurate,4,29591.44,No,No,2.1,2.7,0.0,0,0,0,4.8,2,1.2,7.0,Yes,3.9,4.5,3.9,4.3,3.6,46,7.6,6.26,0.114,No,No,0,Retained,Yes,No,No,No,Not Churned,,9.7
CUST10696,28,Male,Abia,Regular,Google,2023-09-16,36,11,2,815319.1,137817.32,65394.6,94,Shoes,3,2,Return Difficulty,High,Resolved,3,1,No,5.0,0,0.0,No Return,0,0.0,No,No,3.1,4.7,0.0,0,0,1,4.9,2,13.3,21.4,No,4.7,3.5,4.7,4.8,4.1,46,8.9,1.68,0.202,No,No,0,Dormant,Yes,No,No,Yes,Not Churned,,12.6
CUST10697,29,Female,Edo,New Customer,Referral,2024-03-01,30,11,4,488930.11,184140.7,46165.72,55,Tops,2,1,Poor Customer Service,Low,Resolved,7,1,No,5.0,1,0.091,Wrong Size,3,34140.13,Yes,Yes,5.4,4.9,0.5,0,0,0,4.1,1,5.7,8.6,No,2.5,4.5,2.5,3.8,4.9,50,6.9,1.15,0.177,No,Yes,6,Retained,Yes,No,No,No,Not Churned,,9.3
CUST10698,27,Male,Cross River,Loyal,Website,2025-10-26,10,14,1,418416.72,28773.84,33768.0,63,Beauty,5,2,Late Delivery,High,Escalated,6,1,Yes,4.6,0,0.0,No Return,0,0.0,No,No,4.3,3.4,0.9,3,0,0,4.3,2,2.6,6.0,No,3.5,3.3,3.5,3.7,3.5,38,7.0,5.62,0.311,No,Yes,6,Retained,Yes,No,No,No,Not Churned,,10.9
CUST10699,49,Female,Cross River,Regular,Website,2023-01-06,44,13,5,230714.63,100898.98,19074.34,7,Beauty,5,5,Product Not as Described,Medium,Resolved,4,1,No,4.2,0,0.0,No Return,0,0.0,No,No,6.0,4.9,1.1,1,1,0,3.3,5,7.4,9.9,No,3.3,4.1,3.3,3.6,2.6,16,6.9,3.93,0.219,No,No,0,At Risk,Yes,No,Yes,No,Not Churned,,2.5
CUST10700,33,Female,Oyo,High Value,Google,2023-07-10,38,10,4,247632.7,85508.0,24963.13,67,Dresses,3,1,Discount Not Applied,Medium,Resolved,3,1,No,4.3,2,0.2,Duplicate Order,4,22858.19,Yes,Yes,3.9,3.9,0.0,0,1,1,3.3,1,14.1,15.5,No,4.8,3.9,4.8,4.0,4.0,16,8.3,2.42,0.112,No,No,0,Retained,Yes,No,No,No,Not Churned,,14.6
CUST10701,25,Male,Cross River,Loyal,Facebook,2023-05-28,39,10,0,240528.21,0.0,26877.63,10,Beauty,2,4,Order Cancellation,Low,Resolved,3,2,No,4.3,0,0.0,No Return,0,0.0,No,No,8.9,4.7,4.2,3,0,0,2.0,4,3.7,8.0,No,4.2,4.3,4.2,3.4,2.8,18,8.2,4.01,0.269,No,Yes,5,Retained,Yes,No,No,No,Not Churned,,13.8
CUST10702,55,Female,Delta,New Customer,Facebook,2024-02-09,31,7,0,255016.72,0.0,36777.75,25,Shoes,2,4,Long Waiting Time,High,Resolved,4,2,No,4.0,1,0.143,Late Delivery,1,16211.07,No,No,4.8,4.4,0.4,0,0,1,4.2,4,6.2,11.6,No,3.0,3.4,3.0,3.5,3.3,0,4.7,6.07,0.476,No,No,0,Retained,Yes,No,No,No,Not Churned,,9.5
CUST10703,29,Male,Edo,High Value,Referral,2023-09-15,36,5,3,192714.33,111907.89,41232.1,162,Accessories,4,1,Coupon Expired,High,Escalated,5,0,Yes,4.0,0,0.0,No Return,0,0.0,No,No,5.7,5.3,0.4,0,0,0,4.4,1,5.1,6.0,No,3.4,4.2,3.4,3.4,2.8,-7,8.1,9.59,0.277,No,No,0,Churned,No,Yes,No,No,Inactive,1781049600000000000,30.8
CUST10704,41,Male,Abia,Regular,TikTok,2024-12-30,20,14,1,994231.56,85070.64,80234.01,24,Trousers,2,0,No Complaint,None,No Complaint,0,0,No,,0,0.0,No Return,0,0.0,No,No,2.3,3.5,0.0,0,0,1,4.0,3,10.1,12.1,Yes,4.2,3.3,4.2,3.6,3.8,23,7.8,15.5,0.694,No,No,0,Retained,Yes,No,No,No,Not Churned,,3.6
CUST10705,45,Male,Edo,Regular,Referral,2023-03-31,41,8,1,90849.33,10745.72,11820.33,156,Beauty,5,1,Price Increase,High,Resolved,3,0,No,5.0,0,0.0,No Return,0,0.0,No,No,2.8,2.8,0.0,0,0,0,5.0,1,10.6,18.2,No,3.5,4.2,3.5,4.2,4.1,51,8.3,6.95,0.161,No,Yes,7,At Risk,Yes,No,Yes,No,Not Churned,,24.0
CUST10706,25,Male,Kaduna,Regular,Instagram,2025-04-03,17,14,3,411633.67,97727.58,31242.52,55,Tops,1,1,Damaged Product,Medium,Escalated,3,1,Yes,4.3,1,0.071,Changed Mind,6,27490.56,No,No,4.7,4.9,0.0,1,1,1,3.6,1,4.9,15.0,No,5.0,4.8,5.0,4.4,5.0,9,7.9,23.31,0.121,No,No,0,Retained,Yes,No,No,No,Not Churned,,7.1
CUST10707,45,Female,Oyo,New Customer,TikTok,2023-01-10,44,12,4,954007.36,315508.27,80034.03,124,Electronics,3,4,Missing Product,Low,Closed,8,2,No,3.5,1,0.083,Wrong Item,1,45648.95,No,No,3.9,4.9,0.0,0,1,0,5.0,4,5.8,15.6,No,3.3,3.9,3.3,3.5,3.6,-8,8.1,16.24,0.388,No,No,0,At Risk,Yes,No,Yes,No,Not Churned,,18.4
CUST10708,53,Female,Lagos,Regular,Website,2026-01-15,7,11,2,197030.95,33605.38,16509.67,49,Trousers,4,3,Refund Delayed,Medium,Closed,4,1,No,4.5,0,0.0,No Return,0,0.0,No,No,4.1,2.6,1.5,1,0,0,3.3,3,14.7,17.9,No,4.4,3.9,4.4,4.4,3.8,24,9.7,3.87,0.237,No,No,0,Retained,Yes,No,No,No,Not Churned,,10.8
CUST10709,43,Male,Cross River,New Customer,Facebook,2025-04-17,16,7,2,162532.86,48349.11,22816.51,11,Electronics,2,2,Poor Customer Service,Medium,Resolved,2,1,No,4.4,2,0.286,Wrong Item,4,20620.2,Yes,No,2.2,2.9,0.0,0,0,0,4.2,4,3.5,6.6,Yes,3.4,4.0,3.4,3.7,2.4,16,8.0,7.41,0.239,No,No,0,Retained,Yes,No,No,No,Not Churned,,2.7
CUST10710,25,Female,Abuja,Regular,TikTok,2026-03-20,5,9,5,391732.41,219356.23,40028.25,115,Beauty,3,2,Late Delivery,Medium,Resolved,3,0,No,3.4,0,0.0,No Return,0,0.0,No,No,4.8,5.0,0.0,1,0,1,3.9,2,8.2,20.3,No,3.5,3.9,3.5,4.0,3.7,1,7.5,2.18,0.445,Yes,Yes,2,Dormant,Yes,No,No,Yes,Not Churned,,16.0
CUST10711,45,Male,Edo,Regular,Google,2025-09-14,11,10,6,471700.89,254021.76,48583.71,41,Shoes,3,0,No Complaint,None,No Complaint,0,0,No,,1,0.1,Poor Quality,3,30271.36,No,No,5.9,4.3,1.6,0,0,0,4.0,2,10.2,11.8,Yes,4.7,4.8,4.7,4.4,3.9,9,7.4,12.11,0.201,No,No,0,Churned,No,Yes,No,No,Price Too High,1772755200000000000,55.2
CUST10712,45,Male,Oyo,Loyal,Website,2024-09-16,23,8,1,116427.17,16822.91,16471.32,20,Beauty,3,2,App Crash,Medium,Resolved,3,1,No,3.9,2,0.25,Damaged,3,22770.43,No,No,4.0,3.9,0.1,0,0,2,3.9,2,12.7,17.7,No,4.7,3.1,4.7,4.2,3.5,10,7.1,1.66,0.095,No,No,0,Churned,No,Yes,No,No,Payment Problems,1784764800000000000,13.2
CUST10713,54,Male,Kano,Loyal,Website,2023-01-30,43,13,1,987003.9,73280.12,67249.13,74,Trousers,5,1,Late Delivery,High,Resolved,9,2,No,4.5,0,0.0,No Return,0,0.0,No,No,6.5,5.0,1.5,3,1,0,2.8,1,6.7,18.5,No,2.7,4.9,2.7,4.0,3.8,25,6.3,2.79,0.374,Yes,No,0,Retained,Yes,No,No,No,Not Churned,,30.9
CUST10714,58,Female,Anambra,New Customer,Referral,2023-05-08,40,12,3,488971.69,119516.26,42226.72,82,Dresses,4,3,Poor Customer Service,Medium,Closed,6,1,No,4.9,2,0.167,Damaged,8,50565.11,Yes,Yes,2.5,3.2,0.0,0,0,0,3.3,3,5.7,9.5,No,4.7,3.2,4.7,4.6,4.1,48,9.6,5.99,0.293,No,Yes,5,Dormant,Yes,No,No,Yes,Not Churned,,12.5
CUST10715,53,Female,Kano,Regular,TikTok,2026-01-06,7,9,1,150740.13,15293.64,16384.24,56,Beauty,1,3,Late Delivery,Medium,Escalated,6,1,Yes,3.4,1,0.111,Wrong Color,1,9416.47,Yes,Yes,1.5,3.5,0.0,0,0,0,4.7,4,8.2,13.6,No,3.4,3.9,3.4,4.3,4.0,57,7.6,3.07,0.453,No,No,0,Retained,Yes,No,No,No,Not Churned,,9.2
CUST10716,44,Female,Oyo,Regular,Website,2024-02-25,30,7,3,392326.25,170362.27,55674.26,46,Dresses,4,2,Failed Payment,Critical,Resolved,6,1,No,5.0,0,0.0,No Return,0,0.0,No,No,5.4,4.8,0.6,0,0,0,3.3,2,6.5,11.7,No,4.7,3.7,4.7,3.8,4.7,22,8.6,5.26,0.654,Yes,No,0,Retained,Yes,No,No,No,Not Churned,,6.0
CUST10717,34,Female,Cross River,New Customer,Google,2025-12-14,8,6,2,325597.01,99436.46,52308.12,88,Accessories,2,3,Refund Delayed,Medium,Resolved,3,1,No,3.2,0,0.0,No Return,0,0.0,No,No,6.4,4.3,2.1,0,0,0,3.2,3,2.3,4.9,No,2.5,3.9,2.5,3.4,3.0,0,5.0,5.57,0.349,Yes,No,0,Dormant,Yes,No,No,Yes,Not Churned,,14.6
CUST10718,26,Male,Rivers,Loyal,Google,2023-11-01,34,15,1,536567.35,28887.47,31968.78,62,Electronics,4,0,No Complaint,None,No Complaint,0,0,No,,3,0.2,Wrong Color,6,82191.62,No,No,5.1,3.1,2.0,5,0,0,3.9,3,9.9,14.6,Yes,3.8,3.8,3.8,3.3,4.2,8,7.2,3.81,0.018,No,No,0,Retained,Yes,No,No,No,Not Churned,,22.3
CUST10719,50,Female,Cross River,Loyal,TikTok,2024-06-29,26,11,1,314677.16,22861.01,25675.95,36,Bags,5,2,Product Not as Described,Medium,Resolved,3,2,No,5.0,1,0.091,Changed Mind,1,14182.93,No,No,6.1,5.2,0.9,0,0,0,4.3,3,3.4,5.1,No,3.2,4.7,3.2,4.3,4.6,46,9.2,2.08,0.08,No,No,0,Retained,Yes,No,No,No,Not Churned,,9.1
CUST10720,37,Female,Rivers,Regular,Facebook,2026-02-02,7,8,4,167287.12,65618.42,18264.73,74,Tops,1,0,No Complaint,None,No Complaint,0,0,No,,0,0.0,No Return,0,0.0,No,No,6.2,5.5,0.7,0,0,1,3.2,2,2.5,4.2,Yes,4.1,5.0,4.1,4.2,4.3,46,8.2,11.51,0.328,No,No,0,Retained,Yes,No,No,No,Not Churned,,12.5
CUST10721,30,Female,Abia,Regular,Google,2026-04-10,4,12,3,322634.45,80928.2,26290.47,191,Dresses,4,1,Missing Product,Low,Resolved,2,0,No,5.0,1,0.083,Wrong Size,8,16294.99,Yes,Yes,3.6,2.9,0.7,0,1,1,3.2,2,0.8,11.3,Yes,4.1,4.3,4.1,3.3,3.1,-4,9.0,6.98,0.328,Yes,No,0,Churned,No,Yes,No,No,Poor Product Quality,1767830400000000000,42.2
CUST10722,45,Male,Abia,New Customer,Website,2023-01-22,43,9,2,533190.61,113303.54,52471.19,57,Trousers,2,3,Refund Delayed,Low,Resolved,15,1,No,4.1,0,0.0,,0,0.0,No,No,1.0,3.4,0.0,0,0,0,5.0,3,3.3,15.0,No,3.6,4.1,3.6,4.1,3.6,25,7.8,6.2,0.519,Yes,No,0,Retained,Yes,No,No,No,Not Churned,,8.9
CUST10723,65,Male,Oyo,Loyal,TikTok,2024-01-26,31,11,5,155921.22,73766.54,14030.68,67,Bags,4,3,Coupon Expired,High,Pending,1,1,No,4.8,1,0.091,Wrong Item,2,11208.31,Yes,Yes,5.4,4.7,0.7,2,0,0,4.0,3,5.1,9.0,Yes,4.5,4.2,4.5,4.7,4.0,64,10.0,4.3,0.026,Yes,No,0,Retained,Yes,No,No,No,Not Churned,,11.6
CUST10724,46,Female,Kaduna,New Customer,Google,2024-09-08,24,9,2,172144.62,41259.05,21443.29,39,Bags,5,2,Delivery Fee,Medium,Closed,5,1,No,4.2,1,0.111,Changed Mind,9,7539.32,No,No,2.6,2.9,0.0,0,0,0,4.9,2,6.5,7.6,No,4.0,4.7,4.0,4.2,3.5,39,7.2,5.7,0.344,Yes,No,0,Retained,Yes,No,No,No,Not Churned,,12.3
CUST10725,30,Female,Abia,High Value,Facebook,2023-05-29,39,11,3,372035.23,108380.66,36783.46,63,Shoes,3,3,Discount Not Applied,Medium,Pending,4,2,No,5.0,1,0.091,Wrong Item,3,17428.17,No,No,6.4,3.9,2.5,2,0,0,2.2,3,6.1,8.3,No,3.4,4.7,3.4,3.4,3.4,11,5.6,2.98,0.083,No,No,0,Retained,Yes,No,No,No,Not Churned,,21.4
CUST10726,63,Female,Kaduna,Loyal,Google,2023-10-26,34,7,3,305552.2,135657.18,44992.15,59,Bags,5,1,Poor Customer Service,Low,Resolved,3,2,No,5.0,2,0.286,Wrong Color,1,39611.72,Yes,Yes,3.4,3.2,0.2,0,0,0,4.1,1,9.9,13.3,No,4.9,4.3,4.9,3.9,3.6,-2,7.8,1.59,0.274,Yes,No,0,Retained,Yes,No,No,No,Not Churned,,17.4
CUST10727,52,Female,Abia,Regular,Facebook,2023-06-21,38,7,3,332438.85,131762.25,44142.05,73,Tops,5,4,Damaged Product,High,Pending,7,1,No,4.1,0,0.0,No Return,0,0.0,No,No,5.2,4.5,0.7,1,0,0,3.6,4,10.1,15.8,No,4.0,4.3,4.0,4.0,3.8,-14,6.1,1.87,0.391,Yes,Yes,6,Retained,Yes,No,No,No,Not Churned,,13.5
CUST10728,23,Male,Cross River,Regular,Instagram,2023-02-16,43,12,0,237984.0,0.0,21987.42,154,Tops,5,1,Order Cancellation,Low,Resolved,1,0,No,4.4,2,0.167,Wrong Item,6,41763.23,Yes,No,2.3,3.6,0.0,1,0,0,3.9,2,6.4,6.5,Yes,4.5,2.9,4.5,3.6,3.6,25,7.5,3.51,0.147,No,No,0,At Risk,Yes,No,Yes,No,Not Churned,,31.9
CUST10729,35,Male,Edo,High Value,TikTok,2024-09-17,23,11,6,327479.63,195810.33,30452.43,61,Tops,1,2,Missing Product,Medium,Resolved,3,2,No,3.3,2,0.182,Late Delivery,3,26660.61,No,No,6.7,5.0,1.7,0,0,0,3.3,3,2.0,4.1,No,3.7,4.6,3.7,2.7,2.5,36,4.4,1.32,0.393,Yes,No,0,At Risk,Yes,No,Yes,No,Not Churned,,8.2
CUST10730,22,Female,Delta,Regular,Facebook,2023-07-26,37,9,3,264474.44,66269.25,25659.35,32,Tops,4,0,No Complaint,None,No Complaint,0,0,No,,1,0.111,Wrong Item,2,17735.49,Yes,Yes,4.5,3.9,0.6,0,0,0,5.0,0,6.2,20.7,Yes,4.6,4.2,4.6,4.5,4.3,12,10.0,4.86,0.59,No,No,0,Retained,Yes,No,No,No,Not Churned,,4.5
CUST10731,64,Female,Abuja,New Customer,Google,2024-03-28,29,10,0,397505.1,0.0,36397.11,23,Electronics,2,3,Price Increase,Medium,Pending,1,2,No,3.9,0,0.0,No Return,0,0.0,No,No,4.6,4.1,0.5,0,0,0,4.2,3,1.8,8.0,No,3.8,2.9,3.8,3.9,3.8,25,7.7,15.85,0.502,Yes,Yes,1,Churned,No,Yes,No,No,Poor Product Quality,1772323200000000000,24.2
CUST10732,42,Other,Cross River,Regular,Google,2025-07-13,13,11,0,480815.87,0.0,42255.31,32,Shoes,3,1,Return Difficulty,Critical,Resolved,1,1,No,4.5,0,0.0,No Return,0,0.0,No,No,9.5,5.2,4.3,4,0,1,1.6,1,5.6,6.6,Yes,3.6,3.7,3.6,2.6,1.8,-22,5.1,4.21,0.249,No,No,0,At Risk,Yes,No,Yes,No,Not Churned,,4.0
CUST10733,19,Female,Plateau,Loyal,Email,2025-01-23,19,9,4,237647.87,120448.25,29447.94,149,Beauty,3,5,Stock Availability,Low,Resolved,3,2,No,4.0,0,0.0,No Return,0,0.0,No,No,5.7,4.8,0.9,1,0,0,4.0,5,4.6,7.3,No,3.5,4.7,3.5,4.0,3.4,15,8.5,3.99,0.585,No,No,0,At Risk,Yes,No,Yes,No,Not Churned,,32.1
CUST10734,27,Male,Edo,Loyal,Google,2024-12-08,21,12,3,358793.81,93500.25,33824.97,118,Electronics,1,2,Website Error,Medium,Resolved,8,0,No,3.7,2,0.167,Duplicate Order,4,35500.89,No,No,8.3,4.9,3.4,4,0,1,2.6,2,3.7,11.2,No,3.2,3.8,3.2,3.4,2.3,-40,5.8,5.54,0.153,Yes,No,0,Dormant,Yes,No,No,Yes,Not Churned,,37.2
CUST10735,47,Female,Plateau,Loyal,Instagram,2025-10-05,11,9,1,261619.85,33386.52,31999.48,9,Accessories,2,0,No Complaint,None,No Complaint,0,0,No,,0,0.0,No Return,0,0.0,No,No,1.0,2.5,0.0,0,0,1,4.5,1,10.9,31.7,Yes,4.3,4.1,4.3,4.0,3.8,9,7.3,5.29,0.102,No,No,0,Retained,Yes,No,No,No,Not Churned,,1.4
CUST10736,62,Female,Kano,Loyal,Instagram,2024-11-06,22,10,1,145634.84,12816.25,15039.87,48,Trousers,3,2,Poor Customer Service,Low,Resolved,12,1,No,5.0,0,0.0,No Return,0,0.0,No,No,5.6,4.5,1.1,1,0,0,4.0,2,2.2,12.0,No,4.4,4.9,4.4,4.1,4.5,-3,6.9,14.7,0.418,No,Yes,5,Retained,Yes,No,No,No,Not Churned,,6.0
CUST10737,22,Female,Ogun,Loyal,Referral,2026-04-14,4,11,2,683668.85,112613.19,59547.91,111,Electronics,2,1,Website Error,Medium,Escalated,2,1,Yes,3.7,0,0.0,No Return,0,0.0,No,No,5.1,3.9,1.2,1,0,1,3.4,1,4.2,6.1,Yes,3.7,3.5,3.7,3.3,3.0,41,4.7,12.95,0.313,No,Yes,4,Dormant,Yes,No,No,Yes,Not Churned,,17.4
CUST10738,50,Female,Abuja,High Value,Referral,2025-05-04,16,7,5,343692.13,224993.79,52606.71,42,Electronics,2,3,Wrong Product,Medium,Resolved,3,0,No,5.0,1,0.143,Changed Mind,4,47425.07,No,No,4.0,5.2,0.0,0,0,0,5.0,3,3.1,3.6,No,3.3,3.9,3.3,4.2,3.9,33,7.2,0.43,0.203,No,No,0,Retained,Yes,No,No,No,Not Churned,,21.6
CUST10739,18,Male,Kano,New Customer,Google,2025-02-21,18,9,5,108472.76,73381.09,13484.43,47,Trousers,4,0,No Complaint,None,No Complaint,0,0,No,,2,0.222,Wrong Size,1,24002.64,No,No,3.4,2.6,0.8,0,1,0,3.9,3,23.9,24.9,Yes,5.0,2.8,5.0,4.1,4.3,28,6.3,9.51,0.486,No,No,0,Retained,Yes,No,No,No,Not Churned,,11.6
CUST10740,35,Female,Abia,Regular,Google,2026-02-07,6,18,4,1432299.4,300452.56,87970.85,86,Dresses,1,1,Wrong Product,Medium,Resolved,6,0,No,5.0,1,0.056,Not as Expected,4,75777.85,No,No,4.2,5.0,0.0,0,0,1,4.1,1,7.0,7.5,No,3.8,4.1,3.8,4.1,4.1,27,6.6,2.78,0.472,No,No,0,Dormant,Yes,No,No,Yes,Not Churned,,14.2
CUST10741,49,Female,Kaduna,Loyal,Instagram,2024-11-14,21,7,1,271543.35,34644.21,38977.65,66,Shoes,5,2,Discount Not Applied,Low,Escalated,4,0,Yes,3.9,0,0.0,No Return,0,0.0,No,No,2.9,2.9,0.0,1,0,1,4.3,2,16.7,21.9,No,3.5,3.5,3.5,3.6,3.4,-14,7.4,5.18,0.427,Yes,No,0,Retained,Yes,No,No,No,Not Churned,,36.1
CUST10742,64,Female,Abia,Loyal,Referral,2025-08-20,12,10,1,452907.83,40967.55,41599.1,50,Trousers,5,0,No Complaint,None,No Complaint,0,0,No,,0,0.0,No Return,0,0.0,No,No,4.0,4.3,0.0,0,0,0,3.8,2,6.0,9.1,Yes,3.7,4.0,3.7,4.1,4.2,19,8.0,4.19,0.108,No,No,0,Retained,Yes,No,No,No,Not Churned,,8.6
CUST10743,28,Female,Oyo,Loyal,Referral,2025-05-13,15,11,3,304782.7,76320.31,25149.93,13,Shoes,3,1,Refund Delayed,High,Resolved,4,1,No,3.2,1,0.091,Wrong Item,5,19455.47,No,No,4.2,4.7,0.0,0,0,1,3.7,2,4.7,6.6,No,2.7,3.5,2.7,3.4,3.4,29,5.1,8.42,0.293,No,No,0,Retained,Yes,No,No,No,Not Churned,,1.7
CUST10744,38,Female,Delta,New Customer,Instagram,2023-06-17,39,8,3,260472.08,105183.15,33965.73,44,Dresses,3,0,No Complaint,None,No Complaint,0,0,No,,0,0.0,No Return,0,0.0,No,No,2.4,3.1,0.0,0,1,0,4.8,2,3.7,7.1,Yes,5.0,5.0,5.0,4.9,4.8,37,10.0,4.54,0.311,Yes,No,0,Retained,Yes,No,No,No,Not Churned,,8.6
CUST10745,43,Female,Abia,Loyal,Instagram,2023-03-27,41,12,3,528637.03,113766.18,41593.72,26,Trousers,1,1,Issue Not Resolved,Medium,Resolved,1,1,No,5.0,2,0.167,Late Delivery,3,31839.12,No,No,1.0,3.0,0.0,0,0,1,3.6,3,8.6,11.7,Yes,4.3,3.9,4.3,3.3,2.9,-44,5.8,1.16,0.376,No,No,0,Churned,No,Yes,No,No,Payment Problems,1782777600000000000,23.4
CUST10746,42,Male,Imo,Loyal,Instagram,2025-04-28,16,10,1,756395.72,70976.85,76711.1,24,Dresses,4,1,Refund Delayed,Low,Resolved,3,0,No,4.6,1,0.1,Damaged,9,62277.68,Yes,No,4.7,4.5,0.2,0,0,0,3.7,2,2.7,6.8,No,3.5,4.6,3.5,4.2,4.2,27,8.2,5.06,0.114,Yes,No,0,Retained,Yes,No,No,No,Not Churned,,8.0
CUST10747,39,Female,Kano,New Customer,Instagram,2025-12-10,8,16,5,345825.4,86069.78,18916.94,30,Beauty,3,3,Product Not as Described,High,Resolved,5,1,No,5.0,3,0.188,Changed Mind,5,49430.17,No,No,4.0,3.0,1.0,1,0,0,3.3,3,10.4,11.4,No,4.3,4.0,4.3,3.9,3.7,32,9.4,10.06,0.32,No,No,0,Retained,Yes,No,No,No,Not Churned,,6.7
CUST10748,44,Female,Kaduna,Regular,Referral,2026-02-09,6,15,1,814359.53,49992.71,54875.64,27,Beauty,3,0,No Complaint,None,No Complaint,0,0,No,,0,0.0,No Return,0,0.0,No,No,5.1,4.0,1.1,3,1,1,3.1,1,4.3,5.8,Yes,4.3,5.0,4.3,4.1,4.2,31,7.5,21.06,0.454,No,No,0,Retained,Yes,No,No,No,Not Churned,,7.5
CUST10749,30,Male,Imo,New Customer,Facebook,2024-03-17,29,12,2,309658.43,54671.84,26147.56,44,Tops,2,1,Product Not as Described,Medium,Resolved,6,1,No,4.1,0,0.0,No Return,0,0.0,No,No,1.0,3.3,0.0,0,0,0,5.0,1,9.5,18.1,No,3.9,4.1,3.9,4.8,4.8,50,8.2,1.9,0.447,No,No,0,Retained,Yes,No,No,No,Not Churned,,5.9
CUST10750,50,Female,Delta,Regular,Facebook,2023-09-28,35,14,3,899500.75,206336.98,63274.16,37,Accessories,1,2,Issue Not Resolved,Medium,Resolved,2,3,No,3.6,0,0.0,No Return,0,0.0,No,No,1.2,2.6,0.0,0,0,2,3.6,2,1.2,2.4,No,4.2,3.9,4.2,4.0,3.9,58,5.4,3.28,0.11,Yes,No,0,Retained,Yes,No,No,No,Not Churned,,4.8
CUST10751,51,Male,Edo,New Customer,Instagram,2023-12-10,33,10,3,141340.22,47759.9,15936.69,85,Trousers,5,1,Failed Payment,High,Resolved,3,1,No,4.8,0,0.0,No Return,0,0.0,No,No,4.3,2.7,1.6,0,0,2,4.2,1,0.9,3.2,No,4.7,4.5,4.7,3.7,3.2,41,6.9,3.39,0.28,Yes,No,0,Dormant,Yes,No,No,Yes,Not Churned,,11.1
CUST10752,58,Female,Oyo,Regular,Email,2024-05-17,27,9,0,275661.13,0.0,30849.88,145,Beauty,1,0,No Complaint,None,No Complaint,0,0,No,,1,0.111,Poor Quality,1,22091.35,Yes,Yes,1.4,2.9,0.0,0,0,1,4.4,0,1.3,6.5,Yes,4.0,4.2,4.0,4.5,3.9,28,8.6,4.93,0.559,No,No,0,At Risk,Yes,No,Yes,No,Not Churned,,21.2
CUST10753,52,Male,Anambra,Regular,Website,2025-10-30,10,16,0,209099.74,0.0,11840.29,16,Beauty,5,3,Repeated Issue,Medium,Closed,2,1,No,5.0,1,0.062,Wrong Item,7,5150.13,Yes,No,5.9,4.1,1.8,1,0,0,3.0,3,6.1,10.0,Yes,5.0,3.9,5.0,4.4,3.8,55,10.0,3.5,0.12,No,No,0,Churned,No,Yes,No,No,Poor Customer Service,1775433600000000000,13.6
CUST10754,18,Male,Rivers,Loyal,Facebook,2024-05-08,28,8,2,195018.82,42436.0,23321.76,21,Dresses,2,0,No Complaint,None,No Complaint,0,0,No,,2,0.25,Wrong Size,5,21676.87,Yes,Yes,5.1,3.1,2.0,2,0,0,3.0,0,2.0,9.9,Yes,3.7,4.0,3.7,3.4,3.5,1,8.2,10.61,0.147,No,Yes,6,Churned,No,Yes,No,No,Better Alternative,1785283200000000000,26.7
CUST10755,38,Male,Enugu,Loyal,Google,2023-09-01,36,4,1,116193.06,22756.58,25442.02,199,Accessories,4,0,No Complaint,None,No Complaint,0,0,No,,2,0.5,Damaged,4,48155.17,No,No,7.1,5.0,2.1,0,0,0,3.1,1,2.0,6.5,Yes,4.4,3.9,4.4,4.1,3.6,24,9.8,1.75,0.336,No,No,0,Churned,No,Yes,No,No,Poor Product Quality,1780444800000000000,48.7
CUST10756,65,Other,Delta,Loyal,Facebook,2023-09-24,35,10,5,381759.8,196147.71,39441.33,44,Accessories,5,1,Issue Not Resolved,Medium,Resolved,3,2,No,4.5,0,0.0,No Return,0,0.0,No,No,1.0,2.6,0.0,0,0,0,5.0,2,3.0,9.9,No,4.3,4.2,4.3,5.0,4.9,62,10.0,10.18,0.123,Yes,Yes,2,Retained,Yes,No,No,No,Not Churned,,5.4
CUST10757,23,Female,Imo,Regular,Google,2025-06-11,14,13,1,180883.99,15433.77,15064.94,64,Bags,2,2,Issue Not Resolved,High,Resolved,13,2,No,4.2,0,0.0,No Return,0,0.0,No,No,6.1,4.5,1.6,0,0,1,4.0,2,8.2,13.0,No,3.5,4.8,3.5,4.5,4.5,10,7.7,3.01,0.273,No,No,0,Retained,Yes,No,No,No,Not Churned,,9.5
CUST10758,45,Male,Anambra,New Customer,Instagram,2023-07-20,37,5,5,383701.54,301653.34,70881.55,107,Tops,4,1,Poor Customer Service,Medium,Resolved,2,1,No,5.0,1,0.2,Duplicate Order,3,29771.19,No,No,3.5,2.8,0.7,0,0,1,3.1,1,17.9,18.7,Yes,5.0,4.2,5.0,3.7,4.3,11,7.3,3.71,0.353,No,No,0,Dormant,Yes,No,No,Yes,Not Churned,,13.2
CUST10759,34,Female,Anambra,Loyal,TikTok,2023-08-27,36,17,1,1167755.08,73938.36,77026.74,71,Tops,2,3,Return Difficulty,Low,Resolved,5,0,No,4.1,1,0.059,Duplicate Order,4,45099.93,No,No,4.6,5.2,0.0,1,0,0,4.2,3,3.7,5.8,No,4.6,3.5,4.6,4.2,3.3,11,6.4,15.98,0.301,No,No,0,Retained,Yes,No,No,No,Not Churned,,15.2
CUST10760,22,Female,Delta,New Customer,Referral,2025-07-03,14,9,1,286281.48,34657.65,34459.69,92,Shoes,4,3,Price Increase,Low,Closed,3,1,No,4.8,0,0.0,No Return,0,0.0,No,No,3.4,2.6,0.8,0,0,2,3.9,3,7.1,10.7,No,4.7,4.5,4.7,4.7,5.0,9,9.8,4.33,0.424,No,No,0,Dormant,Yes,No,No,Yes,Not Churned,,15.6
CUST10761,48,Female,Anambra,High Value,Website,2025-08-26,12,12,3,207091.24,45731.53,16971.19,25,Beauty,3,2,Product Not as Described,High,Closed,1,2,No,3.7,0,0.0,No Return,0,0.0,No,No,3.1,2.9,0.2,0,0,0,3.8,2,9.2,11.5,No,3.9,3.4,3.9,4.1,4.1,25,9.4,1.69,0.098,No,Yes,1,Retained,Yes,No,No,No,Not Churned,,5.1
CUST10762,22,Female,Kano,Loyal,Instagram,2024-04-28,28,12,3,210419.87,52206.22,16184.32,48,Beauty,4,2,Issue Not Resolved,Low,Escalated,6,1,Yes,5.0,0,0.0,No Return,0,0.0,No,No,1.0,3.3,0.0,0,0,0,5.0,2,2.2,7.6,No,4.0,4.2,4.0,4.3,4.9,36,10.0,6.39,0.234,No,No,0,Churned,No,Yes,No,No,Better Alternative,1775520000000000000,42.9
CUST10763,55,Female,Anambra,Regular,Website,2023-09-03,36,14,4,489247.49,132407.38,33529.24,95,Dresses,5,2,Poor Product Quality,Medium,Resolved,1,3,No,4.2,2,0.143,Changed Mind,5,41251.69,Yes,Yes,1.0,2.8,0.0,0,0,1,4.2,2,3.4,7.0,No,4.9,4.8,4.9,4.9,4.1,37,10.0,4.64,0.252,No,No,0,Dormant,Yes,No,No,Yes,Not Churned,,23.4
CUST10764,20,Female,Abia,High Value,Website,2025-10-28,10,12,1,301542.23,20484.63,21877.12,66,Beauty,4,3,Account Issue,Medium,Resolved,8,1,No,5.0,1,0.083,Not as Expected,4,15391.17,No,No,4.1,5.2,0.0,1,0,1,4.6,3,5.1,16.4,No,3.1,5.0,3.1,4.3,4.3,55,8.1,12.0,0.357,Yes,No,0,Retained,Yes,No,No,No,Not Churned,,9.5
CUST10765,40,Female,Plateau,New Customer,Instagram,2023-06-01,39,10,1,624223.07,50481.35,59065.39,17,Shoes,1,1,Issue Not Resolved,High,Resolved,1,0,No,4.7,2,0.2,Duplicate Order,5,88260.12,Yes,Yes,4.5,2.9,1.6,2,1,0,4.1,1,7.6,14.4,Yes,4.6,3.4,4.6,4.4,4.3,11,9.2,3.35,0.236,No,No,0,Retained,Yes,No,No,No,Not Churned,,5.7
CUST10766,54,Male,Kaduna,Regular,Google,2023-07-30,37,10,2,292435.61,52796.61,27184.57,71,Dresses,4,2,Poor Customer Service,Medium,Resolved,1,0,No,5.0,2,0.2,Poor Quality,10,27667.92,No,No,4.1,2.7,1.4,2,1,2,2.9,2,3.8,4.1,Yes,5.0,3.7,5.0,3.7,2.8,-4,8.2,1.62,0.322,No,No,0,Retained,Yes,No,No,No,Not Churned,,19.3
CUST10767,54,Male,Abuja,Loyal,Instagram,2024-01-02,32,4,2,182605.21,74258.6,39753.57,33,Electronics,2,0,No Complaint,None,No Complaint,0,0,No,,2,0.5,Damaged,1,35975.04,No,No,3.1,2.7,0.4,0,0,0,5.0,0,6.9,9.9,Yes,3.5,3.4,3.5,4.2,4.3,44,10.0,7.97,0.377,Yes,No,0,Retained,Yes,No,No,No,Not Churned,,4.3
CUST10768,27,Female,Kano,Regular,Facebook,2025-08-01,13,10,8,323603.27,271932.16,31116.75,188,Accessories,5,1,Return Difficulty,Low,Resolved,3,4,Yes,3.0,1,0.1,Defective,3,26139.95,No,No,3.5,4.9,0.0,0,0,0,4.4,4,4.3,6.0,No,2.6,4.7,2.6,4.1,2.8,24,6.4,7.78,0.439,No,No,0,At Risk,Yes,No,Yes,No,Not Churned,,66.2
CUST10769,27,Female,Anambra,High Value,Facebook,2023-03-27,41,10,2,265050.09,46673.29,24703.0,25,Tops,3,0,No Complaint,None,No Complaint,0,0,No,,0,0.0,No Return,0,0.0,No,No,3.1,4.4,0.0,0,0,0,4.5,0,9.4,13.0,Yes,3.7,4.2,3.7,3.7,4.1,24,5.9,1.65,0.151,No,Yes,4,Retained,Yes,No,No,No,Not Churned,,11.8
CUST10770,36,Female,Cross River,New Customer,Referral,2025-12-14,8,6,2,128069.77,48009.94,22221.64,85,Beauty,3,1,Product Not as Described,Low,Resolved,7,2,No,4.2,0,0.0,No Return,0,0.0,No,No,4.5,4.8,0.0,0,0,0,4.4,2,3.0,7.5,No,3.4,4.6,3.4,4.1,3.7,37,6.7,1.62,0.482,Yes,No,0,Dormant,Yes,No,No,Yes,Not Churned,,13.3
CUST10771,34,Female,Edo,Regular,Google,2024-03-21,29,8,3,151131.44,56485.71,18432.03,97,Beauty,2,2,Stock Availability,High,Escalated,8,3,Yes,3.6,1,0.125,Product Description Inaccurate,3,15936.49,No,No,7.3,4.6,2.7,3,0,0,3.3,2,3.5,8.0,No,3.5,4.1,3.5,3.6,3.9,18,4.8,8.73,0.141,No,No,0,Churned,No,Yes,No,No,Competitor,1780185600000000000,61.5
CUST10772,38,Female,Cross River,Regular,Email,2024-09-11,24,9,2,270675.26,46384.75,26704.23,51,Shoes,3,1,Late Delivery,Low,Resolved,8,0,No,5.0,0,0.0,No Return,0,0.0,No,No,4.4,5.4,0.0,1,0,0,3.9,1,8.9,12.8,No,4.2,4.1,4.2,3.9,4.6,5,7.7,2.87,0.071,No,No,0,Retained,Yes,No,No,No,Not Churned,,7.3
CUST10773,31,Female,Rivers,Loyal,Instagram,2023-10-31,34,8,5,293747.51,179092.19,33067.85,8,Trousers,5,5,Website Error,Low,Resolved,1,2,No,5.0,0,0.0,No Return,0,0.0,No,No,3.5,4.8,0.0,1,1,0,4.5,5,2.9,8.7,No,3.4,3.0,3.4,3.2,3.2,9,5.6,9.5,0.482,Yes,No,0,Churned,No,Yes,No,No,Lack of Product Availability,1769558400000000000,11.8
CUST10774,26,Female,Oyo,Regular,Email,2023-05-12,40,10,1,343880.54,31866.7,35720.51,104,Accessories,2,4,App Crash,Low,Resolved,2,0,No,4.6,0,0.0,No Return,0,0.0,No,No,4.5,3.6,0.9,1,0,0,4.1,4,3.0,10.3,Yes,3.9,4.3,3.9,4.7,4.7,72,9.9,13.36,0.093,No,No,0,Dormant,Yes,No,No,Yes,Not Churned,,26.3
CUST10775,63,Male,Imo,Regular,Facebook,2025-06-22,14,11,2,348960.7,62508.93,32488.85,61,Accessories,5,2,Poor Product Quality,Medium,Resolved,1,1,No,4.9,0,0.0,No Return,0,0.0,No,No,5.1,3.4,1.7,2,0,0,3.6,4,20.9,36.8,Yes,3.0,4.5,3.0,4.0,3.3,39,8.1,4.93,0.322,No,No,0,Retained,Yes,No,No,No,Not Churned,,25.6
CUST10776,18,Female,Anambra,Loyal,Website,2025-09-14,11,13,4,419607.36,125875.59,29117.62,42,Accessories,3,0,No Complaint,None,No Complaint,0,0,No,,2,0.154,Defective,3,51413.32,Yes,Yes,3.1,3.4,0.0,0,0,0,4.1,1,10.6,13.1,Yes,5.0,3.5,5.0,3.9,3.9,9,6.8,11.46,0.089,No,No,0,Churned,No,Yes,No,No,Inactive,1780704000000000000,28.0
CUST10777,62,Female,Lagos,Regular,Google,2023-02-16,43,11,0,136865.26,0.0,13003.23,7,Shoes,3,2,Damaged Product,Medium,Resolved,5,2,No,4.3,2,0.182,Wrong Color,1,14803.14,Yes,Yes,5.6,3.4,2.2,2,0,1,3.3,2,2.8,9.5,No,4.1,3.9,4.1,3.6,3.2,-16,4.7,16.0,0.29,Yes,No,0,Retained,Yes,No,No,No,Not Churned,,2.6
CUST10778,30,Male,Abia,Loyal,Instagram,2025-01-26,19,7,3,438332.32,163065.21,55926.87,30,Electronics,1,1,Refund Delayed,Medium,Resolved,1,1,No,5.0,1,0.143,Poor Quality,1,28562.01,No,No,3.3,3.1,0.2,0,0,0,4.6,1,1.3,11.8,Yes,4.2,4.1,4.2,5.0,4.8,61,9.3,7.49,0.72,No,No,0,Retained,Yes,No,No,No,Not Churned,,6.6
CUST10779,21,Female,Rivers,Regular,Website,2024-11-20,21,15,3,250291.94,41453.23,15323.59,62,Dresses,2,1,Stock Availability,High,Closed,8,2,No,3.7,1,0.067,Late Delivery,3,10324.95,No,No,3.5,3.7,0.0,0,0,3,4.1,1,1.9,8.7,No,3.7,4.1,3.7,3.7,4.4,47,7.5,5.7,0.321,Yes,No,0,Churned,No,Yes,No,No,Inactive,1782345600000000000,50.7
CUST10780,18,Female,Edo,Loyal,Google,2025-11-13,9,12,1,450790.45,39856.97,40782.1,105,Tops,4,1,Refund Delayed,Low,Resolved,9,2,No,3.8,1,0.083,Wrong Size,2,25616.38,Yes,Yes,1.4,2.8,0.0,0,0,0,5.0,3,5.2,11.2,No,2.8,4.1,2.8,4.1,4.1,61,9.4,3.87,0.169,No,No,0,Dormant,Yes,No,No,Yes,Not Churned,,13.7
CUST10781,57,Male,Abia,Loyal,Referral,2024-11-17,21,7,4,435458.08,228583.51,57903.92,37,Trousers,2,2,Issue Not Resolved,Medium,Resolved,2,4,Yes,2.9,0,0.0,No Return,0,0.0,No,No,4.7,3.4,1.3,2,0,0,3.8,2,10.7,13.6,No,3.6,3.8,3.6,3.8,3.9,27,8.2,4.54,0.347,No,Yes,4,Churned,No,Yes,No,No,Poor Customer Service,1767225600000000000,29.2
CUST10782,49,Female,Kaduna,Regular,Referral,2025-02-24,18,12,2,753989.47,124978.86,56848.15,80,Trousers,5,2,Wrong Product,Medium,Resolved,5,0,No,4.2,0,0.0,No Return,0,0.0,No,No,1.5,3.0,0.0,1,0,0,3.9,2,7.5,8.9,No,3.2,3.8,3.2,4.0,3.8,25,8.8,2.84,0.032,No,No,0,Dormant,Yes,No,No,Yes,Not Churned,,12.3
CUST10783,51,Female,Anambra,Regular,Google,2023-12-06,33,8,3,345283.72,148789.39,46966.0,170,Shoes,3,0,No Complaint,None,No Complaint,0,0,No,,2,0.25,Late Delivery,1,54368.77,No,No,3.0,5.3,0.0,0,0,0,4.4,2,2.8,10.9,Yes,3.1,4.2,3.1,4.1,4.6,6,9.7,8.51,0.142,No,No,0,At Risk,Yes,No,Yes,No,Not Churned,,26.9
CUST10784,45,Other,Imo,Loyal,Google,2024-02-16,30,11,3,366090.16,105996.12,33165.37,130,Shoes,1,0,No Complaint,None,No Complaint,0,0,No,,1,0.091,Wrong Color,6,27365.07,Yes,Yes,4.1,3.9,0.2,0,0,0,4.7,0,3.1,18.2,Yes,3.9,3.8,3.9,3.8,3.8,-7,7.7,5.15,0.148,Yes,No,0,At Risk,Yes,No,Yes,No,Not Churned,,16.9
CUST10785,48,Male,Kaduna,Regular,TikTok,2023-10-13,35,13,4,300100.3,90980.93,20742.6,29,Tops,2,0,No Complaint,None,No Complaint,0,0,No,,2,0.154,Duplicate Order,7,24413.51,No,No,3.9,5.0,0.0,0,0,1,4.5,0,3.3,9.8,Yes,4.0,4.1,4.0,4.3,3.3,55,7.0,3.05,0.41,No,Yes,2,Retained,Yes,No,No,No,Not Churned,,4.1
CUST10786,25,Male,Anambra,High Value,Instagram,2026-01-14,7,9,3,137445.72,48131.15,16357.29,91,Bags,5,1,Order Cancellation,Medium,Resolved,2,1,No,4.3,0,0.0,No Return,0,0.0,No,No,3.6,4.3,0.0,0,0,0,4.5,2,9.3,17.6,Yes,3.5,4.1,3.5,4.1,3.8,30,8.8,6.38,0.198,No,No,0,Dormant,Yes,No,No,Yes,Not Churned,,13.1
CUST10787,56,Male,Enugu,Regular,TikTok,2025-04-29,16,5,2,163001.66,64878.49,32559.5,37,Dresses,1,1,Wrong Product,High,Escalated,4,1,Yes,5.0,0,0.0,No Return,0,0.0,No,No,6.0,4.3,1.7,1,0,0,3.9,1,3.8,7.2,No,4.2,3.4,4.2,3.7,4.3,49,8.4,1.8,0.448,No,Yes,3,Retained,Yes,No,No,No,Not Churned,,4.9
CUST10788,43,Male,Abuja,New Customer,Website,2024-03-05,30,4,4,96578.57,89018.47,23095.02,59,Trousers,1,3,Missing Product,Medium,Resolved,8,2,No,3.8,1,0.25,Wrong Size,4,19433.87,No,No,3.5,2.5,1.0,0,0,0,3.4,3,6.3,8.6,No,4.0,4.2,4.0,3.6,3.3,14,6.9,3.86,0.456,Yes,No,0,Churned,No,Yes,No,No,Competitor,1770508800000000000,22.4
CUST10789,51,Female,Kaduna,Regular,Instagram,2023-01-31,43,13,3,294770.58,66155.38,25020.09,18,Bags,1,1,Damaged Product,Low,Resolved,4,0,No,4.2,2,0.154,Changed Mind,1,44252.43,No,No,4.3,2.5,1.8,0,1,0,3.7,1,1.4,9.1,No,4.3,4.3,4.3,4.2,3.9,24,8.0,4.98,0.328,No,No,0,Churned,No,Yes,No,No,Negative Overall Experience,1777248000000000000,6.6
CUST10790,20,Female,Abuja,High Value,Instagram,2024-08-25,24,10,2,417997.11,87529.32,44598.01,85,Tops,3,1,Website Error,Medium,Resolved,10,1,No,4.6,1,0.1,Wrong Color,4,20847.68,Yes,Yes,3.8,3.3,0.5,0,0,2,3.4,1,6.9,12.0,No,3.9,4.5,3.9,3.8,4.2,37,7.4,4.64,0.11,Yes,No,0,Churned,No,Yes,No,No,Too Many Delivery Problems,1774569600000000000,19.1
CUST10791,29,Female,Rivers,Regular,TikTok,2024-03-15,30,10,1,295225.61,29218.24,29345.98,104,Trousers,5,2,Return Difficulty,Low,Closed,5,2,No,4.7,1,0.1,Wrong Size,4,24400.16,Yes,Yes,1.0,2.7,0.0,0,0,0,4.3,2,6.7,7.5,No,3.3,3.9,3.3,3.9,3.5,26,7.8,1.43,0.072,No,Yes,5,Dormant,Yes,No,No,Yes,Not Churned,,16.5
CUST10792,18,Female,Ogun,Loyal,Google,2025-09-11,11,10,2,218848.53,40575.83,22311.13,21,Trousers,1,4,Poor Customer Service,Medium,Closed,7,2,No,3.5,2,0.2,Defective,4,20790.25,No,No,3.2,3.3,0.0,0,0,0,4.3,4,7.7,12.1,No,2.6,4.1,2.6,3.8,3.3,30,8.6,2.27,0.398,No,No,0,Retained,Yes,No,No,No,Not Churned,,3.6
CUST10793,61,Female,Enugu,Loyal,Google,2024-02-16,30,14,3,1818094.79,421001.2,134199.98,33,Electronics,3,1,Unexpected Charge,High,Pending,7,2,No,3.6,1,0.071,Late Delivery,2,91212.46,Yes,Yes,5.9,4.4,1.5,2,0,1,3.5,2,3.3,7.0,No,3.6,3.8,3.6,3.8,3.8,13,7.3,0.67,0.301,No,Yes,6,Retained,Yes,No,No,No,Not Churned,,11.9
CUST10794,22,Female,Oyo,Regular,Instagram,2024-06-11,27,11,4,265679.46,95957.45,27225.97,140,Beauty,3,4,Late Delivery,Low,Resolved,7,3,No,3.4,0,0.0,No Return,0,0.0,No,No,6.6,4.6,2.0,2,0,2,3.5,4,6.0,12.5,No,4.3,5.0,4.3,3.9,3.5,22,9.6,5.12,0.275,No,No,0,At Risk,Yes,No,Yes,No,Not Churned,,26.8
CUST10795,47,Male,Kano,New Customer,Referral,2023-11-06,34,10,6,526122.68,272382.12,46537.19,91,Trousers,3,2,Unexpected Charge,Medium,Resolved,3,0,No,5.0,0,0.0,No Return,0,0.0,No,No,5.6,4.3,1.3,2,0,0,3.7,2,1.3,4.1,No,3.6,4.1,3.6,3.7,3.8,41,8.8,10.93,0.235,No,No,0,Dormant,Yes,No,No,Yes,Not Churned,,16.0
CUST10796,47,Male,Abuja,Loyal,Instagram,2025-08-06,13,10,3,497972.15,136049.5,44649.8,40,Dresses,2,3,Issue Not Resolved,Low,Resolved,2,1,No,5.0,0,0.0,No Return,0,0.0,No,No,5.3,4.2,1.1,3,0,0,3.7,3,4.0,11.6,Yes,3.8,3.4,3.8,3.3,2.5,-2,8.8,9.07,0.303,No,No,0,Churned,No,Yes,No,No,Poor Customer Service,1775174400000000000,18.5
CUST10797,34,Male,Enugu,Regular,Google,2024-11-04,22,10,2,258283.71,45250.81,26194.91,26,Electronics,3,0,No Complaint,None,No Complaint,0,0,No,,1,0.1,Wrong Color,13,24278.8,Yes,Yes,4.1,2.7,1.4,0,0,0,3.8,2,7.1,21.8,Yes,3.7,4.5,3.7,3.7,3.7,44,8.4,1.28,0.535,Yes,No,0,Retained,Yes,No,No,No,Not Churned,,11.3
CUST10798,65,Female,Ogun,Loyal,Website,2024-03-12,30,10,0,213420.74,0.0,22973.88,54,Tops,5,4,Poor Customer Service,High,Closed,15,1,No,3.8,0,0.0,No Return,0,0.0,No,No,5.9,2.9,3.0,2,0,0,3.8,4,9.6,15.0,No,3.2,4.0,3.2,3.9,3.3,64,5.9,3.59,0.19,No,No,0,Retained,Yes,No,No,No,Not Churned,,9.6
CUST10799,64,Male,Imo,Regular,Facebook,2024-12-04,21,8,3,105079.47,40606.11,14616.42,68,Tops,4,0,No Complaint,None,No Complaint,0,0,No,,0,0.0,No Return,0,0.0,No,No,2.9,2.6,0.3,0,0,0,3.9,0,8.0,9.4,Yes,4.2,5.0,4.2,4.5,4.9,49,8.8,4.69,0.125,Yes,No,0,Churned,No,Yes,No,No,Refund Problems,1783209600000000000,49.1
CUST10800,40,Female,Abuja,Regular,Google,2024-10-24,22,12,4,394416.52,148196.85,35989.77,66,Electronics,2,0,No Complaint,None,No Complaint,0,0,No,,0,0.0,No Return,0,0.0,No,No,5.1,4.9,0.2,1,0,1,5.0,2,2.7,12.2,Yes,4.0,4.3,4.0,4.9,5.0,37,10.0,7.61,0.052,No,No,0,Retained,Yes,No,No,No,Not Churned,,8.6
CUST10801,32,Male,Plateau,Loyal,Email,2023-12-31,32,13,3,441163.13,85646.05,32550.72,66,Trousers,1,4,Missing Product,Medium,Pending,3,2,No,4.8,1,0.077,Late Delivery,7,14475.26,No,No,4.7,3.5,1.2,1,0,0,4.0,4,4.8,8.1,No,2.6,4.0,2.6,3.0,3.5,-9,6.6,7.75,0.081,No,No,0,Retained,Yes,No,No,No,Not Churned,,9.8
CUST10802,54,Female,Cross River,Regular,TikTok,2025-07-11,13,11,5,212091.89,89870.56,17883.36,42,Electronics,3,2,Poor Product Quality,High,Escalated,5,0,Yes,4.2,1,0.091,Not as Expected,5,14597.81,No,No,2.6,3.7,0.0,0,0,0,3.9,3,6.7,10.9,No,2.8,3.8,2.8,3.4,2.5,18,6.8,6.68,0.395,No,No,0,Retained,Yes,No,No,No,Not Churned,,10.3
CUST10803,38,Male,Plateau,Regular,Website,2023-04-23,40,9,2,488272.96,116396.09,58827.32,31,Dresses,2,1,Poor Product Quality,Medium,Resolved,11,0,No,3.7,1,0.111,Not as Expected,2,37518.52,No,No,6.2,4.4,1.8,1,0,0,3.7,2,7.4,11.0,No,4.4,3.5,4.4,3.7,3.4,1,6.4,8.93,0.474,No,Yes,2,Retained,Yes,No,No,No,Not Churned,,5.7
CUST10804,31,Female,Delta,Regular,Google,2023-06-25,38,10,2,393227.2,76662.77,43190.26,69,Bags,2,3,Late Delivery,Low,Resolved,6,0,No,4.6,0,0.0,No Return,0,0.0,No,No,4.7,5.4,0.0,1,0,1,4.1,3,11.6,15.2,No,2.9,4.8,2.9,4.5,4.1,56,10.0,4.82,0.425,No,No,0,Retained,Yes,No,No,No,Not Churned,,18.5
CUST10805,19,Male,Edo,Regular,Website,2026-03-18,5,8,4,275694.31,130040.35,32310.21,119,Beauty,5,0,No Complaint,None,No Complaint,0,0,No,,1,0.125,Damaged,1,11330.77,No,No,4.8,4.3,0.5,0,0,0,3.7,1,8.0,9.0,Yes,4.1,3.2,4.1,3.4,3.2,15,5.9,14.91,0.027,No,No,0,Dormant,Yes,No,No,Yes,Not Churned,,15.1
CUST10806,28,Male,Oyo,Regular,Instagram,2025-07-24,13,8,4,218653.43,109673.59,26806.38,19,Bags,1,5,Refund Delayed,Medium,Resolved,4,2,No,3.8,0,0.0,No Return,0,0.0,No,No,1.0,2.9,0.0,0,0,1,3.6,5,6.0,8.6,No,3.3,4.6,3.3,3.7,3.6,-4,8.9,2.19,0.27,No,No,0,At Risk,Yes,No,Yes,No,Not Churned,,2.5
CUST10807,56,Female,Cross River,Loyal,Instagram,2024-01-17,31,8,0,226470.83,0.0,28874.92,75,Shoes,4,1,Repeated Issue,Medium,Resolved,1,0,No,5.0,0,0.0,No Return,0,0.0,No,No,4.8,5.2,0.0,0,0,1,4.8,1,7.4,10.0,Yes,3.6,3.8,3.6,4.5,4.0,35,7.8,0.78,0.357,No,No,0,Retained,Yes,No,No,No,Not Churned,,25.4
CUST10808,55,Female,Edo,Regular,Facebook,2023-11-02,34,8,1,156176.74,18050.33,18147.52,112,Electronics,4,0,No Complaint,None,No Complaint,0,0,No,,0,0.0,No Return,0,0.0,No,No,2.6,3.2,0.0,0,0,0,4.5,0,5.9,12.1,Yes,4.4,3.9,4.4,4.9,5.0,51,10.0,7.01,0.238,No,Yes,5,Dormant,Yes,No,No,Yes,Not Churned,,24.0
CUST10809,51,Other,Imo,Regular,Google,2024-08-24,24,8,3,192004.63,76942.06,23928.01,5,Bags,2,5,Long Waiting Time,Medium,Resolved,7,1,No,4.0,1,0.125,Wrong Item,4,18784.09,Yes,Yes,4.5,4.9,0.0,0,1,0,3.7,5,12.3,14.3,No,4.1,4.5,4.1,3.4,3.0,-10,6.5,2.9,0.168,Yes,No,0,At Risk,Yes,No,Yes,No,Not Churned,,16.6
CUST10810,55,Female,Anambra,Loyal,Website,2023-12-09,33,12,5,546419.68,231941.11,45282.17,312,Shoes,2,2,Issue Not Resolved,High,Escalated,5,1,Yes,4.8,1,0.083,Wrong Size,8,30497.47,Yes,Yes,5.7,4.7,1.0,0,0,0,2.5,2,7.3,8.2,No,4.3,3.6,4.3,3.6,3.2,-16,6.2,8.83,0.249,Yes,Yes,7,At Risk,Yes,No,Yes,No,Not Churned,,63.6
CUST10811,51,Male,Abuja,Regular,Google,2023-06-05,39,6,1,157108.56,31877.4,29612.39,54,Dresses,1,1,Late Delivery,Medium,Resolved,3,3,No,4.5,1,0.167,Wrong Size,5,20690.95,No,No,3.7,3.7,0.0,0,0,0,4.4,1,3.8,10.1,No,4.7,4.0,4.7,4.0,3.7,39,8.6,4.11,0.109,No,Yes,6,Retained,Yes,No,No,No,Not Churned,,9.5
CUST10812,35,Male,Anambra,Regular,Referral,2024-12-12,20,9,2,777116.54,176764.87,89448.12,33,Trousers,2,4,Late Delivery,High,Escalated,1,2,Yes,3.3,0,0.0,No Return,0,0.0,No,No,2.4,4.1,0.0,0,0,0,3.7,4,7.4,17.8,No,4.2,4.6,4.2,4.6,4.1,51,8.6,2.77,0.713,No,No,0,Retained,Yes,No,No,No,Not Churned,,6.9
CUST10813,47,Female,Plateau,High Value,TikTok,2025-12-14,8,9,3,190252.02,64306.25,23984.67,122,Shoes,3,1,Delivery Fee,Medium,Resolved,5,2,No,5.0,2,0.222,Not as Expected,8,43234.38,No,No,3.6,3.2,0.4,0,1,0,3.3,2,3.1,7.0,No,3.9,4.6,3.9,4.2,3.7,6,7.6,1.76,0.267,Yes,No,0,Churned,No,Yes,No,No,Competitor,1776124800000000000,64.8
CUST10814,32,Female,Lagos,Loyal,Referral,2024-02-07,31,10,2,346816.99,55983.36,30707.02,58,Tops,4,3,Coupon Expired,Medium,Resolved,6,2,No,4.0,0,0.0,No Return,0,0.0,No,No,4.2,4.6,0.0,0,0,1,4.3,3,10.4,23.8,No,4.5,4.0,4.5,4.0,3.9,19,8.2,4.23,0.267,Yes,No,0,Retained,Yes,No,No,No,Not Churned,,8.3
CUST10815,44,Female,Abuja,Regular,Google,2024-09-05,24,7,5,270683.87,180193.24,40307.06,21,Trousers,3,1,Product Not as Described,Low,Escalated,4,2,Yes,4.5,0,0.0,No Return,0,0.0,No,No,6.7,5.4,1.3,2,0,0,3.2,1,2.1,7.2,No,4.9,4.2,4.9,3.8,2.7,75,6.2,2.98,0.163,No,No,0,Retained,Yes,No,No,No,Not Churned,,9.6
CUST10816,51,Male,Enugu,Loyal,Referral,2025-03-07,18,9,4,360525.72,161108.67,43131.98,55,Electronics,5,2,Damaged Product,Medium,Closed,19,2,No,3.6,5,0.556,Late Delivery,1,102075.1,No,No,4.2,3.8,0.4,0,0,2,3.2,3,1.6,19.0,No,2.7,3.0,2.7,2.8,2.6,11,3.2,8.2,0.746,No,No,0,At Risk,Yes,No,Yes,No,Not Churned,,8.4
CUST10817,55,Female,Oyo,New Customer,Google,2024-09-14,23,10,3,256462.52,82454.08,28352.74,48,Trousers,2,1,Issue Not Resolved,Medium,Resolved,1,2,No,4.6,1,0.1,Duplicate Order,4,17439.05,No,No,6.9,5.5,1.4,0,0,2,3.5,2,7.4,9.7,No,5.0,3.4,5.0,4.0,4.0,10,9.6,5.85,0.317,No,Yes,6,Retained,Yes,No,No,No,Not Churned,,10.9
CUST10818,50,Female,Anambra,Loyal,Instagram,2024-08-25,24,13,4,264823.88,83437.06,22822.38,51,Accessories,1,1,Damaged Product,Medium,Resolved,11,2,No,3.2,1,0.077,Wrong Item,4,12771.61,No,No,2.5,3.3,0.0,0,0,1,4.6,1,5.1,21.7,No,4.2,4.1,4.2,3.8,3.2,32,7.1,1.79,0.684,No,No,0,Retained,Yes,No,No,No,Not Churned,,34.5
CUST10819,41,Female,Plateau,Regular,Email,2023-06-26,38,14,1,435122.06,26906.02,27769.41,83,Trousers,5,3,Issue Not Resolved,Critical,Closed,3,3,No,4.8,0,0.0,No Return,0,0.0,No,No,4.7,2.9,1.8,4,0,0,3.3,3,7.7,11.4,No,4.8,4.7,4.8,4.1,3.9,12,7.8,1.72,0.149,No,No,0,Churned,No,Yes,No,No,Competitor,1767830400000000000,44.0
CUST10820,32,Male,Abuja,Regular,Instagram,2024-03-24,29,13,1,473722.8,37054.09,39373.61,30,Accessories,5,3,App Crash,Medium,Resolved,11,0,No,4.2,0,0.0,,0,0.0,No,No,6.5,5.5,1.0,2,0,0,4.9,3,3.2,11.0,No,4.7,3.9,4.7,4.7,4.7,61,8.6,7.01,0.484,No,No,0,Retained,Yes,No,No,No,Not Churned,,7.4
CUST10821,47,Male,Lagos,Regular,Instagram,2025-01-12,19,10,1,295104.43,27878.5,28193.23,223,Shoes,1,3,Poor Customer Service,Low,Resolved,5,0,No,5.0,1,0.1,Poor Quality,8,24130.83,No,No,5.1,3.6,1.5,1,0,1,2.7,3,0.7,5.0,No,4.0,4.8,4.0,3.7,3.5,13,6.7,1.66,0.327,Yes,No,0,At Risk,Yes,No,Yes,No,Not Churned,,35.9
CUST10822,59,Other,Edo,New Customer,Website,2023-10-28,34,7,2,760329.81,196929.45,102875.14,65,Electronics,5,2,Refund Delayed,Low,Resolved,4,0,No,3.8,1,0.143,Changed Mind,4,39459.56,No,No,4.7,5.1,0.0,0,0,0,3.8,2,0.9,17.1,No,4.0,3.8,4.0,3.9,3.8,11,8.2,3.32,0.107,No,No,0,Retained,Yes,No,No,No,Not Churned,,10.0
CUST10823,34,Female,Cross River,Regular,Google,2024-12-07,21,4,2,107734.57,53464.91,27889.21,78,Tops,3,0,No Complaint,None,No Complaint,0,0,No,,1,0.25,Product Description Inaccurate,10,18514.65,Yes,Yes,2.7,2.6,0.1,0,0,0,3.2,1,2.6,7.6,Yes,4.4,3.7,4.4,3.4,3.3,-3,7.2,1.51,0.125,No,No,0,Dormant,Yes,No,No,Yes,Not Churned,,10.8
CUST10824,22,Male,Enugu,High Value,Referral,2023-11-03,34,4,3,159362.67,105209.22,36055.67,106,Tops,5,0,No Complaint,None,No Complaint,0,0,No,,3,0.75,Wrong Item,4,101562.05,No,No,4.5,4.4,0.1,0,0,0,3.8,2,2.0,2.2,Yes,4.1,4.6,4.1,4.1,3.7,50,8.3,4.42,0.085,No,No,0,Dormant,Yes,No,No,Yes,Not Churned,,16.2
CUST10825,46,Male,Delta,Regular,Google,2025-01-20,19,8,1,244914.78,35810.84,32645.27,147,Bags,1,0,No Complaint,None,No Complaint,0,0,No,,0,0.0,No Return,0,0.0,No,No,2.2,2.5,0.0,0,0,0,3.6,0,4.4,4.5,Yes,3.7,4.5,3.7,3.9,3.4,-11,8.2,7.16,0.175,No,No,0,At Risk,Yes,No,Yes,No,Not Churned,,35.2
CUST10826,21,Male,Abuja,Regular,Google,2025-05-18,15,10,2,260031.57,57201.98,28915.09,35,Trousers,4,0,No Complaint,None,No Complaint,0,0,No,,3,0.3,Wrong Item,2,45683.94,No,No,3.4,4.0,0.0,0,0,1,3.3,0,1.4,12.2,Yes,4.7,4.4,4.7,4.2,3.7,11,8.9,7.14,0.38,No,No,0,Retained,Yes,No,No,No,Not Churned,,5.2
CUST10827,27,Male,Delta,New Customer,Facebook,2023-08-02,37,10,4,438009.07,201006.86,48748.58,27,Trousers,2,1,Late Delivery,Low,Closed,1,2,No,4.6,1,0.1,Wrong Item,7,29990.55,No,No,3.3,4.7,0.0,0,0,0,4.0,1,5.4,9.3,No,4.9,4.7,4.9,4.7,5.0,38,9.3,3.7,0.7,No,No,0,Churned,No,Yes,No,No,Payment Problems,1776643200000000000,36.6
CUST10828,34,Female,Rivers,New Customer,Google,2024-04-27,28,14,1,264982.34,18790.86,19693.07,25,Beauty,1,0,No Complaint,None,No Complaint,0,0,No,,2,0.143,Changed Mind,7,17883.12,Yes,Yes,3.6,4.4,0.0,0,1,1,3.5,2,1.6,7.6,Yes,5.0,4.5,5.0,4.1,3.7,23,8.1,4.9,0.395,No,No,0,Retained,Yes,No,No,No,Not Churned,,3.3
CUST10829,27,Female,Imo,Loyal,Google,2025-12-26,8,15,1,1503105.1,92867.6,99700.87,16,Trousers,3,2,Poor Customer Service,Medium,Resolved,7,1,No,4.7,2,0.133,Poor Quality,4,135738.62,No,No,4.4,4.4,0.0,0,0,1,3.7,2,3.7,18.6,No,3.1,3.9,3.1,4.1,3.5,38,8.3,9.8,0.419,No,Yes,4,Churned,No,Yes,No,No,Competitor,1779926400000000000,14.7
CUST10830,34,Male,Oyo,Regular,TikTok,2023-05-13,40,8,1,194120.61,24940.3,23111.18,159,Bags,3,1,Issue Not Resolved,Medium,Resolved,3,1,No,3.4,1,0.125,Not as Expected,2,19903.41,No,No,1.5,3.5,0.0,1,0,0,4.6,1,6.3,16.4,No,3.0,4.8,3.0,3.6,3.8,4,6.6,0.92,0.495,No,No,0,At Risk,Yes,No,Yes,No,Not Churned,,21.4
CUST10831,37,Female,Abuja,Regular,Referral,2024-05-26,27,11,2,476360.06,83300.03,40218.63,62,Accessories,4,2,Late Delivery,Low,Resolved,2,4,Yes,4.4,1,0.091,,6,22910.35,Yes,Yes,6.3,4.4,1.9,6,0,0,3.3,2,4.9,13.5,No,3.9,4.8,3.9,3.8,3.1,2,6.0,4.08,0.258,Yes,No,0,Retained,Yes,No,No,No,Not Churned,,27.0
CUST10832,41,,Kaduna,Regular,Email,2023-07-30,37,10,6,328796.63,211594.02,35421.26,36,Electronics,3,3,Refund Delayed,Low,Closed,2,1,No,4.7,1,0.1,Wrong Color,5,12584.09,No,No,7.4,5.1,2.3,2,0,0,4.1,3,4.0,8.2,Yes,3.2,3.4,3.2,3.0,3.0,3,6.2,8.18,0.466,No,No,0,Retained,Yes,No,No,No,Not Churned,,6.1
CUST10833,22,Male,Lagos,Loyal,Instagram,2025-09-14,11,3,3,101231.4,88818.13,31694.46,65,Accessories,1,3,Long Waiting Time,High,Closed,4,3,No,4.3,0,0.0,No Return,0,0.0,No,No,3.3,4.0,0.0,0,0,0,4.5,3,1.8,6.7,No,3.6,4.7,3.6,4.5,5.0,38,7.0,3.26,0.253,No,No,0,Churned,No,Yes,No,No,Refund Problems,1780012800000000000,54.1
CUST10834,51,Female,Cross River,New Customer,Referral,2025-09-13,11,11,1,616756.12,55174.52,60335.3,47,Accessories,3,1,Late Delivery,Medium,Resolved,6,1,No,5.0,1,0.091,Late Delivery,7,53056.56,No,No,5.7,4.1,1.6,1,0,0,3.4,1,3.6,13.5,No,4.0,4.5,4.0,3.8,3.1,-14,7.8,8.65,0.45,No,Yes,6,Retained,Yes,No,No,No,Not Churned,,14.5
CUST10835,23,Male,Abia,Regular,Referral,2024-12-17,20,11,3,1029506.09,223061.83,81437.55,101,Electronics,4,1,Damaged Product,Medium,Resolved,5,0,No,4.3,1,0.091,Wrong Color,2,67272.82,No,No,4.5,5.0,0.0,0,0,0,3.6,1,1.2,10.6,No,4.0,3.2,4.0,3.4,3.7,4,7.5,6.46,0.307,No,No,0,Dormant,Yes,No,No,Yes,Not Churned,,12.8
CUST10836,19,Female,Abia,Regular,Website,2023-09-10,36,15,3,375990.83,64435.19,22008.07,37,Bags,4,3,Exchange Difficulty,Low,Resolved,5,1,No,4.7,1,0.067,Changed Mind,2,16295.27,Yes,No,1.6,2.9,0.0,0,0,0,4.2,4,8.5,20.4,No,3.4,4.2,3.4,3.8,3.9,27,8.2,4.65,0.646,No,No,0,Churned,No,Yes,No,No,Competitor,1777593600000000000,5.0
CUST10837,30,Female,Anambra,Regular,Instagram,2023-02-07,43,7,3,141169.79,71236.81,22219.04,140,Accessories,5,0,No Complaint,None,No Complaint,0,0,No,,0,0.0,No Return,0,0.0,No,No,5.7,4.3,1.4,1,0,0,4.6,1,0.4,5.9,Yes,4.8,4.2,4.8,4.0,3.7,28,8.4,11.82,0.368,No,No,0,At Risk,Yes,No,Yes,No,Not Churned,,17.9
CUST10838,60,Male,Ogun,Regular,Referral,2025-12-02,9,13,6,570351.71,266571.71,41511.91,47,Tops,5,1,Product Not as Described,Medium,Resolved,5,2,No,4.3,2,0.154,Not as Expected,3,45123.2,Yes,Yes,6.1,3.9,2.2,1,0,0,4.4,2,22.4,25.6,No,5.0,3.5,5.0,3.9,4.6,22,7.7,14.99,0.26,No,No,0,Retained,Yes,No,No,No,Not Churned,,16.6
CUST10839,60,Male,Kaduna,Loyal,Website,2024-09-20,23,8,2,281119.41,64799.72,31266.56,75,Beauty,3,2,Issue Not Resolved,High,Pending,1,2,No,4.8,2,0.25,Late Delivery,5,40113.16,No,No,3.9,3.8,0.1,1,0,2,3.1,2,18.6,19.7,No,5.0,4.2,5.0,4.6,4.0,34,10.0,2.8,0.028,No,No,0,Churned,No,Yes,No,No,Poor Product Quality,1767312000000000000,12.4
CUST10840,65,Female,Rivers,Loyal,Facebook,2025-09-13,11,11,0,249942.07,0.0,25196.57,44,Tops,3,2,Late Delivery,Medium,Resolved,2,1,No,5.0,0,0.0,No Return,0,0.0,No,No,5.0,3.7,1.3,3,0,1,4.1,2,8.0,16.6,Yes,3.9,4.1,3.9,4.2,4.4,19,8.2,5.38,0.258,Yes,Yes,3,Retained,Yes,No,No,No,Not Churned,,15.8
CUST10841,28,Female,Oyo,Loyal,Website,2023-02-15,43,10,0,255180.25,0.0,27935.11,175,Trousers,3,3,Damaged Product,Medium,Closed,2,0,No,3.7,1,0.1,Wrong Item,4,10447.25,No,No,1.0,4.4,0.0,1,0,0,3.7,3,5.4,6.8,Yes,4.4,4.1,4.4,4.2,3.7,36,7.0,21.11,0.2,No,Yes,4,Churned,No,Yes,No,No,Too Many Delivery Problems,1780272000000000000,67.3
CUST10842,64,Male,Edo,Regular,Instagram,2023-11-01,34,13,4,318808.36,97694.29,25186.39,33,Beauty,3,4,Product Not as Described,Low,Resolved,3,0,No,5.0,2,0.154,Damaged,1,25047.4,No,No,4.3,5.2,0.0,1,0,0,3.9,4,2.5,4.0,No,4.1,4.4,4.1,4.5,3.8,32,9.3,0.76,0.57,Yes,No,0,Retained,Yes,No,No,No,Not Churned,,4.6
CUST10843,40,Male,Enugu,New Customer,TikTok,2023-08-21,36,6,1,101598.06,19135.68,18693.02,65,Shoes,5,3,Poor Customer Service,Low,Resolved,7,1,No,4.2,0,0.0,No Return,0,0.0,No,No,5.6,4.5,1.1,0,0,0,4.6,3,7.2,7.4,No,3.7,3.8,3.7,4.0,4.3,30,5.8,2.17,0.29,No,Yes,4,Churned,No,Yes,No,No,Too Many Delivery Problems,1774137600000000000,43.9
CUST10844,33,Male,Delta,Regular,Website,2023-09-02,36,7,2,285681.74,72845.09,36467.98,60,Accessories,1,2,Website Error,Low,Escalated,3,0,Yes,3.3,0,0.0,No Return,0,0.0,No,No,5.2,3.3,1.9,0,1,0,3.0,2,7.1,11.2,No,3.5,4.6,3.5,3.7,3.0,11,6.4,5.4,0.067,No,No,0,Retained,Yes,No,No,No,Not Churned,,7.7
CUST10845,48,Female,Rivers,High Value,Referral,2025-01-29,19,15,4,549538.16,128443.61,32816.17,28,Tops,1,2,Poor Product Quality,Low,Pending,6,1,No,5.0,0,0.0,No Return,0,0.0,No,No,3.3,2.9,0.4,1,1,1,3.4,2,2.7,10.3,No,4.6,4.7,4.6,3.8,3.4,41,8.3,5.41,0.266,No,No,0,Retained,Yes,No,No,No,Not Churned,,21.1
CUST10846,28,Female,Anambra,Regular,Google,2025-04-18,16,7,4,204752.9,98557.88,25745.15,60,Bags,1,1,Website Error,Medium,Resolved,14,0,No,4.0,1,0.143,Damaged,5,23327.48,No,No,5.1,5.4,0.0,0,0,2,4.1,1,4.1,14.0,No,3.7,4.6,3.7,3.7,3.1,17,8.1,23.56,0.503,Yes,Yes,1,Retained,Yes,No,No,No,Not Churned,,12.3
CUST10847,33,Female,Enugu,Loyal,Instagram,2023-06-07,39,7,2,84027.29,26645.9,12833.62,9,Tops,5,1,Repeated Issue,Low,Resolved,7,2,No,4.4,0,0.0,No Return,0,0.0,No,No,4.4,3.4,1.0,1,0,0,3.8,1,15.4,17.7,No,3.5,4.3,3.5,4.2,3.4,31,7.7,1.57,0.134,No,No,0,Churned,No,Yes,No,No,Too Many Delivery Problems,1775174400000000000,29.4
CUST10848,25,Male,Abia,New Customer,Website,2025-10-21,10,9,1,219124.74,28940.07,27287.57,88,Dresses,1,3,Return Difficulty,Medium,Resolved,7,1,No,3.5,2,0.222,Wrong Item,2,46424.76,No,No,4.4,3.9,0.5,0,0,0,4.3,3,2.5,7.1,No,4.4,3.7,4.4,3.7,3.8,39,5.9,3.3,0.464,No,No,0,Dormant,Yes,No,No,Yes,Not Churned,,14.1
CUST10849,21,Female,Plateau,Regular,Google,2023-08-05,37,8,5,655858.58,422486.36,81978.26,91,Dresses,1,1,Poor Customer Service,Medium,Resolved,5,3,No,2.9,1,0.125,Defective,1,37768.38,Yes,Yes,2.1,2.6,0.0,0,1,1,3.5,2,9.8,13.1,No,3.7,4.8,3.7,3.7,3.1,-3,8.2,2.04,0.334,Yes,No,0,Dormant,Yes,No,No,Yes,Not Churned,,13.0
CUST10850,57,Female,Edo,New Customer,Instagram,2025-07-16,13,9,6,274314.95,177433.69,27268.58,50,Dresses,5,2,Unexpected Charge,Low,Resolved,2,0,No,5.0,1,0.111,Changed Mind,12,19810.9,No,No,2.8,4.9,0.0,0,0,2,4.5,3,4.4,19.6,Yes,3.5,4.5,3.5,3.7,3.1,-2,7.4,5.82,0.048,No,No,0,Retained,Yes,No,No,No,Not Churned,,29.3
CUST10851,21,Male,Anambra,Regular,TikTok,2024-05-21,27,6,4,174806.91,115717.12,27684.36,12,Bags,2,1,Poor Customer Service,Medium,Resolved,3,2,No,5.0,0,0.0,No Return,0,0.0,No,No,4.6,4.9,0.0,1,0,0,3.9,1,3.8,6.2,No,3.8,4.0,3.8,3.9,4.0,21,6.3,3.62,0.074,Yes,No,0,Retained,Yes,No,No,No,Not Churned,,1.7
CUST10852,42,Female,Lagos,High Value,Google,2025-01-30,19,9,2,262559.45,48860.5,25378.09,26,Bags,3,3,Repeated Issue,Medium,Pending,5,0,No,4.9,0,0.0,No Return,0,0.0,No,No,5.4,4.6,0.8,0,0,0,5.0,3,3.8,7.5,No,4.3,4.3,4.3,4.5,4.0,-8,10.0,2.63,0.246,Yes,No,0,Retained,Yes,No,No,No,Not Churned,,3.4
CUST10853,20,Other,Plateau,High Value,Instagram,2025-06-22,14,11,3,532876.29,129776.79,43078.5,20,Accessories,3,0,No Complaint,None,No Complaint,0,0,No,,0,0.0,No Return,0,0.0,No,No,3.7,3.6,0.1,0,0,0,4.3,0,5.2,9.9,Yes,4.1,5.0,4.1,4.4,4.8,1,9.1,1.25,0.398,Yes,No,0,Churned,No,Yes,No,No,Price Too High,1783123200000000000,6.8
CUST10854,49,Male,Delta,Regular,Facebook,2024-08-03,25,19,3,1003812.23,156897.17,53580.06,89,Dresses,2,2,Duplicate Charge,Medium,Resolved,3,3,No,4.0,3,0.158,Product Description Inaccurate,14,120030.8,No,No,6.0,3.6,2.4,5,0,1,3.3,2,6.7,12.7,No,4.3,3.8,4.3,2.9,2.7,1,5.9,8.0,0.434,No,No,0,Churned,No,Yes,No,No,Refund Problems,1778630400000000000,63.0
CUST10855,20,Male,Ogun,Regular,Instagram,2025-11-19,9,7,1,145645.12,23046.86,23360.34,88,Trousers,4,2,Long Waiting Time,Medium,Resolved,18,3,No,4.6,1,0.143,Wrong Item,8,11450.02,Yes,No,5.5,4.0,1.5,0,0,0,3.8,2,5.5,18.0,No,2.4,3.5,2.4,3.2,2.2,27,6.1,0.1,0.341,No,No,0,Churned,No,Yes,No,No,Competitor,1771459200000000000,50.8
CUST10856,44,Female,Kaduna,High Value,Referral,2024-09-18,23,7,4,95886.43,66760.85,15541.32,3,Accessories,1,4,Price Increase,Low,Resolved,4,2,No,3.5,3,0.429,Wrong Size,10,19424.87,Yes,Yes,2.3,3.7,0.0,1,0,0,4.9,4,10.8,14.4,No,3.1,4.0,3.1,4.1,3.5,32,8.3,6.38,0.261,Yes,Yes,1,Churned,No,Yes,No,No,Price Too High,1784246400000000000,35.5
CUST10857,46,Female,Cross River,Loyal,Referral,2024-06-03,27,11,4,315002.74,100556.47,27171.12,25,Bags,2,5,Late Delivery,Medium,Resolved,2,1,No,3.7,0,0.0,No Return,0,0.0,No,No,2.3,3.0,0.0,0,0,0,3.9,5,5.1,7.3,Yes,3.5,4.0,3.5,3.9,3.5,39,7.5,4.92,0.645,No,No,0,At Risk,Yes,No,Yes,No,Not Churned,,4.1
CUST10858,49,Male,Abuja,New Customer,Referral,2023-10-02,35,8,4,224304.62,84893.36,24872.84,48,Electronics,1,5,Exchange Difficulty,Low,Resolved,6,1,No,4.6,2,0.25,Wrong Color,6,35630.34,Yes,Yes,1.0,3.2,0.0,0,0,0,4.1,5,7.0,15.6,No,3.6,3.4,3.6,3.4,2.9,-15,8.0,0.71,0.274,No,No,0,At Risk,Yes,No,Yes,No,Not Churned,,21.4
CUST10859,36,Male,Plateau,Regular,Website,2024-05-06,28,9,0,260551.13,0.0,28951.8,61,Trousers,2,0,No Complaint,None,No Complaint,0,0,No,,2,0.222,Defective,1,23379.61,No,No,2.9,3.5,0.0,0,0,0,4.9,0,9.7,9.8,Yes,3.9,2.8,3.9,4.3,3.6,2,9.4,3.14,0.084,No,Yes,6,Retained,Yes,No,No,No,Not Churned,,8.0
CUST10860,38,Male,Rivers,Regular,Website,2025-04-06,17,14,1,886865.95,50814.64,56760.06,103,Bags,3,1,Product Not as Described,Medium,Resolved,7,0,No,4.3,1,0.071,Changed Mind,5,48375.47,No,No,1.0,2.6,0.0,0,0,1,3.8,1,4.5,7.0,No,4.2,4.2,4.2,4.1,3.4,32,9.2,3.15,0.124,No,No,0,Churned,No,Yes,No,No,Competitor,1773619200000000000,55.9
CUST10861,22,Female,Imo,Regular,Referral,2025-08-08,12,12,1,242707.48,17397.19,19579.12,104,Bags,1,2,Login Problem,Critical,Pending,4,1,No,4.6,1,0.083,Damaged,3,12772.12,No,No,5.0,3.5,1.5,1,0,0,3.9,2,3.0,12.8,No,4.9,4.3,4.9,4.3,4.2,41,10.0,1.07,0.12,No,No,0,Churned,No,Yes,No,No,Poor Product Quality,1771891200000000000,30.1
CUST10862,35,Male,Abuja,Regular,Instagram,2025-07-14,13,9,1,319678.43,43029.77,39184.98,100,Electronics,5,1,Price Increase,Medium,Resolved,3,1,No,4.1,2,0.222,Wrong Color,4,67761.86,No,No,5.1,5.0,0.1,0,0,0,4.3,1,6.6,7.7,No,3.5,3.3,3.5,4.0,3.4,28,10.0,6.09,0.241,Yes,No,0,Dormant,Yes,No,No,Yes,Not Churned,,35.3
CUST10863,45,Male,Ogun,Regular,TikTok,2025-04-26,16,4,0,172255.37,0.0,39308.14,29,Dresses,3,1,Rude Staff,Medium,Pending,4,1,No,2.9,1,0.25,Duplicate Order,14,29066.65,No,No,6.7,3.9,2.8,0,0,0,3.1,1,6.1,11.4,No,4.8,4.3,4.8,3.9,3.7,11,9.2,5.98,0.323,Yes,No,0,Retained,Yes,No,No,No,Not Churned,,21.3
CUST10864,59,Male,Enugu,Regular,Google,2025-11-25,9,4,4,165149.05,146880.2,40757.4,26,Shoes,3,0,No Complaint,None,No Complaint,0,0,No,,0,0.0,No Return,0,0.0,No,No,1.3,3.1,0.0,0,0,0,4.1,2,13.2,13.6,Yes,4.0,4.9,4.0,4.6,4.8,19,8.8,6.11,0.064,No,Yes,6,Retained,Yes,No,No,No,Not Churned,,3.8
CUST10865,39,Male,Abia,New Customer,Referral,2025-12-03,9,10,0,399376.95,0.0,44683.67,91,Trousers,3,1,Late Delivery,Low,Closed,1,1,No,4.2,3,0.3,Product Description Inaccurate,6,86452.05,No,No,3.3,4.6,0.0,1,1,0,4.9,1,6.1,9.5,Yes,5.0,4.0,5.0,4.6,4.1,47,10.0,1.84,0.12,Yes,Yes,1,Churned,No,Yes,No,No,Poor Customer Service,1772236800000000000,61.3
CUST10866,38,Male,Plateau,Regular,Referral,2026-03-24,5,10,0,142162.57,0.0,12924.54,117,Electronics,1,2,Website Error,Low,Closed,5,3,No,5.0,1,0.1,Defective,5,10150.96,No,No,2.7,2.6,0.1,0,0,1,4.5,2,2.5,5.0,No,4.3,4.1,4.3,3.8,3.5,40,7.1,1.34,0.21,No,Yes,5,Dormant,Yes,No,No,Yes,Not Churned,,27.7
CUST10867,23,Male,Abuja,Loyal,Google,2026-01-05,7,6,3,278376.74,122220.86,42778.49,23,Trousers,4,1,Discount Not Applied,High,Pending,2,2,No,5.0,1,0.167,Damaged,5,27551.91,No,No,2.2,3.0,0.0,0,0,1,4.8,1,5.8,8.4,No,3.6,4.3,3.6,4.2,3.5,44,7.8,11.61,0.261,No,No,0,Retained,Yes,No,No,No,Not Churned,,23.6
CUST10868,18,Female,Kaduna,Loyal,Website,2023-02-08,43,13,3,415413.08,96309.49,31844.43,86,Accessories,2,0,No Complaint,None,No Complaint,0,0,No,,1,0.077,Not as Expected,12,14380.02,Yes,Yes,3.4,4.2,0.0,0,0,1,3.3,0,3.3,8.5,Yes,4.5,3.4,4.5,4.2,3.7,67,8.8,3.44,0.32,No,No,0,Churned,No,Yes,No,No,Better Alternative,1774828800000000000,15.8
CUST10869,22,Female,Kano,Regular,Instagram,2023-08-27,36,12,1,244113.02,20127.99,22979.53,97,Shoes,2,3,Return Difficulty,Medium,Escalated,2,2,Yes,3.6,0,0.0,No Return,0,0.0,No,No,3.7,4.5,0.0,0,0,0,4.7,5,6.5,7.0,No,2.9,4.9,2.9,3.9,4.5,15,7.8,3.28,0.145,No,No,0,Churned,No,Yes,No,No,Poor Product Quality,1767744000000000000,64.8
CUST10870,58,Female,Enugu,High Value,TikTok,2025-11-02,10,6,2,413401.91,142780.72,70763.31,41,Beauty,5,1,Website Error,Medium,Resolved,1,0,No,3.5,0,0.0,No Return,0,0.0,No,No,4.1,3.4,0.7,0,0,2,4.2,1,9.7,13.2,Yes,3.4,4.2,3.4,3.9,4.0,17,8.8,6.8,0.617,Yes,No,0,Retained,Yes,No,No,No,Not Churned,,9.4
CUST10871,29,Female,Delta,High Value,Instagram,2023-05-02,40,9,1,440967.02,47324.78,49122.25,132,Tops,4,3,Refund Delayed,Low,Escalated,3,1,Yes,4.8,2,0.222,Damaged,5,68477.16,No,No,3.4,3.3,0.1,1,0,0,4.5,3,2.8,4.0,No,3.4,3.9,3.4,3.9,4.0,24,10.0,16.89,0.219,No,No,0,At Risk,Yes,No,Yes,No,Not Churned,,25.4
CUST10872,43,Female,Anambra,Regular,Website,2023-05-24,39,10,0,200511.26,0.0,21685.45,38,Electronics,3,2,Damaged Product,Low,Resolved,4,3,No,4.5,1,0.1,Duplicate Order,2,18429.65,No,No,2.4,2.6,0.0,0,0,2,3.1,2,15.2,20.0,No,3.9,3.7,3.9,3.2,2.8,-21,7.7,8.45,0.134,No,No,0,Retained,Yes,No,No,No,Not Churned,,5.1
CUST10873,63,Female,Plateau,New Customer,Instagram,2024-11-14,21,10,2,235099.41,53186.6,25458.97,120,Shoes,2,3,Poor Product Quality,High,Closed,7,1,No,4.2,0,0.0,No Return,0,0.0,No,No,1.5,3.4,0.0,0,0,1,5.0,3,5.0,7.0,No,2.9,3.7,2.9,3.5,2.9,20,8.4,2.14,0.385,No,No,0,Churned,No,Yes,No,No,Better Alternative,1776124800000000000,46.0
CUST10874,51,Female,Ogun,Loyal,Instagram,2024-03-30,29,9,1,447376.07,52042.17,53733.94,59,Electronics,1,0,No Complaint,None,No Complaint,0,0,No,,1,0.111,Changed Mind,4,48602.89,No,No,4.7,5.4,0.0,1,0,1,4.6,1,6.1,7.8,Yes,2.9,3.7,2.9,3.7,4.1,24,5.9,3.07,0.214,No,No,0,Retained,Yes,No,No,No,Not Churned,,11.0
CUST10875,31,Female,Delta,Loyal,Google,2024-01-03,32,11,1,339939.6,32455.3,31532.49,144,Beauty,3,2,Late Delivery,Low,Closed,1,1,No,4.1,0,0.0,No Return,0,0.0,No,No,1.9,3.7,0.0,1,1,1,5.0,2,2.5,5.3,Yes,3.7,3.8,3.7,4.2,4.0,26,8.1,12.53,0.283,No,Yes,2,At Risk,Yes,No,Yes,No,Not Churned,,18.7
CUST10876,43,Male,Abuja,High Value,Google,2025-01-28,19,8,0,151180.93,0.0,17168.15,187,Shoes,3,1,Repeated Issue,Medium,Closed,4,1,No,5.0,0,0.0,No Return,0,0.0,No,No,4.2,3.5,0.7,2,0,0,3.2,2,1.8,4.4,No,3.7,4.6,3.7,3.6,3.3,-7,6.7,13.72,0.312,No,Yes,4,At Risk,Yes,No,Yes,No,Not Churned,,30.3
CUST10877,62,Male,Oyo,Loyal,Facebook,2023-09-04,36,15,2,1210595.17,139592.71,74381.91,58,Dresses,4,1,Wrong Product,Low,Resolved,1,0,No,4.9,1,0.067,Wrong Item,3,27427.76,No,No,6.4,4.4,2.0,3,0,2,3.8,1,3.2,6.2,Yes,3.0,4.5,3.0,4.4,4.6,26,8.7,4.62,0.273,No,No,0,Retained,Yes,No,No,No,Not Churned,,10.3
CUST10878,44,Female,Enugu,Loyal,Referral,2025-07-11,13,10,3,251066.76,91680.91,28442.05,60,Accessories,4,3,Late Delivery,High,Resolved,1,0,No,4.6,1,0.1,Poor Quality,5,26500.32,No,No,5.1,5.5,0.0,0,0,0,4.1,3,1.8,4.3,Yes,3.5,3.9,3.5,3.9,3.7,17,9.4,12.97,0.135,No,No,0,Retained,Yes,No,No,No,Not Churned,,8.7
CUST10879,26,Male,Ogun,Regular,Google,2025-12-04,9,8,4,229262.83,116901.94,32469.68,69,Beauty,2,1,Issue Not Resolved,Medium,Resolved,4,0,No,4.5,1,0.125,Defective,4,12545.95,Yes,No,1.0,3.8,0.0,0,0,1,3.9,1,3.2,9.9,No,4.4,4.5,4.4,3.9,3.0,-1,7.3,6.94,0.257,Yes,No,0,Churned,No,Yes,No,No,Better Alternative,1783728000000000000,38.3
CUST10880,43,Female,Anambra,New Customer,Instagram,2025-02-03,19,19,0,682870.88,0.0,39890.62,39,Dresses,2,0,No Complaint,None,No Complaint,0,0,No,,0,0.0,No Return,0,0.0,No,No,1.9,2.8,0.0,0,0,2,3.8,2,4.4,8.7,Yes,3.6,4.9,3.6,4.4,4.7,25,9.2,3.23,0.162,No,No,0,Retained,Yes,No,No,No,Not Churned,,5.1
CUST10881,64,Female,Edo,Regular,Google,2024-01-10,32,8,3,172389.06,65285.13,21420.6,52,Dresses,3,1,Damaged Product,Low,Resolved,1,1,No,4.8,1,0.125,Not as Expected,8,15621.45,No,No,4.0,4.7,0.0,0,0,1,4.4,2,7.7,12.6,Yes,4.1,4.9,4.1,4.7,4.4,1,10.0,11.42,0.414,No,No,0,Retained,Yes,No,No,No,Not Churned,,8.2
CUST10882,39,Female,Abia,Regular,Website,2023-07-26,37,10,2,667879.56,104434.82,59632.2,127,Beauty,5,1,Long Waiting Time,Medium,Resolved,4,0,No,4.2,1,0.1,Wrong Item,3,43825.54,No,No,6.4,5.2,1.2,0,1,0,3.0,1,13.1,17.1,No,3.8,3.4,3.8,4.0,3.8,0,8.8,22.52,0.272,Yes,Yes,4,At Risk,Yes,No,Yes,No,Not Churned,,23.3
CUST10883,64,Female,Lagos,Loyal,TikTok,2024-06-02,27,13,4,247586.48,79007.73,20496.04,71,Trousers,3,4,Missing Product,Low,Closed,3,0,No,5.0,1,0.077,Poor Quality,3,12434.78,No,No,4.0,4.5,0.0,0,0,0,3.7,4,9.4,10.5,No,3.3,4.3,3.3,3.8,3.4,29,8.0,17.24,0.169,No,No,0,Retained,Yes,No,No,No,Not Churned,,24.0
CUST10884,47,Male,Abia,Regular,TikTok,2023-08-30,36,14,0,507152.42,0.0,35911.49,153,Trousers,1,1,Poor Customer Service,Low,Resolved,4,3,No,5.0,1,0.071,Product Description Inaccurate,2,31293.17,Yes,Yes,6.5,4.0,2.5,2,0,0,2.9,1,18.0,25.3,No,2.4,3.5,2.4,2.9,2.3,-1,5.5,6.42,0.423,No,No,0,Churned,No,Yes,No,No,Refund Problems,1784246400000000000,41.9
CUST10885,60,Male,Cross River,Loyal,TikTok,2026-02-11,6,8,1,177157.82,24672.66,24853.74,86,Beauty,5,2,Poor Customer Service,Low,Escalated,5,0,Yes,4.3,1,0.125,Changed Mind,3,13661.1,Yes,No,1.0,3.2,0.0,0,0,1,4.0,3,8.2,20.6,No,4.5,3.8,4.5,4.3,3.7,43,9.1,7.87,0.287,No,No,0,Churned,No,Yes,No,No,Poor Customer Service,1779753600000000000,60.0
CUST10886,65,Female,Delta,Regular,Google,2025-03-29,17,10,2,472470.88,112231.95,53357.11,159,Shoes,2,3,Refund Delayed,Low,Resolved,13,0,No,3.8,3,0.3,Poor Quality,13,70897.02,No,No,1.9,3.8,0.0,0,0,1,4.0,3,5.3,13.0,No,3.8,3.5,3.8,3.9,3.3,16,7.8,4.74,0.07,No,No,0,Churned,No,Yes,No,No,Poor Customer Service,1783555200000000000,54.8
CUST10887,34,Female,Delta,Regular,Instagram,2023-10-29,34,6,2,222409.44,72336.56,42026.52,62,Shoes,5,2,Repeated Issue,Critical,Resolved,1,2,No,3.9,0,0.0,No Return,0,0.0,No,No,5.3,3.8,1.5,1,0,0,3.7,2,1.1,2.7,No,3.3,4.7,3.3,3.8,4.0,23,7.1,2.32,0.205,Yes,Yes,3,Retained,Yes,No,No,No,Not Churned,,47.4
CUST10888,43,Female,Enugu,New Customer,Facebook,2026-01-24,7,9,3,285296.09,84029.92,29381.27,107,Tops,5,3,Wrong Product,Low,Resolved,7,1,No,5.0,3,0.333,Poor Quality,5,38059.41,Yes,Yes,6.0,5.4,0.6,0,0,1,4.1,3,2.5,10.1,No,4.6,4.1,4.6,4.1,4.0,18,6.7,4.17,0.279,No,No,0,Churned,No,Yes,No,No,Lack of Product Availability,1770768000000000000,43.8
CUST10889,53,Female,Oyo,Regular,Website,2024-12-01,21,15,1,202083.53,15694.76,15198.26,40,Accessories,2,0,No Complaint,None,No Complaint,0,0,No,,1,0.067,Product Description Inaccurate,7,14028.79,No,No,4.1,2.6,1.5,3,1,0,4.2,2,5.1,5.6,Yes,4.6,4.9,4.6,4.5,4.0,23,7.1,1.66,0.315,No,No,0,Retained,Yes,No,No,No,Not Churned,,9.4
CUST10890,18,Female,Abuja,Loyal,Email,2023-10-15,35,17,4,622086.69,143555.12,38360.6,97,Accessories,1,1,Website Error,High,Resolved,7,3,No,3.6,2,0.118,Product Description Inaccurate,3,41127.11,Yes,No,3.9,3.6,0.3,0,0,0,4.7,1,4.1,12.6,No,3.3,3.6,3.3,3.9,3.7,28,8.2,6.8,0.389,No,No,0,Dormant,Yes,No,No,Yes,Not Churned,,26.2
CUST10891,25,Female,Ogun,Loyal,Google,2023-06-03,39,9,2,325508.9,59041.37,34309.36,68,Shoes,1,0,No Complaint,None,No Complaint,0,0,No,,0,0.0,No Return,0,0.0,No,No,5.0,3.4,1.6,1,0,0,4.2,2,9.7,16.3,Yes,5.0,3.6,5.0,4.2,3.9,11,8.4,9.45,0.199,Yes,No,0,Retained,Yes,No,No,No,Not Churned,,12.3
CUST10892,52,Male,Abuja,High Value,Instagram,2024-02-27,30,12,5,191653.02,76103.75,15253.62,22,Trousers,4,1,Missing Product,Low,Closed,1,2,No,3.7,1,0.083,Changed Mind,1,14204.39,Yes,No,6.9,5.4,1.5,0,0,0,3.6,1,5.4,10.3,No,3.7,3.8,3.7,3.0,3.0,4,6.0,9.24,0.029,No,Yes,2,Retained,Yes,No,No,No,Not Churned,,9.8
CUST10893,32,Male,Enugu,Regular,Instagram,2025-04-29,16,13,1,410651.57,31064.47,35298.88,64,Beauty,4,5,Discount Not Applied,Medium,Escalated,8,1,Yes,4.0,1,0.077,Damaged,3,31113.03,No,No,2.1,2.5,0.0,0,0,0,4.2,5,15.2,17.9,No,2.7,3.3,2.7,3.5,2.7,12,8.8,4.36,0.356,No,Yes,3,Churned,No,Yes,No,No,Website/App Problems,1770076800000000000,12.5
CUST10894,64,Female,Abia,Regular,Google,2023-02-19,43,16,0,666767.68,0.0,43898.64,75,Shoes,1,3,Refund Rejected,High,Closed,3,2,No,4.4,2,0.125,Duplicate Order,4,57300.04,Yes,Yes,3.5,3.4,0.1,1,0,1,4.1,3,5.7,6.6,No,3.8,4.6,3.8,4.6,4.3,50,10.0,5.69,0.203,No,No,0,Retained,Yes,No,No,No,Not Churned,,14.1
CUST10895,39,Male,Delta,Regular,Referral,2024-07-17,25,7,4,243212.66,144922.24,33007.89,170,Beauty,1,0,No Complaint,None,No Complaint,0,0,No,,1,0.143,Product Description Inaccurate,5,13225.83,No,No,3.3,5.4,0.0,1,0,0,4.0,3,1.6,10.7,Yes,4.2,3.8,4.2,3.7,4.0,17,7.8,15.5,0.194,No,No,0,At Risk,Yes,No,Yes,No,Not Churned,,25.3
CUST10896,31,Female,Anambra,Regular,Instagram,2025-05-03,16,6,2,149089.63,47861.66,25203.48,200,Accessories,4,2,Failed Payment,Low,Resolved,1,4,Yes,3.7,1,0.167,Wrong Item,3,19694.88,Yes,Yes,4.2,3.0,1.2,0,0,1,4.0,2,8.5,15.6,No,4.0,3.3,4.0,3.8,3.5,45,7.6,11.64,0.272,No,No,0,Churned,No,Yes,No,No,Poor Product Quality,1782518400000000000,69.1
CUST10897,43,Female,Ogun,Loyal,Email,2025-06-01,15,7,6,435449.62,393631.56,61850.08,13,Tops,4,0,No Complaint,None,No Complaint,0,0,No,,1,0.143,Wrong Size,6,26541.28,No,No,4.1,4.9,0.0,0,0,0,4.4,1,1.2,6.8,Yes,4.0,3.8,4.0,4.0,2.8,22,9.1,1.51,0.648,Yes,No,0,Churned,No,Yes,No,No,Poor Customer Service,1768780800000000000,31.1
CUST10898,45,Female,Lagos,Loyal,Google,2024-10-23,22,13,6,935117.22,491098.11,76857.66,63,Beauty,1,3,Damaged Product,Medium,Pending,2,2,No,5.0,1,0.077,Poor Quality,5,33721.83,No,No,5.4,4.2,1.2,1,0,0,3.8,3,3.1,7.9,No,4.2,4.1,4.2,4.2,3.9,28,9.5,4.23,0.103,No,No,0,Churned,No,Yes,No,No,Lack of Product Availability,1782691200000000000,11.8
CUST10899,40,Male,Ogun,Loyal,Website,2024-07-18,25,12,1,200336.17,17173.16,18753.97,35,Tops,2,1,Long Waiting Time,Medium,Resolved,7,0,No,4.1,1,0.083,Changed Mind,4,16459.74,No,No,5.9,5.2,0.7,1,0,1,4.3,1,2.9,7.2,No,3.0,4.7,3.0,4.3,3.8,42,9.4,8.87,0.314,Yes,No,0,Retained,Yes,No,No,No,Not Churned,,4.8
CUST10900,31,Male,Enugu,Regular,Website,2023-08-01,37,11,3,561675.26,157224.9,52467.26,181,Accessories,1,2,Failed Payment,Low,Resolved,2,4,Yes,2.8,0,0.0,No Return,0,0.0,No,No,5.2,5.1,0.1,0,0,0,4.8,2,4.4,15.7,No,3.6,3.5,3.6,4.3,3.6,29,7.4,1.93,0.391,Yes,No,0,At Risk,Yes,No,Yes,No,Not Churned,,23.9
CUST10901,41,Male,Anambra,Loyal,TikTok,2025-12-25,8,13,4,543770.82,170844.43,39297.54,86,Tops,2,3,Account Issue,High,Escalated,2,1,Yes,3.9,2,0.154,Wrong Size,6,71379.22,No,No,5.9,4.2,1.7,0,1,0,2.6,3,12.2,15.3,Yes,3.9,3.8,3.9,3.2,2.7,3,6.4,8.79,0.481,No,Yes,3,Churned,No,Yes,No,No,Better Alternative,1782000000000000000,55.1
CUST10902,19,Female,Imo,New Customer,Referral,2025-03-21,17,11,1,285532.64,23918.58,23880.77,138,Accessories,2,4,Order Cancellation,Medium,Pending,13,0,No,4.2,2,0.182,Damaged,11,44176.86,Yes,Yes,4.2,4.2,0.0,0,0,0,3.7,4,6.5,16.1,No,3.0,3.7,3.0,3.6,3.3,10,7.2,8.31,0.05,No,No,0,Churned,No,Yes,No,No,Refund Problems,1773100800000000000,32.8
CUST10903,62,Male,Anambra,Loyal,Referral,2025-04-29,16,11,1,330671.48,30446.37,28905.32,77,Tops,2,4,Return Difficulty,Critical,Resolved,11,1,No,3.3,0,0.0,No Return,0,0.0,No,No,4.8,3.0,1.8,2,0,0,4.2,4,5.8,11.0,No,3.8,3.6,3.8,4.5,4.7,81,10.0,3.23,0.073,No,No,0,Dormant,Yes,No,No,Yes,Not Churned,,17.3
CUST10904,43,Female,Edo,Regular,Referral,2026-03-06,5,7,3,203908.34,85570.59,29538.45,28,Dresses,4,3,Issue Not Resolved,High,Pending,1,2,No,4.0,3,0.429,Late Delivery,2,66587.36,No,No,2.2,2.7,0.0,0,0,0,4.6,3,2.9,4.8,No,4.4,4.2,4.4,4.2,3.7,78,8.8,8.08,0.112,No,No,0,Retained,Yes,No,No,No,Not Churned,,14.8
CUST10905,31,Male,Ogun,Regular,Referral,2025-05-30,15,8,2,439698.95,109117.89,52978.5,54,Trousers,3,4,Late Delivery,Medium,Resolved,1,0,No,4.9,0,0.0,No Return,0,0.0,No,No,6.7,4.7,2.0,2,1,0,4.0,4,4.5,12.5,Yes,3.9,3.9,3.9,3.9,3.6,14,8.6,8.27,0.072,No,No,0,Churned,No,Yes,No,No,Better Alternative,1787270400000000000,31.4
CUST10906,24,Female,Ogun,Regular,Referral,2025-12-24,8,12,1,332144.54,22121.91,25859.57,70,Accessories,1,2,Discount Not Applied,Low,Resolved,1,7,Yes,4.0,0,0.0,No Return,0,0.0,No,No,5.8,4.3,1.5,2,0,0,4.1,2,2.5,9.7,No,3.3,3.9,3.3,3.7,3.3,-7,7.5,4.27,0.235,Yes,No,0,Retained,Yes,No,No,No,Not Churned,,8.8
CUST10907,20,Female,Kaduna,High Value,Email,2026-03-01,6,10,3,144023.5,41729.97,13287.24,85,Electronics,5,1,Duplicate Charge,Low,Resolved,1,5,Yes,3.3,1,0.1,Changed Mind,10,9585.98,Yes,Yes,4.0,4.9,0.0,0,0,0,5.0,3,10.0,26.3,No,3.2,4.4,3.2,4.6,3.8,40,10.0,5.26,0.383,No,No,0,Dormant,Yes,No,No,Yes,Not Churned,,16.9
CUST10908,64,Male,Kano,New Customer,TikTok,2023-11-30,33,10,0,261559.98,0.0,28885.34,141,Bags,5,1,Poor Customer Service,Low,Resolved,1,1,No,5.0,2,0.2,Product Description Inaccurate,2,24056.44,Yes,Yes,3.2,2.6,0.6,1,0,0,4.5,2,3.5,8.4,Yes,4.0,4.3,4.0,4.1,3.7,41,9.9,1.51,0.26,Yes,No,0,At Risk,Yes,No,Yes,No,Not Churned,,35.1
CUST10909,40,Male,Lagos,Regular,Website,2023-02-01,43,12,3,660220.03,141414.49,50162.34,71,Trousers,1,3,Late Delivery,High,Closed,6,1,No,4.1,0,0.0,No Return,0,0.0,No,No,1.7,5.3,0.0,0,0,0,4.8,3,2.0,10.4,No,3.6,4.7,3.6,5.0,4.8,61,9.9,2.55,0.307,No,Yes,4,Retained,Yes,No,No,No,Not Churned,,8.9
CUST10910,63,Female,Rivers,Loyal,Website,2025-05-17,15,10,1,507492.66,53979.74,56567.92,60,Beauty,2,0,No Complaint,None,No Complaint,0,0,No,,2,0.2,Wrong Color,5,102612.4,No,No,2.6,2.7,0.0,2,1,1,4.1,2,2.0,4.8,Yes,5.0,4.3,5.0,4.7,4.5,68,10.0,3.56,0.277,No,No,0,Retained,Yes,No,No,No,Not Churned,,8.2
CUST10911,60,Male,Cross River,Regular,Facebook,2025-06-16,14,10,3,292794.92,73393.09,26259.08,63,Trousers,4,0,No Complaint,None,No Complaint,0,0,No,,2,0.2,Defective,1,30638.57,No,No,3.6,5.2,0.0,0,1,0,4.6,0,1.2,7.6,Yes,4.0,4.2,4.0,4.3,4.6,50,8.2,2.53,0.543,Yes,No,0,Retained,Yes,No,No,No,Not Churned,,22.8
CUST10912,64,Female,Oyo,Regular,Instagram,2026-03-11,5,12,5,475859.33,197302.68,40221.87,21,Accessories,4,1,Issue Not Resolved,High,Closed,3,0,No,4.0,0,0.0,No Return,0,0.0,No,No,3.6,3.1,0.5,0,0,0,3.8,2,13.4,20.0,No,4.1,3.8,4.1,4.5,4.6,26,10.0,9.63,0.5,Yes,No,0,Retained,Yes,No,No,No,Not Churned,,2.7
CUST10913,62,Male,Kano,Regular,Google,2024-08-23,24,6,1,351918.53,50063.46,57073.91,70,Accessories,2,3,Duplicate Charge,Low,Resolved,3,1,No,3.5,2,0.333,Wrong Color,2,87870.4,No,No,5.8,3.3,2.5,1,0,0,3.7,3,5.2,7.1,No,3.7,2.9,3.7,3.0,2.7,14,7.0,2.83,0.5,No,No,0,Churned,No,Yes,No,No,Price Too High,1783900800000000000,46.4
CUST10914,35,Male,Edo,Regular,Referral,2025-09-14,11,12,3,503547.06,139408.65,43788.44,62,Shoes,1,3,Product Not as Described,High,Resolved,4,0,No,5.0,0,0.0,No Return,0,0.0,No,No,9.9,5.1,4.8,6,1,0,2.3,3,7.4,9.9,No,3.1,4.2,3.1,2.8,1.9,-6,5.6,8.45,0.316,No,Yes,3,At Risk,Yes,No,Yes,No,Not Churned,,39.8
CUST10915,55,Male,Ogun,High Value,Website,2026-03-18,5,11,2,944010.96,167208.41,86233.16,81,Electronics,5,2,Duplicate Charge,Low,Resolved,12,4,Yes,2.8,0,0.0,No Return,0,0.0,No,No,5.3,3.9,1.4,0,0,0,3.9,2,0.4,12.0,No,3.6,4.3,3.6,3.9,3.7,-7,7.6,2.56,0.526,Yes,Yes,4,Dormant,Yes,No,No,Yes,Not Churned,,39.6
CUST10916,52,Female,Cross River,Loyal,Google,2024-08-21,24,9,0,622876.08,0.0,62451.1,14,Bags,4,2,Refund Delayed,Medium,Escalated,2,1,Yes,5.0,1,0.111,Changed Mind,4,55049.14,Yes,Yes,5.4,4.6,0.8,0,0,0,3.6,2,3.9,15.4,Yes,4.7,2.8,4.7,3.7,3.6,36,7.6,8.4,0.258,No,No,0,Retained,Yes,No,No,No,Not Churned,,5.0
CUST10917,32,Female,Lagos,Regular,Referral,2024-06-03,27,8,2,199815.85,51432.14,26022.08,54,Trousers,2,2,Poor Product Quality,Critical,Pending,2,0,No,4.4,0,0.0,No Return,0,0.0,No,No,4.9,5.2,0.0,0,0,0,4.7,2,11.0,12.5,Yes,3.4,3.6,3.4,3.8,3.3,25,8.8,5.9,0.166,No,No,0,Retained,Yes,No,No,No,Not Churned,,10.9
CUST10918,42,Female,Abuja,High Value,Referral,2025-05-18,15,12,2,377919.13,66055.56,30507.01,56,Bags,4,0,No Complaint,None,No Complaint,0,0,No,,0,0.0,No Return,0,0.0,No,No,1.6,3.4,0.0,0,0,0,4.5,1,4.5,9.5,Yes,4.5,4.1,4.5,4.6,4.6,56,9.6,4.64,0.117,Yes,No,0,Retained,Yes,No,No,No,Not Churned,,7.2
CUST10919,54,Male,Kano,Regular,Instagram,2023-01-16,44,11,1,838482.34,63011.08,72271.59,55,Trousers,2,4,Order Cancellation,Medium,Resolved,1,1,No,5.0,2,0.182,Product Description Inaccurate,3,101922.15,Yes,Yes,2.1,2.9,0.0,0,0,0,4.1,4,4.6,11.1,Yes,4.5,3.6,4.5,3.8,3.3,47,9.2,2.14,0.56,Yes,Yes,7,Retained,Yes,No,No,No,Not Churned,,9.4
CUST10920,45,Female,Abuja,New Customer,Referral,2026-02-03,7,7,2,117378.2,32124.01,18235.74,69,Accessories,4,3,Long Waiting Time,Low,Closed,6,2,No,4.2,1,0.143,Product Description Inaccurate,6,14192.38,Yes,Yes,3.5,4.1,0.0,0,0,0,4.4,3,11.8,15.0,No,3.4,4.2,3.4,4.2,4.4,16,7.8,5.84,0.284,No,No,0,Retained,Yes,No,No,No,Not Churned,,13.4
CUST10921,27,Female,Oyo,Regular,Website,2023-10-10,35,16,2,540178.43,58650.67,30973.24,42,Accessories,5,2,Order Cancellation,Medium,Closed,2,5,Yes,5.0,0,0.0,No Return,0,0.0,No,No,5.4,3.7,1.7,2,0,2,4.1,3,7.2,10.6,No,3.9,4.7,3.9,4.3,4.6,15,10.0,6.25,0.638,No,No,0,Retained,Yes,No,No,No,Not Churned,,11.7
CUST10922,56,Female,Cross River,Regular,Instagram,2026-02-01,7,9,3,825374.39,247404.77,79763.78,109,Dresses,4,3,Poor Customer Service,Medium,Pending,3,0,No,5.0,0,0.0,No Return,0,0.0,No,No,1.4,4.9,0.0,1,0,1,4.6,3,5.8,14.1,No,3.6,3.8,3.6,4.3,3.6,19,6.4,5.33,0.039,Yes,No,0,Dormant,Yes,No,No,Yes,Not Churned,,26.5
CUST10923,34,Female,Plateau,New Customer,Referral,2023-12-27,32,8,5,625568.06,424607.86,84823.56,94,Beauty,1,0,No Complaint,None,No Complaint,0,0,No,,0,0.0,No Return,0,0.0,No,No,2.9,2.5,0.4,0,1,1,4.0,0,14.0,18.0,Yes,5.0,4.4,5.0,4.6,4.8,57,9.5,3.92,0.306,No,No,0,Dormant,Yes,No,No,Yes,Not Churned,,11.9
CUST10924,56,Male,Abuja,High Value,Referral,2025-11-24,9,10,2,400744.6,71094.25,36855.88,82,Accessories,3,1,Refund Rejected,Low,Closed,3,0,No,5.0,1,0.1,Defective,5,34753.32,Yes,Yes,5.1,4.2,0.9,1,0,0,3.4,1,19.3,23.9,No,4.1,4.0,4.1,3.5,3.3,4,7.3,1.72,0.341,No,No,0,Dormant,Yes,No,No,Yes,Not Churned,,17.1
CUST10925,39,Female,Oyo,Loyal,Instagram,2023-04-23,40,8,1,105798.63,15791.21,14379.35,62,Beauty,2,0,No Complaint,None,No Complaint,0,0,No,,0,0.0,No Return,0,0.0,No,No,6.4,4.0,2.4,5,0,1,2.6,1,4.8,10.4,Yes,4.1,4.0,4.1,4.0,4.4,-7,6.6,3.83,0.188,No,No,0,Retained,Yes,No,No,No,Not Churned,,8.9
CUST10926,43,Male,Plateau,Regular,Instagram,2023-11-04,34,13,6,398301.03,144993.56,26957.04,63,Shoes,3,1,Order Cancellation,Low,Resolved,10,0,No,3.7,0,0.0,No Return,0,0.0,No,No,3.9,5.0,0.0,1,0,1,3.8,2,1.6,10.0,No,3.9,4.9,3.9,4.2,4.1,14,9.8,5.37,0.252,Yes,No,0,Retained,Yes,No,No,No,Not Churned,,8.4
CUST10927,61,Female,Cross River,Regular,Email,2025-08-16,12,11,5,493533.42,238928.69,45275.69,10,Dresses,5,1,Damaged Product,Medium,Closed,3,0,No,4.7,1,0.091,Wrong Size,3,19733.46,No,No,4.1,4.2,0.0,1,0,0,3.5,2,4.3,15.4,No,4.6,4.4,4.6,3.9,2.4,-6,7.4,10.15,0.591,Yes,No,0,Retained,Yes,No,No,No,Not Churned,,1.3
CUST10928,42,Female,Abia,Loyal,Google,2025-12-12,8,7,1,175267.61,19271.44,21875.52,9,Trousers,5,3,Poor Product Quality,Critical,Resolved,8,2,No,3.8,1,0.143,Poor Quality,2,8576.45,No,No,6.5,5.5,1.0,0,0,0,3.8,3,7.7,9.4,No,3.6,3.9,3.6,4.2,3.6,39,8.9,4.67,0.152,No,No,0,Retained,Yes,No,No,No,Not Churned,,30.7
CUST10929,34,Female,Abia,High Value,Facebook,2026-01-09,7,10,1,886004.52,88261.57,98627.1,76,Electronics,3,4,Poor Customer Service,Low,Resolved,4,0,No,3.6,4,0.4,Duplicate Order,4,346751.93,Yes,Yes,1.8,2.6,0.0,0,0,0,4.5,4,6.8,14.8,No,3.6,4.0,3.6,3.5,3.0,8,5.7,19.01,0.534,No,Yes,6,Churned,No,Yes,No,No,Refund Problems,1774137600000000000,36.6
CUST10930,30,Female,Cross River,Loyal,Instagram,2025-04-13,16,11,4,343822.36,105624.22,28582.28,34,Trousers,5,2,Poor Product Quality,Medium,Resolved,2,2,No,5.0,0,0.0,No Return,0,0.0,No,No,4.2,4.0,0.2,2,0,0,3.5,2,2.0,2.4,No,3.2,4.6,3.2,3.2,2.8,7,6.5,10.88,0.421,No,Yes,6,Churned,No,Yes,No,No,Inactive,1777507200000000000,28.3
CUST10931,37,Female,Cross River,Regular,TikTok,2023-08-30,36,5,3,305314.25,194178.61,60589.52,24,Trousers,5,1,Refund Delayed,Low,Resolved,2,1,No,5.0,2,0.4,Poor Quality,4,106424.83,Yes,Yes,5.0,5.4,0.0,0,0,0,4.1,1,5.4,15.9,Yes,2.6,4.1,2.6,3.6,3.1,11,6.2,6.13,0.122,Yes,No,0,Retained,Yes,No,No,No,Not Churned,,3.2
CUST10932,42,Male,Lagos,Loyal,Referral,2023-01-31,43,11,3,318314.95,87074.83,30201.24,155,Trousers,2,2,Delivery Fee,Medium,Pending,2,2,No,4.6,0,0.0,No Return,0,0.0,No,No,4.5,5.3,0.0,0,0,0,4.1,2,3.8,11.8,No,3.1,5.0,3.1,3.9,3.2,-17,9.0,3.14,0.352,No,No,0,At Risk,Yes,No,Yes,No,Not Churned,,21.8
CUST10933,21,Female,Imo,Regular,Referral,2024-12-04,21,13,3,522510.82,105758.62,37149.49,83,Electronics,2,2,Poor Product Quality,Low,Resolved,1,0,No,5.0,2,0.154,Damaged,3,55529.34,No,No,5.4,3.2,2.2,0,0,0,2.2,2,1.1,2.7,Yes,4.6,3.9,4.6,4.1,4.2,14,8.2,4.92,0.298,No,No,0,Dormant,Yes,No,No,Yes,Not Churned,,11.9
CUST10934,27,Male,Delta,Regular,Instagram,2025-05-18,15,14,1,470635.5,31095.82,31969.17,34,Bags,2,1,Exchange Difficulty,Low,Resolved,1,1,No,5.0,1,0.071,Late Delivery,3,26666.92,No,No,7.0,5.0,2.0,6,0,0,2.8,1,10.8,12.2,Yes,3.8,4.0,3.8,3.7,3.2,18,6.8,2.31,0.567,No,No,0,Retained,Yes,No,No,No,Not Churned,,10.3
CUST10935,20,Female,Oyo,New Customer,Website,2023-08-21,36,9,2,247029.14,49226.34,24424.45,52,Trousers,1,2,Poor Customer Service,Low,Resolved,4,1,No,5.0,2,0.222,Wrong Size,6,32977.36,No,No,6.2,4.9,1.3,1,1,0,2.3,3,1.4,6.9,No,3.5,3.0,3.5,2.8,2.6,-12,6.6,5.86,0.182,No,No,0,Churned,No,Yes,No,No,Competitor,1775001600000000000,36.2
CUST10936,58,Female,Anambra,New Customer,Google,2025-11-23,9,16,3,400090.07,75705.53,26400.12,86,Beauty,1,1,Late Delivery,Critical,Resolved,3,3,No,3.9,0,0.0,No Return,0,0.0,No,No,5.3,5.4,0.0,0,0,0,4.7,1,7.8,11.9,No,4.4,4.2,4.4,4.4,3.7,55,9.0,10.6,0.234,No,No,0,Dormant,Yes,No,No,Yes,Not Churned,,12.4
CUST10937,62,Male,Rivers,Regular,Google,2025-08-08,12,12,2,609412.43,97707.64,44794.01,52,Dresses,1,5,Late Delivery,Low,Pending,5,1,No,4.7,0,0.0,No Return,0,0.0,No,No,4.9,4.0,0.9,1,0,0,3.8,5,16.2,21.6,No,3.9,3.6,3.9,4.2,3.1,41,8.9,2.37,0.341,Yes,Yes,2,At Risk,Yes,No,Yes,No,Not Churned,,11.1
CUST10938,35,Female,Rivers,Regular,Google,2023-02-28,42,10,2,304509.99,51103.31,28909.97,96,Tops,1,3,Long Waiting Time,High,Closed,3,2,No,4.1,1,0.1,Poor Quality,14,17333.31,No,No,5.1,4.1,1.0,1,0,0,3.6,3,3.4,5.6,No,4.5,3.2,4.5,3.8,3.7,19,8.3,9.43,0.619,Yes,No,0,Churned,No,Yes,No,No,Inactive,1775520000000000000,56.5
CUST10939,64,Female,Enugu,New Customer,Google,2025-02-09,18,9,2,233526.01,50200.42,25905.44,195,Beauty,3,0,No Complaint,None,No Complaint,0,0,No,,1,0.111,Defective,4,10288.8,Yes,Yes,7.7,4.9,2.8,4,0,0,3.6,1,7.9,15.0,Yes,4.2,4.4,4.2,4.2,4.8,48,8.4,7.09,0.319,No,Yes,4,At Risk,Yes,No,Yes,No,Not Churned,,49.2
CUST10940,53,Female,Plateau,Loyal,Website,2026-01-06,7,10,2,384248.19,81963.48,42964.18,51,Trousers,2,1,Website Error,Medium,Resolved,8,1,No,2.8,1,0.1,Not as Expected,5,31293.28,Yes,Yes,2.5,5.5,0.0,0,1,0,4.7,3,6.4,19.1,No,4.3,3.8,4.3,4.4,5.0,54,8.1,1.04,0.487,No,No,0,Retained,Yes,No,No,No,Not Churned,,7.2
CUST10941,64,Female,Rivers,New Customer,Website,2024-12-18,20,7,2,507177.0,136449.97,66679.57,43,Bags,5,5,Late Delivery,High,Closed,2,1,No,5.0,2,0.286,Changed Mind,2,49497.01,No,No,2.1,3.4,0.0,0,0,0,5.0,5,8.9,10.3,Yes,3.1,3.6,3.1,4.5,4.0,48,9.3,5.52,0.292,Yes,No,0,Churned,No,Yes,No,No,Lack of Product Availability,1786492800000000000,34.4
CUST10942,39,Male,Cross River,Regular,Google,2023-10-29,34,15,3,1215246.68,238458.94,72871.69,33,Tops,4,1,Refund Rejected,Low,Resolved,6,2,No,4.2,2,0.133,Late Delivery,5,103428.12,No,No,4.6,4.5,0.1,0,0,1,3.4,1,4.5,7.1,No,4.6,3.1,4.6,3.8,3.2,21,7.8,3.94,0.2,No,No,0,Retained,Yes,No,No,No,Not Churned,,10.0
CUST10943,51,Female,Cross River,Regular,Website,2025-03-13,17,13,2,283479.88,36606.11,19849.25,75,Accessories,1,2,Poor Customer Service,Medium,Resolved,1,2,No,3.9,1,0.077,Wrong Item,5,13029.81,No,No,5.1,4.5,0.6,1,0,2,3.9,3,11.0,18.1,No,4.4,3.3,4.4,3.8,2.8,15,9.4,3.72,0.07,No,No,0,Retained,Yes,No,No,No,Not Churned,,9.6
CUST10944,64,Male,Enugu,High Value,Website,2025-06-15,14,11,2,261505.63,47996.18,22040.22,101,Electronics,5,2,Login Problem,High,Resolved,2,1,No,3.9,0,0.0,No Return,0,0.0,No,No,3.7,5.1,0.0,0,0,0,5.0,2,1.2,4.8,Yes,4.2,5.0,4.2,4.6,5.0,41,9.9,6.99,0.03,No,Yes,4,Dormant,Yes,No,No,Yes,Not Churned,,32.0
CUST10945,25,Male,Ogun,Regular,Website,2023-04-22,40,7,1,476688.33,63039.54,59644.29,37,Tops,2,2,Damaged Product,High,Escalated,5,2,Yes,3.1,1,0.143,Damaged,2,33230.52,Yes,Yes,4.9,4.4,0.5,0,1,0,4.8,2,5.6,6.3,No,4.2,5.0,4.2,4.6,4.5,48,7.7,8.78,0.299,Yes,No,0,Churned,No,Yes,No,No,Payment Problems,1786665600000000000,27.1
CUST10946,57,Female,Cross River,New Customer,Facebook,2023-11-13,34,8,2,224003.69,53141.54,25242.52,125,Trousers,3,3,Late Delivery,Medium,Closed,10,2,No,4.1,0,0.0,No Return,0,0.0,No,No,2.5,3.9,0.0,0,0,0,4.2,3,6.9,13.5,No,4.8,4.1,4.8,4.5,4.8,43,7.5,5.75,0.235,No,Yes,6,At Risk,Yes,No,Yes,No,Not Churned,,18.2
CUST10947,61,Male,Rivers,Regular,Referral,2026-03-14,5,10,4,322819.03,99172.75,28554.73,22,Tops,5,1,Repeated Issue,Low,Closed,5,1,No,5.0,2,0.2,Late Delivery,3,36822.15,Yes,Yes,1.0,3.4,0.0,0,0,1,3.9,1,3.2,5.0,No,5.0,3.7,5.0,3.9,4.3,0,10.0,11.82,0.299,Yes,No,0,Retained,Yes,No,No,No,Not Churned,,5.9
CUST10948,36,Female,Oyo,Loyal,Facebook,2024-10-29,22,9,2,162444.76,36364.13,16755.41,35,Trousers,4,1,Poor Product Quality,Medium,Resolved,2,1,No,4.3,1,0.111,Late Delivery,7,10131.57,No,No,4.5,5.4,0.0,0,0,0,3.8,2,9.1,11.7,Yes,4.6,4.4,4.6,4.2,3.5,34,8.8,1.26,0.23,No,No,0,Retained,Yes,No,No,No,Not Churned,,4.4
CUST10949,59,Male,Anambra,High Value,Website,2024-11-20,21,7,2,348180.61,95711.79,45158.49,7,Bags,5,1,Order Cancellation,High,Resolved,8,0,No,3.9,0,0.0,No Return,0,0.0,No,No,4.7,3.5,1.2,0,0,1,3.6,1,5.6,8.0,No,5.0,4.2,5.0,5.0,4.9,82,10.0,8.41,0.225,No,No,0,Retained,Yes,No,No,No,Not Churned,,0.9
CUST10950,58,Female,Delta,Regular,Instagram,2023-01-18,44,7,2,211549.52,64421.86,31543.91,158,Dresses,2,3,Wrong Product,Medium,Escalated,7,0,Yes,3.4,0,0.0,No Return,0,0.0,No,No,3.6,3.3,0.3,0,0,1,4.3,3,4.7,8.7,No,3.4,3.9,3.4,3.6,4.0,-6,8.5,13.39,0.13,Yes,No,0,Churned,No,Yes,No,No,Payment Problems,1783123200000000000,26.7
CUST10951,54,Male,Cross River,Regular,Referral,2026-03-24,5,14,2,791007.07,93968.18,53272.07,66,Beauty,5,1,Wrong Product,Medium,Closed,3,2,No,4.9,2,0.143,Poor Quality,6,78687.5,Yes,Yes,2.6,4.9,0.0,0,1,0,3.4,1,3.5,9.7,No,3.3,3.6,3.3,3.2,2.6,11,6.4,3.31,0.479,No,Yes,7,Retained,Yes,No,No,No,Not Churned,,30.6
CUST10952,23,Female,Abuja,High Value,Google,2025-02-16,18,7,1,308272.94,44957.62,47075.58,18,Dresses,3,1,Poor Customer Service,Low,Closed,3,1,No,4.8,3,0.429,Wrong Color,3,84112.58,No,No,4.7,4.0,0.7,1,0,0,3.6,1,8.2,12.7,No,4.2,3.8,4.2,4.3,3.7,49,8.5,4.8,0.164,No,Yes,1,Retained,Yes,No,No,No,Not Churned,,3.2
CUST10953,43,Female,Plateau,Regular,Google,2023-12-26,32,9,3,428971.88,168663.3,53035.92,63,Trousers,2,1,Poor Product Quality,Medium,Resolved,14,3,No,3.4,0,0.0,No Return,0,0.0,No,No,5.5,3.0,2.5,1,0,1,3.2,2,2.6,14.0,No,3.6,4.3,3.6,3.7,3.7,19,6.0,4.83,0.125,Yes,No,0,Retained,Yes,No,No,No,Not Churned,,8.8
CUST10954,51,Male,Cross River,Loyal,Referral,2023-11-28,33,11,6,608130.4,307057.81,53342.94,82,Bags,1,1,Order Cancellation,Low,Closed,1,0,No,5.0,1,0.091,Defective,5,47562.06,Yes,No,4.7,3.6,1.1,1,0,1,3.5,1,2.1,3.4,Yes,3.8,4.1,3.8,4.0,3.2,57,9.6,1.33,0.072,Yes,No,0,Dormant,Yes,No,No,Yes,Not Churned,,28.2
CUST10955,62,Male,Abia,Regular,Website,2024-06-11,27,9,1,261071.3,25492.28,26578.99,38,Electronics,2,3,Poor Product Quality,Low,Resolved,4,1,No,3.5,1,0.111,Duplicate Order,9,12201.57,Yes,Yes,5.0,3.1,1.9,2,0,0,3.0,3,0.7,5.9,No,3.3,3.7,3.3,4.1,2.8,1,9.8,1.06,0.124,No,No,0,Churned,No,Yes,No,No,Too Many Delivery Problems,1775001600000000000,43.0
CUST10956,23,Female,Edo,New Customer,Referral,2023-01-12,44,8,1,229510.99,29171.72,31793.7,72,Shoes,5,3,App Crash,Low,Resolved,3,1,No,3.3,1,0.125,Wrong Item,16,13898.14,Yes,No,3.7,3.1,0.6,1,0,0,4.9,3,5.6,6.7,No,4.3,3.7,4.3,4.2,2.7,32,7.6,4.02,0.08,Yes,Yes,2,Churned,No,Yes,No,No,Competitor,1769385600000000000,57.6
CUST10957,54,Female,Rivers,Regular,Website,2026-01-03,8,7,3,229542.96,91370.36,35300.06,34,Trousers,4,3,Refund Delayed,Low,Resolved,8,4,Yes,2.9,3,0.429,Wrong Color,1,86413.96,No,No,3.8,2.7,1.1,1,1,0,2.7,3,5.8,15.7,No,3.4,3.1,3.4,3.2,4.0,-25,5.6,6.33,0.228,Yes,No,0,Churned,No,Yes,No,No,Better Alternative,1777420800000000000,31.2
CUST10958,50,Male,Delta,Regular,Facebook,2023-07-31,37,15,2,457498.24,65929.73,33697.76,116,Beauty,2,3,Late Delivery,High,Resolved,8,3,No,3.2,0,0.0,No Return,0,0.0,No,No,3.7,4.4,0.0,0,0,2,3.4,3,4.1,11.9,No,4.1,5.0,4.1,3.9,4.0,-19,7.7,4.76,0.074,Yes,Yes,5,Dormant,Yes,No,No,Yes,Not Churned,,15.5
CUST10959,39,Male,Delta,Loyal,Referral,2024-10-02,23,8,1,374288.23,46447.31,44506.07,69,Beauty,2,0,No Complaint,None,No Complaint,0,0,No,,2,0.25,Damaged,1,45643.71,No,No,3.5,3.6,0.0,1,0,0,3.8,1,10.9,14.9,Yes,4.8,4.7,4.8,4.3,4.1,21,9.2,13.41,0.324,No,Yes,1,Retained,Yes,No,No,No,Not Churned,,9.4
CUST10960,38,Male,Abia,High Value,Google,2023-10-10,35,16,2,369872.04,45467.37,25643.8,103,Accessories,2,1,Issue Not Resolved,Low,Resolved,2,1,No,4.2,1,0.062,Wrong Item,1,14374.04,No,No,1.4,2.7,0.0,0,0,0,3.7,2,6.8,6.9,Yes,4.2,4.7,4.2,4.2,3.6,33,7.8,12.19,0.077,Yes,No,0,Dormant,Yes,No,No,Yes,Not Churned,,15.2
CUST10961,23,Male,Plateau,Regular,Instagram,2025-02-18,18,15,5,505455.45,199802.78,37226.48,146,Trousers,2,1,Issue Not Resolved,Low,Resolved,4,0,No,5.0,0,0.0,No Return,0,0.0,No,No,4.7,4.5,0.2,2,0,0,5.0,1,4.7,6.7,No,4.1,4.3,4.1,3.8,3.9,23,7.3,7.99,0.107,Yes,No,0,At Risk,Yes,No,Yes,No,Not Churned,,19.2
CUST10962,23,Male,Oyo,Loyal,Referral,2025-11-19,9,13,3,300025.84,71965.65,24259.75,18,Shoes,5,1,Return Difficulty,Low,Resolved,5,6,Yes,5.0,1,0.077,Late Delivery,8,19181.19,No,No,2.5,3.4,0.0,0,0,1,5.0,3,3.7,7.2,No,4.1,3.8,4.1,4.7,4.8,57,10.0,7.45,0.126,No,No,0,Retained,Yes,No,No,No,Not Churned,,5.3
CUST10963,65,Male,Lagos,New Customer,TikTok,2025-10-29,10,11,1,378886.78,38062.71,36144.36,86,Accessories,1,1,Order Cancellation,Medium,Resolved,4,0,No,4.3,0,0.0,No Return,0,0.0,No,No,1.0,3.0,0.0,0,0,0,4.0,1,2.9,9.2,No,4.3,3.8,4.3,4.2,4.5,9,8.8,7.54,0.454,No,Yes,1,Dormant,Yes,No,No,Yes,Not Churned,,12.0
CUST10964,21,Female,Abia,Regular,Referral,2024-11-07,22,10,2,393280.87,77605.47,38163.12,46,Tops,4,1,Issue Not Resolved,Critical,Closed,2,2,No,4.5,0,0.0,No Return,0,0.0,No,No,5.1,5.4,0.0,0,0,0,4.5,1,4.4,8.9,No,4.6,5.0,4.6,4.8,3.3,39,10.0,12.94,0.184,No,No,0,Retained,Yes,No,No,No,Not Churned,,6.3
CUST10965,47,Female,Lagos,New Customer,TikTok,2024-12-05,21,7,6,113085.34,96389.96,18178.49,38,Beauty,2,2,Refund Delayed,Medium,Resolved,9,2,No,3.4,2,0.286,Wrong Color,6,19089.57,Yes,No,1.8,2.7,0.0,0,0,1,4.1,2,9.7,14.7,No,3.4,3.9,3.4,4.0,4.4,12,7.8,0.75,0.266,No,No,0,Churned,No,Yes,No,No,Relocated,1769385600000000000,9.2
CUST10966,28,Male,Rivers,High Value,Referral,2024-03-01,30,10,2,396785.85,81671.18,37928.45,32,Accessories,4,0,No Complaint,None,No Complaint,0,0,No,,0,0.0,No Return,0,0.0,No,No,3.1,3.7,0.0,1,0,1,4.4,0,15.0,24.3,Yes,4.4,4.8,4.4,3.9,3.9,-9,7.5,2.41,0.137,Yes,No,0,Retained,Yes,No,No,No,Not Churned,,4.1
CUST10967,47,Male,Plateau,Loyal,Instagram,2024-08-13,24,10,4,610768.2,253766.48,61621.48,27,Beauty,5,0,No Complaint,None,No Complaint,0,0,No,,0,0.0,No Return,0,0.0,No,No,6.0,4.3,1.7,1,1,0,4.1,1,5.0,11.4,Yes,3.7,4.1,3.7,4.2,3.5,43,7.3,9.64,0.221,Yes,No,0,Churned,No,Yes,No,No,Competitor,1775347200000000000,22.7
CUST10968,48,Female,Cross River,Loyal,Instagram,2023-04-01,41,11,3,545149.26,137567.37,53389.3,82,Accessories,1,0,No Complaint,None,No Complaint,0,0,No,,1,0.091,Poor Quality,5,27619.77,No,No,6.0,5.5,0.5,1,1,1,3.2,0,0.3,9.1,Yes,3.4,4.2,3.4,3.2,2.0,8,6.4,3.33,0.672,Yes,No,0,Dormant,Yes,No,No,Yes,Not Churned,,17.3
CUST10969,41,Female,Imo,Loyal,Referral,2024-03-31,29,9,3,172736.36,54232.62,18168.18,66,Accessories,2,2,Repeated Issue,Medium,Resolved,3,2,No,4.3,0,0.0,No Return,0,0.0,No,No,2.7,2.7,0.0,0,0,1,3.9,2,10.0,11.5,No,2.8,4.2,2.8,3.4,3.2,25,4.5,6.73,0.465,No,No,0,Retained,Yes,No,No,No,Not Churned,,23.9
CUST10970,26,Male,Plateau,Loyal,Facebook,2024-03-19,29,8,4,135229.19,67685.74,17444.21,138,Trousers,1,0,No Complaint,None,No Complaint,0,0,No,,0,0.0,No Return,0,0.0,No,No,6.8,5.3,1.5,0,0,1,5.0,3,4.4,8.9,Yes,3.0,4.6,3.0,4.4,5.0,24,7.9,0.88,0.692,Yes,No,0,At Risk,Yes,No,Yes,No,Not Churned,,22.5
CUST10971,20,Female,Edo,High Value,Instagram,2023-03-20,42,10,0,454403.8,0.0,41181.32,70,Beauty,2,0,No Complaint,None,No Complaint,0,0,No,,2,0.2,Product Description Inaccurate,1,32440.32,No,No,5.1,5.1,0.0,0,1,0,3.4,1,1.9,5.8,Yes,3.7,3.2,3.7,3.0,3.5,34,5.8,6.15,0.193,Yes,Yes,7,Retained,Yes,No,No,No,Not Churned,,9.2
CUST10972,48,Female,Abia,Loyal,Google,2025-07-15,13,8,4,315910.0,121266.41,34423.45,45,Bags,2,1,Unexpected Charge,Medium,Closed,3,2,No,5.0,0,0.0,No Return,0,0.0,No,No,6.2,4.8,1.4,0,0,0,3.6,1,0.5,8.0,No,2.4,4.2,2.4,3.5,3.7,1,5.1,7.03,0.256,No,No,0,Retained,Yes,No,No,No,Not Churned,,23.4
CUST10973,57,Female,Rivers,High Value,Referral,2023-04-13,41,8,1,259537.29,29686.12,29754.23,43,Shoes,3,0,No Complaint,None,No Complaint,0,0,No,,2,0.25,Not as Expected,9,55692.1,No,No,3.3,2.8,0.5,0,0,0,3.4,0,5.5,6.6,Yes,4.6,3.9,4.6,4.7,4.7,37,8.9,1.29,0.414,No,No,0,Retained,Yes,No,No,No,Not Churned,,17.6
CUST10974,54,Female,Rivers,Regular,Google,2024-09-14,23,12,5,125570.03,44911.08,9683.6,144,Accessories,4,0,No Complaint,None,No Complaint,0,0,No,,0,0.0,No Return,0,0.0,No,No,3.5,3.4,0.1,1,0,0,5.0,3,3.5,7.3,Yes,3.7,4.6,3.7,4.3,4.6,34,10.0,5.04,0.435,Yes,No,0,At Risk,Yes,No,Yes,No,Not Churned,,22.0
CUST10975,53,Female,Enugu,New Customer,TikTok,2025-09-16,11,13,0,248036.76,0.0,19551.1,47,Beauty,1,2,Poor Customer Service,Medium,Escalated,3,3,Yes,4.2,1,0.077,Late Delivery,3,15385.99,Yes,Yes,3.2,3.3,0.0,0,0,0,3.9,2,5.7,7.7,No,4.1,4.4,4.1,4.4,4.3,46,9.8,9.29,0.208,Yes,No,0,Retained,Yes,No,No,No,Not Churned,,8.3
CUST10976,41,Female,Anambra,Regular,Referral,2023-08-22,36,12,5,730882.72,254377.54,59459.44,93,Accessories,4,1,Missing Product,Low,Escalated,1,3,Yes,3.3,2,0.167,Wrong Size,3,98435.75,No,No,4.4,4.1,0.3,0,1,0,4.5,2,1.7,8.2,No,4.5,4.3,4.5,3.7,3.2,12,7.8,5.82,0.269,Yes,No,0,Churned,No,Yes,No,No,Competitor,1782259200000000000,18.6
CUST10977,48,Female,Abia,New Customer,Google,2024-10-05,23,11,0,385275.0,0.0,39168.04,45,Trousers,4,2,Late Delivery,Medium,Resolved,1,2,No,4.6,0,0.0,No Return,0,0.0,No,No,4.6,2.9,1.7,2,0,0,3.0,2,3.7,7.5,No,4.2,4.6,4.2,4.5,3.8,44,9.4,0.98,0.263,No,Yes,5,Retained,Yes,No,No,No,Not Churned,,6.3
CUST10978,23,Male,Anambra,Regular,TikTok,2025-02-28,18,7,3,625969.08,236530.66,83078.57,97,Shoes,4,1,Late Delivery,Medium,Resolved,1,0,No,3.9,1,0.143,Wrong Color,3,76412.21,Yes,Yes,4.6,4.9,0.0,0,0,0,4.2,1,1.2,2.2,Yes,3.5,4.4,3.5,4.0,3.5,29,8.6,8.32,0.05,No,No,0,Dormant,Yes,No,No,Yes,Not Churned,,20.5
CUST10979,19,Female,Cross River,Regular,Referral,2024-01-22,31,7,1,360862.87,46683.56,48530.3,115,Tops,1,4,Poor Customer Service,Critical,Resolved,1,1,No,4.4,1,0.143,Changed Mind,5,39333.04,Yes,Yes,4.7,4.5,0.2,0,0,0,4.6,4,2.3,4.3,Yes,3.7,3.8,3.7,3.9,3.6,53,9.6,1.26,0.127,Yes,No,0,Churned,No,Yes,No,No,Website/App Problems,1770422400000000000,35.5
CUST10980,37,Male,Abia,Loyal,Referral,2025-04-26,16,12,4,428591.82,155003.44,37488.24,22,Beauty,2,3,Rude Staff,Medium,Resolved,2,0,No,4.2,1,0.083,Defective,4,34111.38,Yes,Yes,5.6,5.1,0.5,2,0,1,2.6,3,8.2,14.1,Yes,4.8,4.8,4.8,3.9,2.8,40,7.5,4.29,0.585,No,No,0,Retained,Yes,No,No,No,Not Churned,,3.3
CUST10981,45,Male,Edo,New Customer,Referral,2023-02-07,43,14,1,216162.97,14334.73,15075.14,46,Dresses,2,3,Refund Delayed,Low,Closed,4,2,No,4.5,1,0.071,Poor Quality,5,7365.45,No,No,4.1,3.2,0.9,0,0,1,3.1,3,15.2,18.5,No,3.7,4.8,3.7,3.2,2.4,21,7.8,4.61,0.101,No,No,0,Retained,Yes,No,No,No,Not Churned,,9.8
CUST10982,28,Female,Enugu,Regular,Instagram,2026-03-30,5,11,3,439713.12,101359.2,37590.15,21,Trousers,2,0,No Complaint,None,No Complaint,0,0,No,,1,0.091,Duplicate Order,1,26492.68,No,No,3.3,4.4,0.0,0,0,1,3.3,1,7.7,13.6,Yes,3.9,4.1,3.9,3.8,3.6,-9,8.5,2.24,0.154,No,No,0,Retained,Yes,No,No,No,Not Churned,,2.9
CUST10983,21,Male,Plateau,Regular,TikTok,2026-02-14,6,10,1,300126.1,29099.52,30646.02,76,Dresses,2,3,Late Delivery,Low,Resolved,1,0,No,4.3,1,0.1,Defective,1,17682.26,Yes,No,5.7,5.1,0.6,1,0,0,4.0,3,10.2,15.6,Yes,3.5,4.0,3.5,3.3,3.7,1,6.6,0.87,0.078,No,Yes,5,Churned,No,Yes,No,No,Negative Overall Experience,1781136000000000000,13.0
CUST10984,32,Female,Delta,High Value,Google,2023-08-29,36,10,2,200513.93,32330.46,18636.61,64,Electronics,2,2,Late Delivery,Medium,Resolved,3,2,No,5.0,0,0.0,No Return,0,0.0,No,No,2.6,2.7,0.0,0,0,1,4.6,2,5.0,11.1,No,4.0,4.7,4.0,3.9,3.3,33,7.6,3.45,0.15,No,No,0,Retained,Yes,No,No,No,Not Churned,,10.0
CUST10985,23,Male,Ogun,Regular,Email,2025-11-15,9,10,6,653044.98,391077.82,59632.69,48,Trousers,2,2,Long Waiting Time,Medium,Resolved,7,1,No,4.0,1,0.1,Poor Quality,6,26291.36,Yes,Yes,3.8,4.2,0.0,0,0,0,4.2,2,3.4,7.0,No,4.4,3.5,4.4,3.7,3.2,31,7.7,4.44,0.566,No,No,0,Retained,Yes,No,No,No,Not Churned,,13.1
CUST10986,47,Female,Enugu,Regular,Website,2024-07-15,25,15,2,464993.7,57133.63,32965.83,59,Dresses,5,2,Late Delivery,Low,Escalated,10,2,Yes,4.0,1,0.067,Product Description Inaccurate,3,15084.02,No,No,6.8,4.7,2.1,3,0,2,1.4,2,4.0,10.0,No,3.5,3.8,3.5,3.0,2.5,-20,6.7,1.18,0.216,No,No,0,Retained,Yes,No,No,No,Not Churned,,9.2
CUST10987,55,Male,Rivers,Loyal,Referral,2025-03-16,17,13,0,488285.37,0.0,39070.95,86,Dresses,5,0,No Complaint,None,No Complaint,0,0,No,,0,0.0,No Return,0,0.0,No,No,1.7,3.6,0.0,0,0,1,3.2,0,12.3,15.6,Yes,4.2,3.9,4.2,3.2,3.1,-1,6.4,7.27,0.334,Yes,No,0,Dormant,Yes,No,No,Yes,Not Churned,,11.2
CUST10988,19,Male,Lagos,Loyal,Facebook,2023-10-25,34,12,1,255147.5,20586.53,21511.35,134,Trousers,2,1,Issue Not Resolved,Low,Resolved,3,3,No,3.8,0,0.0,No Return,0,0.0,No,No,4.6,3.6,1.0,2,0,0,4.7,1,2.7,15.2,No,5.0,3.7,5.0,4.1,3.7,25,8.4,3.8,0.438,No,No,0,At Risk,Yes,No,Yes,No,Not Churned,,52.4
CUST10989,32,Female,Kano,Regular,Facebook,2025-03-15,17,13,3,467038.85,123736.3,38072.07,85,Bags,1,0,No Complaint,None,No Complaint,0,0,No,,0,0.0,No Return,0,0.0,No,No,1.7,2.6,0.0,1,1,1,4.1,0,4.6,14.5,Yes,4.2,4.5,4.2,4.7,4.4,24,9.2,1.38,0.046,No,No,0,Dormant,Yes,No,No,Yes,Not Churned,,10.7
CUST10990,28,Female,Plateau,Regular,Google,2023-06-03,39,11,1,354871.15,26494.45,29613.18,105,Trousers,4,2,Poor Customer Service,Low,Closed,3,0,No,4.3,0,0.0,No Return,0,0.0,No,No,2.8,4.0,0.0,0,0,0,4.1,2,8.3,12.1,No,3.1,4.9,3.1,4.0,4.7,3,9.1,5.38,0.106,No,No,0,Dormant,Yes,No,No,Yes,Not Churned,,13.5
CUST10991,25,Male,Edo,Regular,Google,2025-01-01,20,9,2,891185.68,181872.27,95727.83,21,Tops,4,2,Late Delivery,Low,Resolved,6,2,No,4.2,3,0.333,Poor Quality,2,201656.53,Yes,No,4.3,4.3,0.0,0,0,0,4.8,2,5.6,12.4,No,4.0,3.3,4.0,4.3,4.5,41,8.5,4.97,0.164,No,No,0,Retained,Yes,No,No,No,Not Churned,,3.8
CUST10992,43,Male,Delta,High Value,Facebook,2024-04-12,29,11,3,265417.1,80836.11,24555.41,113,Beauty,1,0,No Complaint,None,No Complaint,0,0,No,,0,0.0,No Return,0,0.0,No,No,7.3,4.7,2.6,4,0,3,3.1,0,5.4,6.9,Yes,3.7,3.9,3.7,3.6,3.2,23,9.0,0.49,0.39,Yes,No,0,Dormant,Yes,No,No,Yes,Not Churned,,14.5
CUST10993,62,Female,Plateau,New Customer,Referral,2023-02-18,43,6,1,121526.12,22915.16,22903.44,102,Tops,5,6,Missing Product,Low,Closed,2,0,No,5.0,0,0.0,No Return,0,0.0,No,No,3.2,2.8,0.4,0,0,0,3.7,6,4.7,14.8,Yes,3.8,4.3,3.8,4.2,3.6,22,7.4,8.78,0.287,Yes,Yes,5,At Risk,Yes,No,Yes,No,Not Churned,,20.2
CUST10994,61,Male,Abia,Regular,Instagram,2023-02-15,43,6,3,210125.58,108933.31,36179.2,32,Trousers,4,3,Unexpected Charge,Medium,Resolved,3,3,No,4.8,2,0.333,Late Delivery,6,60191.05,No,No,5.2,3.7,1.5,1,0,0,4.7,3,4.2,8.6,No,4.6,4.0,4.6,4.6,4.1,33,9.1,8.52,0.513,No,No,0,Retained,Yes,No,No,No,Not Churned,,11.3
CUST10995,22,Female,Oyo,New Customer,Email,2025-02-18,18,9,1,285543.75,31373.53,28690.08,81,Dresses,5,2,Discount Not Applied,Low,Resolved,1,0,No,3.7,1,0.111,Poor Quality,5,25193.38,No,No,1.9,3.3,0.0,0,1,1,2.7,2,7.0,7.6,Yes,2.2,4.4,2.2,3.3,2.5,-19,6.0,2.1,0.124,No,No,0,Dormant,Yes,No,No,Yes,Not Churned,,14.9
CUST10996,23,Male,Kano,Regular,Instagram,2023-03-23,41,15,1,581707.27,35040.63,35883.0,48,Trousers,3,0,No Complaint,None,No Complaint,0,0,No,,1,0.067,Not as Expected,10,30921.27,Yes,Yes,3.4,3.1,0.3,0,0,0,4.5,3,1.2,3.8,Yes,3.9,4.1,3.9,4.6,3.8,53,10.0,6.94,0.054,Yes,No,0,Retained,Yes,No,No,No,Not Churned,,6.0
CUST10997,43,Female,Abia,Loyal,Website,2025-12-03,9,8,1,505779.73,59875.34,70388.56,64,Tops,4,3,Poor Product Quality,High,Resolved,12,2,No,3.2,1,0.125,Wrong Color,9,63692.53,Yes,Yes,3.5,3.2,0.3,1,0,1,4.4,3,5.8,12.0,No,3.1,3.6,3.1,3.3,2.7,7,7.0,0.76,0.244,No,No,0,Churned,No,Yes,No,No,Poor Product Quality,1769904000000000000,40.8
CUST10998,21,Male,Kano,Regular,Website,2025-08-12,12,9,5,197626.73,85894.66,20028.02,93,Tops,3,7,Unexpected Charge,Medium,Resolved,1,3,No,4.3,0,0.0,No Return,0,0.0,No,No,1.0,3.6,0.0,0,0,0,4.4,7,8.3,13.4,No,3.1,5.0,3.1,4.4,4.4,28,8.0,3.68,0.251,No,Yes,1,At Risk,Yes,No,Yes,No,Not Churned,,17.5
CUST10999,36,Female,Enugu,New Customer,Referral,2023-09-30,35,10,0,313637.85,0.0,33784.63,53,Bags,3,3,Poor Product Quality,Low,Resolved,2,1,No,5.0,1,0.1,Duplicate Order,4,24651.09,No,No,6.0,4.7,1.3,4,0,0,3.2,3,7.7,12.1,Yes,4.6,3.9,4.6,4.0,3.6,26,10.0,6.42,0.063,No,No,0,Retained,Yes,No,No,No,Not Churned,,10.5
CUST11000,37,Female,Abuja,Regular,TikTok,2024-01-29,31,15,3,407632.22,64202.47,23702.9,225,Trousers,3,2,Order Cancellation,Low,Resolved,4,0,No,3.4,1,0.067,Defective,3,14414.02,No,No,2.9,3.8,0.0,0,0,1,4.1,2,20.2,20.7,No,4.0,3.9,4.0,3.5,3.3,20,7.8,1.86,0.132,No,No,0,At Risk,Yes,No,Yes,No,Not Churned,,28.4
CUST11001,50,Female,Kano,New Customer,Google,2025-02-28,18,11,2,284916.91,45068.61,23240.34,172,Accessories,3,2,Delivery Fee,Low,Closed,2,5,Yes,4.6,2,0.182,Wrong Color,6,24365.72,Yes,No,4.6,2.7,1.9,2,1,2,2.9,3,4.9,6.5,No,3.4,4.1,3.4,3.4,2.9,13,7.1,3.54,0.247,No,No,0,Churned,No,Yes,No,No,Inactive,1768003200000000000,61.4
CUST11002,37,Female,Rivers,New Customer,Referral,2024-08-17,24,8,4,269967.49,118360.63,29954.31,36,Accessories,2,4,Account Issue,High,Escalated,8,2,Yes,4.7,0,0.0,No Return,0,0.0,No,No,2.4,3.5,0.0,0,0,0,4.3,4,12.9,14.4,No,2.4,4.2,2.4,3.5,3.8,38,5.5,7.55,0.199,No,No,0,Retained,Yes,No,No,No,Not Churned,,14.7
CUST11003,29,Female,Kaduna,Loyal,Google,2023-02-27,42,9,1,314853.12,32702.98,32161.46,235,Dresses,2,1,Issue Not Resolved,Medium,Closed,5,1,No,4.1,0,0.0,No Return,0,0.0,No,No,4.7,2.8,1.9,3,0,0,3.1,1,7.0,13.3,No,3.8,4.4,3.8,3.5,3.3,0,7.8,5.82,0.152,No,No,0,Churned,No,Yes,No,No,Website/App Problems,1780704000000000000,48.6
CUST11004,64,Female,Lagos,Loyal,Google,2024-07-18,25,9,1,725535.27,65500.46,75206.92,109,Shoes,1,2,Poor Customer Service,Medium,Resolved,4,0,No,4.8,2,0.222,Wrong Color,6,92011.58,Yes,Yes,4.1,3.1,1.0,1,2,1,2.9,2,4.1,11.9,No,5.0,3.8,5.0,4.0,2.6,34,6.2,1.41,0.05,Yes,No,0,Churned,No,Yes,No,No,Poor Product Quality,1770595200000000000,43.7
CUST11005,18,Male,Ogun,High Value,Referral,2023-01-01,44,12,2,282557.97,51773.07,24890.64,62,Electronics,4,1,Rude Staff,Medium,Pending,1,0,No,5.0,1,0.083,Not as Expected,6,21737.58,No,No,6.1,2.9,3.2,1,0,1,3.3,1,2.8,18.7,Yes,3.3,4.2,3.3,3.8,3.9,39,4.6,0.4,0.024,No,No,0,Retained,Yes,No,No,No,Not Churned,,10.2
CUST11006,43,Female,Lagos,Loyal,Google,2023-08-04,37,11,2,324548.86,61379.54,28415.35,139,Tops,1,1,Delivery Fee,Medium,Resolved,7,1,No,3.9,1,0.091,Damaged,7,15432.84,Yes,Yes,6.8,5.4,1.4,1,0,0,3.3,3,3.0,7.0,No,4.0,5.0,4.0,4.9,4.6,58,10.0,13.64,0.451,No,Yes,1,Churned,No,Yes,No,No,Too Many Delivery Problems,1779926400000000000,64.8
CUST11007,31,Female,Kaduna,Loyal,Referral,2025-02-04,19,13,2,181872.98,23943.38,13099.04,152,Trousers,3,0,No Complaint,None,No Complaint,0,0,No,,1,0.077,Defective,5,7241.84,No,No,5.3,5.1,0.2,0,0,0,3.3,0,1.1,5.4,Yes,4.5,3.4,4.5,3.7,3.0,1,7.6,2.44,0.07,No,Yes,1,Churned,No,Yes,No,No,Competitor,1782950400000000000,52.2
CUST11008,55,Female,Anambra,New Customer,Facebook,2024-11-01,22,9,3,343216.33,112891.82,39816.05,138,Accessories,1,2,Coupon Expired,High,Escalated,1,3,Yes,5.0,1,0.111,Defective,2,14441.2,No,No,6.6,4.4,2.2,0,0,0,2.9,2,8.1,8.2,No,4.0,3.8,4.0,3.2,3.0,25,5.7,3.6,0.495,No,No,0,At Risk,Yes,No,Yes,No,Not Churned,,22.7
CUST11009,54,Female,Rivers,Loyal,Google,2024-05-25,27,11,1,368559.33,35147.9,33928.03,136,Tops,2,1,Price Increase,Critical,Closed,4,2,No,3.9,0,0.0,No Return,0,0.0,No,No,3.2,3.3,0.0,0,0,0,3.6,2,10.7,19.7,No,3.3,4.4,3.3,4.0,4.0,26,9.6,5.83,0.3,No,No,0,At Risk,Yes,No,Yes,No,Not Churned,,19.7
CUST11010,28,Female,Oyo,Loyal,Instagram,2025-07-03,14,9,1,435186.71,38834.29,42576.32,53,Electronics,5,0,No Complaint,None,No Complaint,0,0,No,,0,0.0,No Return,0,0.0,No,No,1.2,3.0,0.0,0,0,0,4.2,0,2.5,5.1,Yes,3.9,4.3,3.9,4.7,4.3,57,8.4,3.9,0.263,No,Yes,5,Retained,Yes,No,No,No,Not Churned,,6.6
CUST11011,53,Female,Kano,Loyal,Instagram,2023-04-05,41,10,3,355752.05,106231.15,35929.16,59,Dresses,5,2,Damaged Product,Medium,Resolved,1,0,No,4.2,0,0.0,No Return,0,0.0,No,No,4.2,5.0,0.0,1,0,0,4.7,2,9.4,12.5,Yes,5.0,4.1,5.0,4.1,3.7,45,7.2,3.9,0.097,No,No,0,Churned,No,Yes,No,No,Website/App Problems,1770508800000000000,8.2
CUST11012,30,Female,Anambra,Regular,Facebook,2024-05-07,28,9,3,116475.42,40829.81,13408.98,37,Accessories,5,3,Poor Product Quality,High,Resolved,3,0,No,5.0,1,0.111,Not as Expected,12,10724.52,No,No,2.5,2.7,0.0,0,0,1,4.0,3,5.4,8.4,No,2.0,4.4,2.0,3.2,3.0,16,4.8,1.81,0.29,Yes,Yes,5,Retained,Yes,No,No,No,Not Churned,,24.4
CUST11013,60,Female,Rivers,Regular,Instagram,2025-02-03,19,9,1,602144.17,78746.15,73607.02,137,Bags,5,0,No Complaint,None,No Complaint,0,0,No,,0,0.0,No Return,0,0.0,No,No,6.0,4.6,1.4,3,0,0,4.4,2,7.9,10.0,Yes,2.8,3.9,2.8,3.4,3.2,-3,6.7,3.45,0.204,No,No,0,At Risk,Yes,No,Yes,No,Not Churned,,24.2
CUST11014,20,Female,Plateau,Loyal,Instagram,2025-10-18,10,7,1,251765.71,34641.29,36996.43,120,Trousers,5,0,No Complaint,None,No Complaint,0,0,No,,1,0.143,Defective,16,33535.36,Yes,No,3.6,3.4,0.2,0,0,0,4.1,1,1.4,13.0,Yes,4.7,4.3,4.7,3.6,3.6,18,7.5,5.09,0.203,No,Yes,1,Dormant,Yes,No,No,Yes,Not Churned,,15.7
CUST11015,50,Male,Enugu,Loyal,Website,2023-05-30,39,8,1,319733.0,37209.22,38235.38,47,Beauty,4,0,No Complaint,None,No Complaint,0,0,No,,0,0.0,No Return,0,0.0,No,No,4.9,4.0,0.9,0,0,0,4.4,4,11.3,18.4,Yes,4.6,4.1,4.6,4.6,5.0,62,9.8,2.97,0.254,Yes,Yes,4,Retained,Yes,No,No,No,Not Churned,,13.2
CUST11016,23,Female,Lagos,High Value,Instagram,2025-11-12,9,7,3,479622.13,200248.04,74484.58,74,Dresses,3,1,Refund Delayed,Medium,Escalated,8,1,Yes,4.1,0,0.0,No Return,0,0.0,No,No,5.2,4.7,0.5,1,0,0,3.9,1,1.9,9.7,No,4.1,4.4,4.1,3.9,3.9,21,8.0,13.45,0.363,No,No,0,Churned,No,Yes,No,No,Negative Overall Experience,1770768000000000000,63.7
CUST11017,27,Female,Anambra,New Customer,Referral,2025-01-25,19,7,3,184901.35,70393.93,25315.11,68,Accessories,2,3,Website Error,Medium,Closed,3,3,No,5.0,0,0.0,No Return,0,0.0,No,No,3.5,2.6,0.9,0,1,0,3.6,3,7.2,10.9,No,3.3,5.0,3.3,3.9,3.0,23,6.8,3.43,0.28,Yes,No,0,Retained,Yes,No,No,No,Not Churned,,8.4
CUST11018,22,Male,Edo,Regular,Facebook,2024-02-03,31,7,0,124462.56,0.0,16461.43,64,Trousers,5,6,Price Increase,High,Closed,3,3,No,4.5,1,0.143,Wrong Item,2,14419.06,Yes,No,2.6,3.0,0.0,0,0,0,4.3,6,6.3,16.9,No,3.8,4.1,3.8,4.4,3.4,-2,10.0,13.27,0.408,No,No,0,Churned,No,Yes,No,No,Negative Overall Experience,1775260800000000000,46.3
CUST11019,40,Female,Kano,Regular,Website,2024-02-14,31,12,1,247687.91,17071.88,18981.21,151,Electronics,4,2,App Crash,Medium,Pending,1,0,No,3.6,1,0.083,Changed Mind,2,14535.27,No,No,3.5,4.4,0.0,0,0,2,4.0,2,0.7,3.8,Yes,3.1,4.2,3.1,3.4,3.2,20,5.3,3.47,0.421,No,No,0,Churned,No,Yes,No,No,Poor Customer Service,1788048000000000000,59.8
CUST11020,27,Male,Kano,Loyal,Google,2023-05-11,40,7,4,252668.65,118004.76,31499.76,99,Beauty,2,3,Issue Not Resolved,Critical,Pending,5,0,No,4.2,1,0.143,Wrong Size,5,17708.7,No,No,5.5,5.3,0.2,1,0,0,4.9,3,3.8,7.0,No,4.2,4.5,4.2,4.3,4.0,24,6.3,22.46,0.425,No,No,0,Churned,No,Yes,No,No,Too Many Delivery Problems,1767571200000000000,26.6
CUST11021,61,Female,Oyo,Regular,Google,2025-05-04,16,10,3,302153.89,86895.76,30296.23,110,Shoes,5,0,No Complaint,None,No Complaint,0,0,No,,0,0.0,No Return,0,0.0,No,No,4.5,3.3,1.2,0,1,1,3.0,0,2.9,5.5,Yes,,3.9,4.2,3.4,3.6,22,4.6,20.76,0.339,No,No,0,Dormant,Yes,No,No,Yes,Not Churned,,18.1
CUST11022,19,Male,Abuja,New Customer,Referral,2023-05-28,39,7,0,434517.52,0.0,69843.55,267,Accessories,3,0,No Complaint,None,No Complaint,0,0,No,,1,0.143,Defective,1,61857.12,Yes,Yes,3.0,2.9,0.1,0,0,0,4.5,2,4.5,7.3,Yes,4.4,5.0,4.4,3.9,4.4,8,6.6,3.49,0.308,No,No,0,Churned,No,Yes,No,No,Website/App Problems,1768089600000000000,64.6
CUST11023,30,Male,Edo,High Value,Google,2024-01-16,31,13,1,557188.15,37221.05,38586.54,81,Beauty,1,0,No Complaint,None,No Complaint,0,0,No,,1,0.077,Duplicate Order,6,32538.55,No,No,5.0,5.3,0.0,0,0,0,3.6,4,11.0,14.1,Yes,5.0,4.8,5.0,4.3,3.6,43,10.0,6.48,0.259,No,Yes,2,Churned,No,Yes,No,No,Payment Problems,1785542400000000000,41.1
CUST11024,57,Female,Kano,New Customer,Referral,2026-02-06,6,9,2,129317.93,27454.59,15920.09,32,Tops,3,2,Product Not as Described,High,Resolved,4,2,No,4.1,0,0.0,No Return,0,0.0,No,No,5.4,5.1,0.3,0,0,0,3.7,2,23.0,27.8,No,3.3,3.9,3.3,3.0,2.3,3,6.3,2.17,0.083,No,No,0,Churned,No,Yes,No,No,Poor Customer Service,1773532800000000000,15.0
CUST11025,19,Male,Delta,Loyal,Instagram,2024-07-05,26,8,1,205403.89,23974.53,23076.03,79,Bags,3,1,Repeated Issue,Medium,Resolved,9,3,No,4.4,1,0.125,Defective,5,8992.04,Yes,Yes,4.8,5.2,0.0,0,0,1,3.7,1,6.4,9.0,No,4.4,4.2,4.4,4.2,4.5,60,6.6,1.15,0.07,No,No,0,Dormant,Yes,No,No,Yes,Not Churned,,12.7
CUST11026,37,Female,Edo,Regular,Email,2026-02-18,6,13,2,358072.41,47289.94,24049.01,71,Accessories,5,0,No Complaint,None,No Complaint,0,0,No,,1,0.077,Not as Expected,3,18216.21,No,No,4.1,2.9,1.2,3,1,0,2.9,0,8.9,10.8,Yes,4.3,3.4,4.3,3.8,4.3,34,8.2,6.33,0.159,No,No,0,Retained,Yes,No,No,No,Not Churned,,10.1
CUST11027,18,Female,Kano,Loyal,Google,2023-10-22,34,10,1,316825.53,30556.18,28166.22,44,Trousers,1,3,Wrong Product,Medium,Resolved,5,2,No,2.8,0,0.0,No Return,0,0.0,No,No,5.4,5.3,0.1,0,1,0,3.7,3,6.3,11.7,No,4.8,5.0,4.8,4.0,3.9,12,8.2,5.82,0.276,No,No,0,Retained,Yes,No,No,No,Not Churned,,15.6
CUST11028,54,Male,Kaduna,Regular,Google,2026-02-17,6,11,4,286745.18,92248.7,22860.77,58,Electronics,1,3,Rude Staff,High,Resolved,4,1,No,4.1,3,0.273,Changed Mind,1,48668.87,Yes,Yes,5.7,4.2,1.5,3,0,1,3.4,3,7.4,9.6,No,3.8,3.8,3.8,4.2,4.7,8,10.0,0.46,0.497,No,No,0,Churned,No,Yes,No,No,Lack of Product Availability,1777939200000000000,49.9
CUST11029,26,Male,Edo,High Value,TikTok,2024-03-31,29,10,3,158085.91,52625.98,17836.6,122,Trousers,2,1,Discount Not Applied,Medium,Resolved,4,2,No,3.7,0,0.0,No Return,0,0.0,No,No,5.1,4.5,0.6,1,0,1,3.9,2,7.3,18.4,No,3.6,4.5,3.6,4.4,3.9,30,10.0,2.19,0.086,No,No,0,At Risk,Yes,No,Yes,No,Not Churned,,42.8
CUST11030,34,Female,Rivers,High Value,Google,2023-06-18,39,11,2,333907.39,63497.35,34374.65,61,Electronics,4,3,Poor Customer Service,Medium,Resolved,8,2,No,3.7,0,0.0,No Return,0,0.0,No,No,3.3,3.9,0.0,0,0,0,5.0,3,2.8,8.0,No,3.7,4.8,3.7,4.5,4.6,72,10.0,2.02,0.333,No,Yes,5,Retained,Yes,No,No,No,Not Churned,,7.7
CUST11031,26,Female,Edo,New Customer,Website,2024-12-10,21,8,1,192454.04,23346.3,25680.25,44,Shoes,2,0,No Complaint,None,No Complaint,0,0,No,,0,0.0,No Return,0,0.0,No,No,2.7,3.6,0.0,0,0,1,4.9,0,2.2,17.6,Yes,2.8,4.2,2.8,3.6,4.4,21,4.4,2.62,0.608,Yes,No,0,Churned,No,Yes,No,No,Better Alternative,1777852800000000000,21.4
CUST11032,28,Female,Ogun,New Customer,Google,2026-03-12,5,11,3,210512.34,47553.67,17466.75,44,Bags,5,0,No Complaint,None,No Complaint,0,0,No,,0,0.0,No Return,0,0.0,No,No,1.0,2.8,0.0,0,0,1,3.5,0,2.3,2.9,Yes,4.1,4.6,4.1,4.0,4.1,27,7.0,1.97,0.445,Yes,Yes,7,Retained,Yes,No,No,No,Not Churned,,8.7
CUST11033,32,Female,Oyo,Regular,TikTok,2023-02-06,43,14,2,874838.44,131561.89,69113.55,67,Trousers,1,2,Long Waiting Time,High,Resolved,1,2,No,5.0,1,0.071,Defective,10,35783.44,Yes,Yes,3.8,3.2,0.6,1,0,0,3.5,2,4.4,6.0,No,4.9,3.9,4.9,4.7,4.6,79,8.2,2.24,0.427,Yes,No,0,Churned,No,Yes,No,No,Negative Overall Experience,1774742400000000000,35.1
CUST11034,41,Male,Enugu,Loyal,Instagram,2023-08-19,36,5,4,167812.13,110825.01,31031.5,71,Accessories,3,3,Login Problem,Medium,Closed,9,0,No,3.9,0,0.0,No Return,0,0.0,No,No,4.2,4.3,0.0,0,0,0,4.0,3,5.6,11.3,No,3.7,4.5,3.7,4.2,4.3,39,9.9,3.24,0.271,No,Yes,2,Retained,Yes,No,No,No,Not Churned,,9.0
CUST11035,55,Female,Enugu,Loyal,Website,2023-09-11,36,12,4,881767.79,353034.18,83180.19,93,Bags,3,3,Late Delivery,High,Escalated,6,0,Yes,5.0,1,0.083,Late Delivery,4,59024.98,Yes,Yes,3.4,3.5,0.0,0,0,0,4.9,3,3.0,15.8,No,3.1,4.2,3.1,3.7,3.1,9,6.8,2.31,0.222,No,Yes,6,Churned,No,Yes,No,No,Website/App Problems,1776211200000000000,24.1
CUST11036,52,Female,Enugu,Regular,TikTok,2023-11-25,33,7,3,414450.85,173319.31,54954.0,126,Trousers,4,2,Poor Customer Service,Medium,Resolved,6,1,No,4.9,0,0.0,No Return,0,0.0,No,No,2.4,2.9,0.0,0,0,0,4.2,2,1.8,6.0,No,4.0,3.9,4.0,3.7,3.5,1,9.4,1.15,0.375,No,Yes,5,At Risk,Yes,No,Yes,No,Not Churned,,24.0
CUST11037,47,Female,Rivers,Loyal,Facebook,2025-09-06,12,10,2,242996.38,52943.28,25645.55,141,Beauty,5,7,Unexpected Charge,Medium,Resolved,8,0,No,5.0,0,0.0,No Return,0,0.0,No,No,4.8,4.6,0.2,1,0,1,3.9,7,3.2,8.0,No,3.1,4.4,3.1,3.3,2.2,32,5.4,6.24,0.41,Yes,Yes,2,Churned,No,Yes,No,No,Poor Product Quality,1774051200000000000,40.7
CUST11038,48,Female,Anambra,Regular,Instagram,2023-01-10,44,11,2,852910.87,133848.26,77621.3,81,Accessories,5,2,Damaged Product,Medium,Resolved,10,0,No,5.0,1,0.091,Late Delivery,10,51512.12,Yes,Yes,2.8,4.1,0.0,0,0,1,4.5,2,10.7,25.2,No,3.4,4.7,3.4,3.6,3.5,25,8.0,16.96,0.297,No,Yes,3,Dormant,Yes,No,No,Yes,Not Churned,,34.5
CUST11039,22,Female,Abia,Loyal,Google,2024-03-21,29,7,3,435521.11,141659.2,54402.09,134,Trousers,2,1,Price Increase,High,Escalated,6,1,Yes,3.3,2,0.286,Late Delivery,7,72705.43,Yes,No,4.0,2.6,1.4,1,0,0,5.0,1,4.6,9.5,No,4.0,4.1,4.0,4.5,4.1,16,7.4,7.68,0.11,Yes,No,0,Churned,No,Yes,No,No,No Longer Needed,1770163200000000000,29.3
CUST11040,61,Male,Enugu,High Value,Email,2025-07-10,13,10,4,249581.76,97905.63,24255.53,78,Bags,1,1,Long Waiting Time,Medium,Resolved,4,2,No,4.0,1,0.1,Damaged,8,22474.82,No,No,4.6,4.5,0.1,0,0,1,3.2,1,0.8,4.7,No,4.5,2.0,4.5,2.8,2.0,-23,7.9,12.33,0.248,No,No,0,At Risk,Yes,No,Yes,No,Not Churned,,9.8
CUST11041,31,Male,Ogun,Regular,Facebook,2025-04-15,16,10,5,247641.08,142678.56,27511.14,67,Accessories,1,1,Late Delivery,Medium,Pending,3,1,No,4.9,2,0.2,Changed Mind,2,46259.75,No,No,4.4,5.1,0.0,0,0,0,3.9,1,8.1,8.9,No,4.7,3.8,4.7,4.3,4.8,45,9.6,11.14,0.485,Yes,No,0,Retained,Yes,No,No,No,Not Churned,,9.4
CUST11042,28,Male,Plateau,Regular,Google,2023-03-19,42,7,5,288467.7,158205.69,36934.65,89,Shoes,4,4,Long Waiting Time,Low,Resolved,2,1,No,4.6,1,0.143,Wrong Color,3,21598.57,No,No,5.9,4.8,1.1,1,0,0,3.6,4,3.1,17.0,Yes,4.1,3.5,4.1,4.2,4.8,17,8.0,11.64,0.555,No,No,0,Dormant,Yes,No,No,Yes,Not Churned,,33.5
CUST11043,26,Female,Lagos,New Customer,Instagram,2023-07-12,38,11,2,307123.01,53256.58,28861.44,125,Accessories,3,0,No Complaint,None,No Complaint,0,0,No,,3,0.273,Wrong Size,2,61980.81,No,No,5.1,5.3,0.0,0,0,0,2.9,0,3.8,4.5,Yes,3.0,4.5,3.0,4.4,4.1,22,9.0,0.97,0.171,No,Yes,4,At Risk,Yes,No,Yes,No,Not Churned,,16.8
CUST11044,51,Male,Rivers,Regular,Google,2024-02-05,31,5,1,272470.73,46410.96,52496.88,50,Bags,2,0,No Complaint,None,No Complaint,0,0,No,,2,0.4,Product Description Inaccurate,1,78083.56,Yes,Yes,1.0,3.5,0.0,0,0,0,3.9,1,7.7,10.8,Yes,5.0,4.7,5.0,4.6,5.0,59,9.0,5.78,0.388,No,No,0,Retained,Yes,No,No,No,Not Churned,,7.0
CUST11045,29,Male,Anambra,Regular,Referral,2023-04-19,41,11,9,455681.93,315677.9,38636.88,132,Shoes,4,1,Product Not as Described,Medium,Resolved,5,1,No,4.8,0,0.0,No Return,0,0.0,No,No,6.2,2.8,3.4,3,0,0,2.4,1,1.3,5.0,No,5.0,4.7,5.0,3.0,3.3,16,6.5,4.13,0.507,Yes,No,0,Churned,No,Yes,No,No,Website/App Problems,1771200000000000000,56.5
CUST11046,52,Male,Lagos,New Customer,Email,2025-03-02,18,8,4,461690.17,207476.46,52949.59,80,Tops,1,2,Refund Delayed,Medium,Pending,4,2,No,4.2,1,0.125,Not as Expected,3,47384.06,No,No,5.8,4.6,1.2,2,0,0,4.4,2,9.0,13.6,No,3.2,4.4,3.2,4.4,3.8,61,8.8,4.92,0.257,No,No,0,Dormant,Yes,No,No,Yes,Not Churned,,16.9
CUST11047,52,Female,Cross River,Regular,Referral,2023-09-20,35,12,0,518884.37,0.0,43380.32,18,Trousers,2,1,Return Difficulty,Critical,Resolved,4,0,No,4.7,2,0.167,Poor Quality,9,60592.68,No,No,7.2,5.2,2.0,0,1,0,2.7,1,1.3,15.0,No,4.3,3.8,4.3,3.6,3.6,22,8.3,11.68,0.245,No,No,0,Retained,Yes,No,No,No,Not Churned,,18.2
CUST11048,18,Female,Lagos,Regular,Website,2023-11-25,33,7,2,176013.48,41916.31,23095.44,99,Electronics,5,0,No Complaint,None,No Complaint,0,0,No,,1,0.143,Defective,3,11123.53,No,No,2.6,3.5,0.0,0,0,0,4.1,4,6.6,9.9,Yes,3.4,3.8,3.4,3.6,3.5,-1,6.5,4.06,0.077,No,No,0,Churned,No,Yes,No,No,Negative Overall Experience,1769558400000000000,37.4
CUST11049,57,Female,Lagos,Regular,Referral,2023-12-29,32,7,5,94061.16,73058.29,14740.98,69,Tops,3,1,Exchange Difficulty,Medium,Resolved,10,0,No,4.2,0,0.0,No Return,0,0.0,No,No,4.4,3.3,1.1,3,0,0,4.6,1,0.8,10.0,No,3.3,4.2,3.3,4.1,4.5,28,6.3,12.03,0.296,No,No,0,Retained,Yes,No,No,No,Not Churned,,9.0
CUST11050,39,Female,Delta,Regular,Instagram,2023-09-16,36,12,5,276476.41,110136.72,22545.27,84,Accessories,1,2,Order Cancellation,High,Resolved,4,1,No,5.0,0,0.0,No Return,0,0.0,No,No,4.4,4.6,0.0,0,0,0,4.4,2,0.9,10.0,No,3.7,4.3,3.7,3.9,2.9,36,7.9,6.82,0.305,No,No,0,Dormant,Yes,No,No,Yes,Not Churned,,11.0
CUST11051,46,Female,Oyo,New Customer,Google,2023-03-26,41,9,5,703331.98,469464.39,88212.21,142,Beauty,1,3,Late Delivery,Low,Resolved,2,1,No,4.5,2,0.222,Changed Mind,9,74077.66,No,No,5.6,4.7,0.9,0,0,1,3.4,3,3.5,4.8,Yes,3.7,2.5,3.7,3.6,3.4,54,7.4,6.8,0.274,No,No,0,At Risk,Yes,No,Yes,No,Not Churned,,26.1
CUST11052,25,Female,Oyo,Loyal,Referral,2023-11-04,34,13,6,658941.78,272768.14,51215.7,42,Dresses,4,5,Order Cancellation,Low,Pending,10,0,No,2.8,0,0.0,No Return,0,0.0,No,No,4.7,5.0,0.0,0,0,0,3.4,5,1.1,10.0,No,3.4,5.0,3.4,3.9,4.1,31,9.1,9.11,0.322,No,No,0,At Risk,Yes,No,Yes,No,Not Churned,,10.0
CUST11053,28,Female,Abia,Loyal,Email,2023-09-19,35,9,0,298399.59,0.0,33884.47,114,Trousers,3,0,No Complaint,None,No Complaint,0,0,No,,2,0.222,Late Delivery,2,35163.32,No,No,6.9,4.7,2.2,3,1,0,2.9,1,2.5,6.9,Yes,3.0,4.0,3.0,3.5,3.4,27,7.6,0.63,0.227,No,No,0,Dormant,Yes,No,No,Yes,Not Churned,,15.7
CUST11054,58,Male,Rivers,Regular,Website,2025-03-07,18,5,2,356715.23,134828.3,62357.58,35,Accessories,1,2,Issue Not Resolved,Low,Resolved,5,2,No,4.8,0,0.0,No Return,0,0.0,No,No,4.3,3.7,0.6,0,0,1,4.0,2,0.9,5.1,No,3.9,4.5,3.9,4.1,3.7,37,9.6,8.36,0.028,No,Yes,6,Retained,Yes,No,No,No,Not Churned,,30.1
CUST11055,54,Female,Ogun,New Customer,Facebook,2024-09-22,23,7,2,224719.07,68206.37,32511.75,35,Tops,1,1,Refund Rejected,Low,Resolved,10,1,No,4.6,1,0.143,Changed Mind,6,27384.47,No,No,4.0,3.8,0.2,0,0,0,4.2,2,2.9,10.0,No,3.9,4.2,3.9,4.3,3.8,23,8.8,7.06,0.187,No,Yes,3,Retained,Yes,No,No,No,Not Churned,,4.6
CUST11056,31,Female,Ogun,Loyal,Facebook,2024-11-10,22,7,1,266099.82,33770.68,33793.01,123,Trousers,1,2,Late Delivery,Low,Resolved,1,2,No,4.3,0,0.0,No Return,0,0.0,No,No,5.3,4.9,0.4,0,0,0,4.3,2,2.4,8.7,No,4.3,4.6,4.3,4.4,4.7,32,8.0,6.5,0.493,Yes,No,0,Churned,No,Yes,No,No,Better Alternative,1772668800000000000,36.6
CUST11057,47,Male,Ogun,High Value,Facebook,2025-05-14,15,9,2,345468.87,80212.33,38480.44,115,Dresses,4,2,App Crash,Low,Closed,8,1,No,3.7,1,0.111,Defective,5,14831.99,No,No,3.0,3.3,0.0,0,1,1,4.0,2,2.3,8.0,No,4.2,3.6,4.2,3.7,3.0,1,6.9,12.69,0.119,Yes,No,0,Churned,No,Yes,No,No,Too Many Delivery Problems,1770163200000000000,56.6
CUST11058,52,Male,Lagos,Regular,Website,2023-11-20,33,12,4,322828.09,101102.5,26271.44,113,Shoes,1,1,Stock Availability,Critical,Escalated,10,4,Yes,5.0,3,0.25,,7,31587.0,Yes,Yes,2.4,2.8,0.0,1,0,1,3.7,2,4.3,12.8,No,5.0,4.0,5.0,4.5,4.0,51,6.9,3.63,0.3,No,No,0,Dormant,Yes,No,No,Yes,Not Churned,,14.2
CUST11059,38,Male,Imo,Regular,Website,2025-07-13,13,7,3,142503.55,67525.44,20886.21,155,Electronics,4,0,No Complaint,None,No Complaint,0,0,No,,1,0.143,Defective,1,19438.73,No,No,5.7,3.2,2.5,2,0,0,3.2,3,3.6,7.4,Yes,4.0,4.7,4.0,4.6,4.2,14,8.6,2.45,0.178,No,No,0,At Risk,Yes,No,Yes,No,Not Churned,,19.7
CUST11060,54,Other,Kaduna,Regular,Website,2024-12-27,20,12,4,498668.75,157872.32,39471.47,55,Electronics,5,3,Late Delivery,Low,Resolved,4,2,No,3.3,0,0.0,No Return,0,0.0,No,No,2.5,4.0,0.0,1,0,0,3.9,3,1.0,10.1,No,4.1,4.1,4.1,4.0,4.0,10,8.3,17.76,0.031,No,Yes,3,Retained,Yes,No,No,No,Not Churned,,9.2
CUST11061,22,,Edo,Regular,Google,2025-09-04,12,12,1,418774.34,33098.81,32325.93,36,Accessories,5,1,Late Delivery,Low,Pending,1,3,No,4.7,1,0.083,Defective,8,29228.0,No,No,6.0,4.2,1.8,4,0,0,4.0,3,5.6,9.2,No,3.1,4.3,3.1,4.5,5.0,38,10.0,10.54,0.091,No,Yes,3,Retained,Yes,No,No,No,Not Churned,,23.4
CUST11062,36,Male,Anambra,New Customer,Referral,2023-08-05,37,13,2,405917.36,57846.78,28552.31,21,Trousers,5,4,Wrong Product,Low,Resolved,2,3,No,4.8,0,0.0,No Return,0,0.0,No,No,1.7,2.7,0.0,0,0,1,3.4,4,6.0,9.1,No,3.9,4.4,3.9,4.4,4.1,31,8.6,12.05,0.404,No,Yes,3,Retained,Yes,No,No,No,Not Churned,,3.6
CUST11063,31,Female,Oyo,Regular,Google,2024-03-23,29,9,1,397565.99,42138.94,41386.08,28,Dresses,5,1,Website Error,Low,Resolved,6,3,No,4.5,1,0.111,Duplicate Order,4,16259.74,Yes,Yes,2.8,3.4,0.0,0,0,0,3.6,4,1.2,6.0,No,3.9,3.7,3.9,3.8,3.6,25,7.9,4.74,0.487,No,No,0,Retained,Yes,No,No,No,Not Churned,,4.1
CUST11064,43,Female,Imo,Loyal,Facebook,2023-11-15,34,6,3,155250.11,80923.62,26700.44,99,Bags,2,1,Order Cancellation,Low,Resolved,4,0,No,5.0,3,0.5,Not as Expected,4,53837.38,No,No,5.7,4.7,1.0,2,0,0,4.6,1,2.6,6.1,No,3.1,5.0,3.1,4.8,5.0,-1,6.6,8.73,0.102,No,No,0,Churned,No,Yes,No,No,Negative Overall Experience,1773619200000000000,21.5
CUST11065,21,Female,Enugu,Regular,Referral,2025-09-20,11,14,3,633980.27,121721.88,46720.45,43,Accessories,2,0,No Complaint,None,No Complaint,0,0,No,,1,0.071,Late Delivery,5,35926.33,No,No,4.7,5.1,0.0,0,0,1,4.6,4,2.1,2.5,Yes,4.8,3.6,4.8,4.1,3.7,13,8.5,1.52,0.446,Yes,No,0,Retained,Yes,No,No,No,Not Churned,,6.0
CUST11066,42,Female,Plateau,Regular,Instagram,2023-02-06,43,6,3,104825.2,53867.08,17938.43,137,Shoes,5,2,Missing Product,High,Escalated,3,1,Yes,3.6,1,0.167,Defective,8,6677.45,No,No,3.2,2.9,0.3,0,0,1,4.4,3,1.8,4.0,No,3.3,4.8,3.3,4.9,4.9,60,10.0,4.18,0.251,Yes,No,0,At Risk,Yes,No,Yes,No,Not Churned,,17.2
CUST11067,62,Female,Rivers,Regular,Instagram,2024-12-31,20,13,2,200763.92,36286.66,17347.93,12,Electronics,5,2,Repeated Issue,Low,Pending,2,1,No,4.6,0,0.0,No Return,0,0.0,No,No,3.3,4.1,0.0,0,0,2,3.7,2,10.0,12.1,Yes,3.5,4.8,3.5,3.8,3.8,56,8.3,8.52,0.16,No,No,0,Retained,Yes,No,No,No,Not Churned,,1.9
CUST11068,59,Male,Anambra,Regular,Website,2025-10-07,10,10,3,192700.8,43313.4,16983.67,67,Bags,3,1,Poor Customer Service,Low,Resolved,3,2,No,4.7,0,0.0,No Return,0,0.0,No,No,4.0,2.9,1.1,2,1,0,3.7,1,7.9,13.4,No,4.1,3.9,4.1,2.8,2.6,-8,6.1,13.91,0.296,No,Yes,1,At Risk,Yes,No,Yes,No,Not Churned,,8.7
CUST11069,42,Male,Rivers,New Customer,TikTok,2025-11-23,9,10,5,300163.1,172617.32,32177.14,93,Dresses,1,7,Product Not as Described,High,Resolved,2,0,No,3.9,1,0.1,Not as Expected,8,21072.26,No,No,3.5,4.7,0.0,0,0,2,3.7,7,4.0,12.9,Yes,4.0,3.6,4.0,3.8,3.3,0,6.1,6.68,0.168,Yes,No,0,At Risk,Yes,No,Yes,No,Not Churned,,43.5
CUST11070,35,Male,Kaduna,New Customer,Google,2023-02-08,43,6,3,92944.76,54783.76,16783.34,58,Bags,3,1,Return Difficulty,Low,Resolved,1,2,No,3.9,0,0.0,No Return,0,0.0,No,No,3.7,3.0,0.7,1,1,0,3.2,2,3.6,11.1,No,3.1,4.0,3.1,3.6,3.2,22,6.6,5.45,0.391,No,No,0,Retained,Yes,No,No,No,Not Churned,,7.7
CUST11071,57,Female,Delta,Loyal,Referral,2023-07-28,37,10,2,759730.31,130229.33,73822.17,41,Shoes,3,1,Refund Delayed,Medium,Resolved,5,2,No,3.5,2,0.2,Wrong Color,3,115090.47,No,No,5.0,2.8,2.2,5,0,1,2.3,1,2.6,12.3,No,4.4,4.0,4.4,3.6,3.3,-17,7.4,2.9,0.432,No,No,0,Retained,Yes,No,No,No,Not Churned,,6.5
CUST11072,25,Male,Delta,New Customer,Google,2025-04-09,17,10,1,647345.25,71329.84,72507.13,162,Electronics,3,1,Repeated Issue,High,Resolved,3,1,No,3.4,1,0.1,Product Description Inaccurate,9,30792.11,No,No,6.2,3.8,2.4,3,0,0,3.1,1,3.4,6.5,No,3.6,4.3,3.6,3.5,3.0,3,6.7,7.26,0.09,No,Yes,4,At Risk,Yes,No,Yes,No,Not Churned,,43.1
CUST11073,56,Male,Lagos,Loyal,TikTok,2025-05-05,16,18,4,770611.96,135863.74,38701.04,69,Trousers,3,0,No Complaint,None,No Complaint,0,0,No,,1,0.056,Damaged,2,36612.22,No,No,5.1,2.8,2.3,5,0,1,2.3,1,2.0,8.2,Yes,4.4,3.9,4.4,3.4,3.2,14,6.3,2.63,0.234,No,No,0,Retained,Yes,No,No,No,Not Churned,,9.9
CUST11074,57,Female,Abia,High Value,Website,2026-03-21,5,9,2,501838.23,91961.56,49938.29,56,Bags,3,3,Wrong Product,Low,Resolved,1,3,No,3.8,0,0.0,No Return,0,0.0,No,No,3.2,4.9,0.0,0,0,0,4.6,3,0.4,1.8,No,3.5,3.3,3.5,3.4,2.7,4,4.8,5.96,0.363,No,No,0,Retained,Yes,No,No,No,Not Churned,,7.0
CUST11075,31,Male,Delta,Regular,Website,2025-06-17,14,15,1,314921.95,21376.77,21262.52,25,Dresses,3,3,Missing Product,Medium,Resolved,3,0,No,4.9,2,0.133,Not as Expected,7,39883.42,No,No,5.8,5.0,0.8,2,1,0,3.5,3,6.3,14.2,No,3.3,3.7,3.3,3.3,3.2,9,7.2,1.29,0.214,No,No,0,Retained,Yes,No,No,No,Not Churned,,12.2
CUST11076,49,Female,Rivers,Regular,TikTok,2024-08-23,24,9,4,573775.85,206662.87,55811.8,58,Bags,5,2,Late Delivery,High,Resolved,3,1,No,4.2,0,0.0,No Return,0,0.0,No,No,6.0,4.0,2.0,2,0,0,3.6,2,7.4,18.2,No,4.2,3.8,4.2,4.3,4.6,52,6.9,3.4,0.104,No,Yes,1,Retained,Yes,No,No,No,Not Churned,,7.6
CUST11077,55,Female,Enugu,Regular,Facebook,2025-01-29,19,14,5,374418.65,130105.22,27641.16,64,Bags,3,2,Duplicate Charge,Low,Resolved,4,1,No,5.0,1,0.071,Wrong Color,6,21011.57,No,No,5.4,4.2,1.2,3,0,0,4.6,2,6.3,9.0,No,4.6,3.4,4.6,4.6,4.3,71,9.9,5.54,0.184,No,No,0,Retained,Yes,No,No,No,Not Churned,,29.5
CUST11078,50,Male,Abia,Loyal,Google,2026-01-07,7,9,2,267156.49,64757.86,31237.7,68,Beauty,2,2,Price Increase,Medium,Closed,1,1,No,4.5,0,0.0,No Return,0,0.0,No,No,1.0,2.9,0.0,1,0,0,3.7,2,2.6,3.1,Yes,3.9,4.1,3.9,4.0,3.1,61,6.6,1.41,0.488,Yes,No,0,Churned,No,Yes,No,No,Lack of Product Availability,1781827200000000000,17.1
CUST11079,40,Female,Lagos,High Value,Google,2024-03-09,30,11,2,367838.18,57932.76,29148.68,30,Shoes,1,2,Order Cancellation,Medium,Resolved,4,3,No,4.2,0,0.0,No Return,0,0.0,No,No,1.8,3.3,0.0,0,0,2,4.9,2,7.0,11.6,No,3.2,3.8,3.2,3.7,4.3,23,6.8,4.91,0.17,No,No,0,Retained,Yes,No,No,No,Not Churned,,4.1
CUST11080,32,Female,Kano,Loyal,Google,2025-04-21,16,6,3,129247.78,66801.39,22732.9,44,Beauty,2,0,No Complaint,None,No Complaint,0,0,No,,0,0.0,No Return,0,0.0,No,No,3.5,2.9,0.6,1,0,0,4.1,2,5.7,14.8,Yes,3.9,4.5,3.9,4.0,3.9,-15,8.4,8.97,0.209,No,Yes,2,Retained,Yes,No,No,No,Not Churned,,21.8
CUST11081,50,Male,Ogun,New Customer,TikTok,2023-02-01,43,19,4,804374.22,157672.87,42337.68,133,Accessories,4,1,Return Difficulty,High,Resolved,6,3,No,3.8,2,0.105,Duplicate Order,3,65036.7,No,No,4.2,3.1,1.1,3,0,1,3.8,1,5.5,7.3,No,2.9,4.2,2.9,3.7,3.6,38,6.4,2.94,0.262,No,Yes,2,Churned,No,Yes,No,No,Better Alternative,1769385600000000000,54.1
CUST11082,42,Male,Anambra,Loyal,Google,2026-01-15,7,8,2,206385.8,50650.29,24682.47,51,Dresses,2,2,Product Not as Described,High,Pending,3,1,No,3.7,1,0.125,Late Delivery,3,16116.42,Yes,Yes,4.8,3.7,1.1,1,0,0,3.9,2,16.5,22.8,No,4.8,4.5,4.8,4.3,4.0,21,8.3,0.84,0.06,Yes,No,0,Retained,Yes,No,No,No,Not Churned,,7.2
CUST11083,34,Female,Abia,Regular,Instagram,2024-01-28,31,14,2,381841.52,53923.17,28202.74,21,Tops,4,1,Late Delivery,Critical,Resolved,7,3,No,4.4,0,0.0,No Return,0,0.0,No,No,4.8,4.5,0.3,0,0,1,3.7,2,2.9,7.9,No,3.9,5.0,3.9,4.3,4.5,15,8.7,0.57,0.205,Yes,No,0,Retained,Yes,No,No,No,Not Churned,,20.3
CUST11084,50,Female,Kaduna,Regular,Google,2025-06-28,14,22,10,233023.82,115714.18,10767.08,41,Electronics,5,2,Poor Product Quality,Low,Resolved,5,1,No,4.8,0,0.0,No Return,0,0.0,No,No,4.4,4.7,0.0,1,0,2,3.7,2,6.5,9.3,No,4.1,4.3,4.1,4.2,3.5,11,5.5,1.28,0.446,Yes,Yes,7,Retained,Yes,No,No,No,Not Churned,,5.1
CUST11085,64,Female,Lagos,New Customer,Email,2023-07-11,38,12,3,494008.87,114973.95,38309.34,102,Dresses,4,0,No Complaint,None,No Complaint,0,0,No,,2,0.167,Wrong Size,1,51002.69,No,No,2.7,3.8,0.0,1,0,0,4.1,1,7.3,11.1,Yes,4.6,4.0,4.6,4.4,4.5,58,10.0,1.18,0.148,Yes,No,0,Churned,No,Yes,No,No,Too Many Delivery Problems,1783382400000000000,41.3
CUST11086,19,Male,Cross River,Regular,Facebook,2023-09-27,35,9,5,294746.19,149944.26,30458.58,76,Dresses,3,2,Late Delivery,Medium,Closed,5,2,No,4.3,1,0.111,Wrong Item,4,12405.59,Yes,Yes,4.0,3.4,0.6,1,1,0,3.4,2,6.7,11.4,No,3.6,3.9,3.6,3.6,3.1,8,7.3,2.92,0.508,No,No,0,Dormant,Yes,No,No,Yes,Not Churned,,25.9
CUST11087,31,Female,Rivers,Loyal,Referral,2025-01-07,20,8,4,178918.88,85692.33,20387.72,17,Dresses,3,2,Stock Availability,High,Closed,4,1,No,5.0,1,0.125,Wrong Size,9,10424.73,No,No,8.4,4.9,3.5,2,0,0,3.9,2,2.7,9.2,No,4.2,3.8,4.2,3.4,2.5,-35,6.0,8.76,0.274,No,No,0,Retained,Yes,No,No,No,Not Churned,,4.2
CUST11088,57,Female,Anambra,Regular,Google,2023-03-18,42,15,3,445345.65,83166.64,28539.58,42,Accessories,3,3,Late Delivery,High,Resolved,2,3,No,5.0,1,0.067,Wrong Size,9,10171.46,No,No,6.1,3.8,2.3,3,0,0,3.7,3,16.4,22.5,No,5.0,3.6,5.0,4.2,4.2,54,7.0,12.0,0.138,No,Yes,7,Retained,Yes,No,No,No,Not Churned,,10.3
CUST11089,57,Male,Enugu,Regular,Instagram,2025-01-04,20,7,5,168916.92,117682.96,25588.2,65,Dresses,4,2,Poor Customer Service,Medium,Resolved,10,4,Yes,4.1,1,0.143,Wrong Color,6,15111.2,No,No,5.2,4.2,1.0,1,0,0,4.5,2,13.5,15.8,No,3.5,4.5,3.5,4.1,3.8,37,6.6,0.27,0.29,No,No,0,Retained,Yes,No,No,No,Not Churned,,12.0
CUST11090,56,Female,Abuja,Regular,Google,2025-06-02,15,11,4,162562.15,54166.84,15236.39,63,Beauty,4,1,Delivery Fee,Low,Resolved,2,0,No,4.3,2,0.182,Wrong Item,3,27583.59,No,No,5.1,3.3,1.8,1,0,0,3.4,2,4.4,10.3,Yes,3.2,2.6,3.2,2.7,3.0,5,4.3,4.93,0.363,No,Yes,3,At Risk,Yes,No,Yes,No,Not Churned,,12.9
CUST11091,23,Female,Plateau,Loyal,TikTok,2026-04-05,4,11,2,861889.61,138187.89,69759.83,90,Dresses,4,2,Wrong Product,Low,Resolved,1,2,No,4.9,2,0.182,Not as Expected,2,115968.13,Yes,Yes,4.8,2.7,2.1,1,1,1,3.6,3,1.5,5.3,No,4.5,3.5,4.5,3.8,2.9,23,7.2,4.46,0.294,Yes,No,0,Dormant,Yes,No,No,Yes,Not Churned,,11.5
CUST11092,23,Female,Kaduna,Loyal,Referral,2023-10-11,35,6,3,408470.62,181144.13,63146.29,78,Bags,1,1,Poor Product Quality,Low,Pending,2,0,No,4.3,1,0.167,Wrong Item,4,24280.19,No,No,4.6,3.0,1.6,0,0,0,4.7,1,1.0,2.9,Yes,4.4,4.5,4.4,5.0,5.0,49,10.0,0.12,0.212,No,No,0,Dormant,Yes,No,No,Yes,Not Churned,,16.7
CUST11093,20,Male,Rivers,Regular,Website,2026-01-17,7,7,3,285154.08,128371.8,45073.86,93,Accessories,1,3,Poor Product Quality,Medium,Closed,4,3,No,5.0,0,0.0,No Return,0,0.0,No,No,5.9,4.6,1.3,0,0,0,4.3,3,6.9,7.0,No,3.8,3.4,3.8,3.7,3.2,10,6.5,16.16,0.039,Yes,No,0,Dormant,Yes,No,No,Yes,Not Churned,,39.6
CUST11094,24,Female,Kaduna,New Customer,Facebook,2024-06-27,26,12,0,757745.42,0.0,58280.41,48,Dresses,1,0,No Complaint,None,No Complaint,0,0,No,,2,0.167,Damaged,6,91685.81,No,No,4.5,3.3,1.2,2,0,0,3.7,0,11.2,16.6,Yes,4.9,4.2,4.9,4.2,4.1,54,8.5,2.85,0.138,No,No,0,Churned,No,Yes,No,No,No Longer Needed,1787702400000000000,36.5
CUST11095,25,Female,Oyo,Regular,Instagram,2024-10-10,23,13,3,317453.42,76933.62,25193.5,51,Electronics,3,0,No Complaint,None,No Complaint,0,0,No,,1,0.077,Defective,2,20585.01,No,No,1.8,2.9,0.0,0,0,0,4.9,3,4.6,6.1,Yes,4.7,3.3,4.7,4.3,4.0,37,7.8,4.55,0.388,Yes,Yes,1,Retained,Yes,No,No,No,Not Churned,,7.4
CUST11096,59,Male,Abuja,High Value,Website,2026-03-25,5,13,3,367103.49,93651.47,31862.4,44,Tops,5,1,Rude Staff,Critical,Resolved,4,1,No,4.6,2,0.154,Duplicate Order,10,47438.0,Yes,Yes,6.5,4.4,2.1,5,0,0,3.8,1,5.7,14.4,No,4.2,3.9,4.2,3.6,3.1,39,4.0,3.14,0.195,No,Yes,1,Churned,No,Yes,No,No,No Longer Needed,1771200000000000000,29.4
CUST11097,32,Female,Anambra,Regular,Google,2023-09-07,36,13,2,325167.59,48724.02,24750.35,50,Shoes,2,5,Duplicate Charge,Medium,Resolved,2,3,No,3.6,1,0.077,Poor Quality,9,9650.28,Yes,Yes,5.6,3.9,1.7,3,0,1,4.9,5,11.3,16.9,No,3.5,3.8,3.5,4.3,4.1,34,9.8,16.64,0.226,No,No,0,Churned,No,Yes,No,No,Poor Product Quality,1786320000000000000,54.4
CUST11098,64,Female,Delta,Regular,Referral,2023-04-05,41,13,3,525079.82,100428.04,36110.99,26,Beauty,1,2,Long Waiting Time,Critical,Resolved,1,0,No,4.6,1,0.077,Product Description Inaccurate,3,26779.57,Yes,Yes,1.8,2.6,0.0,0,0,0,4.3,2,9.1,13.1,Yes,4.2,4.6,4.2,4.8,4.3,41,9.8,0.59,0.533,No,No,0,Retained,Yes,No,No,No,Not Churned,,5.6
CUST11099,46,Female,Rivers,Regular,Website,2023-01-17,44,13,1,657700.83,50766.33,50593.67,151,Electronics,2,2,Exchange Difficulty,Medium,Resolved,8,2,No,3.1,0,0.0,No Return,0,0.0,No,No,4.5,5.5,0.0,0,0,0,4.9,2,13.4,15.7,No,4.0,4.8,4.0,4.4,5.0,63,9.1,3.32,0.138,No,No,0,Churned,No,Yes,No,No,Better Alternative,1781222400000000000,59.6
CUST11100,50,Female,Kaduna,Regular,Google,2023-04-27,40,10,2,354039.05,58701.89,30867.17,41,Beauty,1,1,Poor Customer Service,Medium,Resolved,3,3,No,3.5,0,0.0,No Return,0,0.0,No,No,3.1,3.6,0.0,0,0,0,3.8,1,1.9,7.6,No,4.8,4.0,4.8,4.2,4.8,17,8.9,2.05,0.248,No,No,0,Retained,Yes,No,No,No,Not Churned,,5.3
CUST11101,47,Female,Anambra,Loyal,TikTok,2025-09-09,11,13,1,207997.7,17970.14,17239.69,73,Beauty,4,0,No Complaint,None,No Complaint,0,0,No,,2,0.154,Wrong Color,8,26105.51,No,No,6.6,4.5,2.1,5,0,0,3.7,2,6.1,11.8,Yes,4.0,3.3,4.0,3.2,3.8,-28,8.2,14.73,0.198,No,No,0,Retained,Yes,No,No,No,Not Churned,,16.4
CUST11102,56,Female,Delta,Regular,Instagram,2023-11-29,33,6,5,228369.6,191799.7,39047.86,52,Beauty,4,1,Issue Not Resolved,High,Resolved,7,0,No,3.9,1,0.167,Wrong Item,2,16154.23,No,No,5.2,5.5,0.0,1,0,0,4.6,1,11.4,12.9,No,4.1,4.0,4.1,3.9,3.6,18,10.0,2.89,0.272,No,No,0,Retained,Yes,No,No,No,Not Churned,,6.6
CUST11103,44,Female,Enugu,New Customer,Facebook,2026-01-08,7,8,4,169364.91,88308.78,23935.47,52,Dresses,3,4,Stock Availability,Low,Resolved,2,2,No,4.8,2,0.25,Poor Quality,3,30161.35,No,No,4.1,4.4,0.0,0,0,0,5.0,4,4.3,6.6,No,3.8,3.6,3.8,3.9,3.6,7,9.4,9.22,0.089,No,No,0,Retained,Yes,No,No,No,Not Churned,,25.2
CUST11104,53,Female,Enugu,New Customer,Instagram,2024-10-07,23,15,6,671367.23,266544.46,50087.33,36,Tops,3,1,Issue Not Resolved,Medium,Pending,14,0,No,3.8,0,0.0,No Return,0,0.0,No,No,4.5,3.4,1.1,3,0,1,3.7,1,0.8,14.0,No,4.0,4.0,4.0,3.4,3.5,0,7.1,2.3,0.76,No,No,0,Retained,Yes,No,No,No,Not Churned,,4.9
CUST11105,46,Male,Kaduna,Regular,Website,2023-04-26,40,12,3,921379.57,241988.48,78696.67,35,Electronics,2,1,Poor Customer Service,Low,Escalated,2,3,Yes,3.7,2,0.167,Changed Mind,6,131339.7,No,No,3.9,4.0,0.0,2,0,1,2.5,1,2.1,9.4,No,4.6,3.4,4.6,3.9,3.3,14,8.2,16.21,0.119,Yes,Yes,7,Churned,No,Yes,No,No,Competitor,1774483200000000000,36.2
CUST11106,55,Other,Lagos,High Value,Facebook,2025-08-20,12,9,4,491378.85,201330.4,53387.63,100,Electronics,3,1,App Crash,High,Resolved,8,2,No,4.1,1,0.111,Duplicate Order,4,48516.77,No,No,2.1,2.8,0.0,0,0,0,4.3,2,1.9,15.0,No,3.1,4.4,3.1,4.2,3.9,34,9.2,1.33,0.184,No,Yes,6,Dormant,Yes,No,No,Yes,Not Churned,,32.5
CUST11107,50,Male,Oyo,Regular,TikTok,2026-04-07,4,5,5,136190.98,124990.38,28853.55,53,Trousers,5,1,Poor Product Quality,Low,Pending,3,2,No,4.0,1,0.2,Duplicate Order,8,19033.92,No,No,1.0,3.0,0.0,0,0,1,3.5,1,1.6,9.9,No,4.4,3.8,4.4,4.1,3.7,13,6.5,7.82,0.534,Yes,No,0,Churned,No,Yes,No,No,Competitor,1780444800000000000,50.2
CUST11108,54,Male,Plateau,Loyal,Email,2025-04-26,16,17,2,531614.04,72941.48,33808.97,29,Accessories,5,1,Product Not as Described,Low,Closed,10,2,No,3.1,1,0.059,Not as Expected,1,23089.35,Yes,Yes,5.5,3.4,2.1,4,0,2,3.6,1,7.5,10.9,No,5.0,4.1,5.0,3.8,4.0,20,6.7,7.17,0.229,No,No,0,Churned,No,Yes,No,No,Better Alternative,1771459200000000000,12.1
CUST11109,44,Female,Lagos,Loyal,Referral,2023-11-12,34,12,3,364439.66,86807.37,30566.15,43,Accessories,5,1,Late Delivery,Medium,Resolved,6,0,No,4.9,2,0.167,Defective,4,24299.28,No,No,2.6,2.8,0.0,0,0,0,4.0,1,12.0,14.8,No,4.0,3.2,4.0,3.3,2.9,6,5.5,14.4,0.457,No,Yes,4,Retained,Yes,No,No,No,Not Churned,,10.5
CUST11110,50,Male,Oyo,Regular,Referral,2025-03-20,17,7,2,134793.19,43103.61,20793.15,106,Electronics,3,1,Poor Product Quality,Medium,Resolved,17,1,No,3.0,1,0.143,Wrong Size,9,12133.86,Yes,Yes,4.6,2.8,1.8,3,0,0,3.7,2,5.6,17.0,No,2.8,4.7,2.8,3.5,3.5,12,7.2,3.12,0.345,No,No,0,Dormant,Yes,No,No,Yes,Not Churned,,14.8
CUST11111,21,Female,Rivers,New Customer,Google,2024-01-07,32,10,0,260575.69,0.0,24808.65,39,Electronics,1,5,Discount Not Applied,Low,Resolved,6,1,No,4.8,1,0.1,Changed Mind,7,10838.14,Yes,Yes,4.7,5.0,0.0,0,0,0,4.7,5,11.7,15.7,No,4.0,4.4,4.0,4.3,3.9,25,9.3,0.08,0.172,Yes,No,0,Churned,No,Yes,No,No,Website/App Problems,1775260800000000000,27.1
CUST11112,39,Male,Ogun,New Customer,Google,2025-01-29,19,10,2,338485.23,63818.41,29745.75,33,Accessories,2,5,Price Increase,Medium,Resolved,1,3,No,5.0,4,0.4,Damaged,3,91938.29,Yes,Yes,1.2,3.2,0.0,0,1,0,3.4,5,6.9,12.6,No,4.9,3.2,4.9,4.2,3.6,26,10.0,1.68,0.377,No,No,0,Churned,No,Yes,No,No,Payment Problems,1781222400000000000,47.3
CUST11113,19,Other,Abia,Loyal,Google,2025-05-26,15,11,3,347217.51,73949.76,28754.04,53,Dresses,2,0,No Complaint,None,No Complaint,0,0,No,,1,0.091,Wrong Color,4,26610.48,No,No,3.6,3.5,0.1,0,0,0,4.7,2,3.6,7.0,Yes,5.0,5.0,5.0,5.0,4.2,43,7.5,4.09,0.176,No,No,0,Churned,No,Yes,No,No,Price Too High,1769040000000000000,34.0
CUST11114,27,Male,Kano,Regular,Referral,2025-09-03,12,8,1,133432.46,16265.58,17779.47,106,Shoes,2,0,No Complaint,None,No Complaint,0,0,No,,0,0.0,No Return,0,0.0,No,No,1.0,3.0,0.0,0,0,0,4.2,0,1.9,10.7,Yes,3.5,4.1,3.5,4.1,3.8,18,8.4,11.85,0.332,No,No,0,Dormant,Yes,No,No,Yes,Not Churned,,14.4
CUST11115,22,Other,Kaduna,Regular,Email,2023-06-05,39,7,4,260223.77,129031.21,32701.1,31,Shoes,1,3,Long Waiting Time,Critical,Closed,1,2,No,4.6,0,0.0,No Return,0,0.0,No,No,2.2,3.7,0.0,0,0,1,4.1,3,23.6,24.0,No,3.0,3.6,3.0,3.3,2.2,-12,5.6,1.95,0.129,No,No,0,Retained,Yes,No,No,No,Not Churned,,6.5
CUST11116,27,Male,Plateau,Regular,Website,2024-09-05,24,11,3,370579.64,86880.01,31112.78,84,Electronics,3,2,Issue Not Resolved,Low,Resolved,2,0,No,4.6,1,0.091,Changed Mind,3,23277.58,Yes,Yes,4.2,4.6,0.0,0,0,0,4.4,2,6.1,15.6,Yes,4.3,4.0,4.3,4.7,4.4,39,9.7,2.68,0.066,Yes,No,0,Dormant,Yes,No,No,Yes,Not Churned,,39.1
CUST11117,50,Female,Edo,Loyal,Website,2025-11-02,10,9,3,90014.43,33709.82,10849.58,74,Dresses,1,2,Damaged Product,High,Resolved,7,0,No,3.6,1,0.111,Defective,12,10290.52,No,No,5.1,5.3,0.0,1,0,0,3.4,2,2.1,7.0,No,3.4,4.6,3.4,3.5,3.0,17,7.7,11.43,0.31,No,No,0,Retained,Yes,No,No,No,Not Churned,,26.7
CUST11118,55,Female,Ogun,New Customer,Website,2024-05-22,27,7,6,218758.75,184912.88,30152.31,152,Dresses,4,2,Damaged Product,Medium,Escalated,6,0,Yes,5.0,1,0.143,Wrong Color,8,11290.87,Yes,Yes,4.5,4.1,0.4,0,0,0,4.8,2,26.1,32.1,No,2.3,4.2,2.3,3.5,2.6,1,7.4,3.17,0.136,No,No,0,Churned,No,Yes,No,No,Website/App Problems,1787616000000000000,60.0
CUST11119,30,Male,Cross River,Regular,Google,2024-04-09,29,7,3,82777.82,26627.96,10364.53,74,Dresses,1,1,App Crash,Low,Closed,3,1,No,5.0,0,0.0,No Return,0,0.0,No,No,5.4,3.4,2.0,0,0,1,3.6,4,3.0,7.9,No,3.5,4.0,3.5,3.5,3.2,-10,8.2,1.96,0.176,No,Yes,3,Churned,No,Yes,No,No,Payment Problems,1781654400000000000,39.3
CUST11120,48,Female,Imo,Regular,Referral,2025-02-21,18,13,3,231232.19,58897.1,19629.85,37,Tops,3,3,Stock Availability,High,Closed,4,4,Yes,4.7,0,0.0,No Return,0,0.0,No,No,3.7,4.0,0.0,0,0,0,4.2,3,12.1,14.2,No,3.6,5.0,3.6,4.5,4.1,44,9.7,5.07,0.333,No,Yes,6,Retained,Yes,No,No,No,Not Churned,,12.3
CUST11121,64,Male,Kaduna,Regular,Website,2025-03-14,17,8,3,138275.96,57609.12,18133.67,42,Beauty,1,2,Issue Not Resolved,High,Resolved,5,3,No,3.6,0,0.0,No Return,0,0.0,No,No,1.1,2.9,0.0,0,0,0,3.8,2,1.5,7.1,No,3.3,4.7,3.3,4.0,4.2,-4,7.3,2.78,0.387,No,No,0,Retained,Yes,No,No,No,Not Churned,,5.2
CUST11122,53,Other,Abuja,Loyal,Google,2023-08-08,37,6,2,168516.65,53189.02,28629.94,38,Accessories,3,3,Duplicate Charge,Low,Resolved,1,0,No,5.0,0,0.0,No Return,0,0.0,No,No,6.9,4.5,2.4,1,0,0,3.9,3,7.1,18.5,Yes,4.9,4.8,4.9,4.8,4.9,46,8.2,3.57,0.279,Yes,No,0,Retained,Yes,No,No,No,Not Churned,,29.6
CUST11123,62,Female,Delta,New Customer,Email,2023-01-15,44,5,4,105087.03,81636.62,23065.37,80,Electronics,1,5,Poor Customer Service,Medium,Resolved,3,4,Yes,4.1,0,0.0,No Return,0,0.0,No,No,4.8,3.5,1.3,2,0,0,4.3,5,4.4,7.8,No,4.0,3.9,4.0,3.2,2.9,9,5.9,8.23,0.384,No,No,0,At Risk,Yes,No,Yes,No,Not Churned,,12.8
CUST11124,41,Male,Abuja,Loyal,Google,2023-04-27,40,11,1,287664.22,28159.4,27218.35,62,Shoes,1,1,Poor Product Quality,Medium,Closed,2,3,No,4.8,0,0.0,No Return,0,0.0,No,No,3.7,5.3,0.0,0,0,1,3.6,4,6.6,11.1,No,3.7,4.5,3.7,3.9,4.1,14,8.6,6.76,0.261,Yes,No,0,Retained,Yes,No,No,No,Not Churned,,8.0
CUST11125,32,Male,Enugu,Loyal,Referral,2023-11-27,33,8,2,679228.43,171108.85,79577.6,45,Shoes,2,1,Return Difficulty,Medium,Closed,4,2,No,4.4,2,0.25,Damaged,4,83784.76,No,No,5.6,4.5,1.1,1,0,0,3.8,1,1.2,4.6,No,3.7,4.4,3.7,3.7,3.7,61,9.1,5.93,0.157,No,No,0,Retained,Yes,No,No,No,Not Churned,,6.5
CUST11126,46,Male,Oyo,Regular,TikTok,2023-02-25,42,9,2,182655.86,40806.31,20116.97,98,Beauty,2,1,Discount Not Applied,High,Resolved,3,1,No,4.7,1,0.111,Wrong Color,6,13841.53,No,No,3.8,3.9,0.0,0,0,0,2.9,6,7.3,9.0,No,3.5,3.2,3.5,3.6,2.6,26,9.4,2.9,0.096,Yes,No,0,Dormant,Yes,No,No,Yes,Not Churned,,21.6
CUST11127,25,Male,Delta,Loyal,Email,2026-03-01,6,16,3,862455.36,172747.37,54245.75,82,Trousers,2,2,Login Problem,Critical,Resolved,2,1,No,4.4,1,0.062,Late Delivery,4,23102.54,No,No,2.4,3.2,0.0,0,0,0,4.6,2,9.6,19.4,Yes,3.2,3.6,3.2,4.2,3.5,38,10.0,5.0,0.072,No,No,0,Dormant,Yes,No,No,Yes,Not Churned,,13.2
CUST11128,22,Female,Ogun,Regular,Facebook,2023-11-04,34,13,4,552643.51,187625.32,42655.06,243,Accessories,3,1,Refund Delayed,Low,Pending,1,3,No,4.0,3,0.231,Changed Mind,13,59240.3,No,No,3.2,2.8,0.4,1,1,0,4.4,1,10.0,14.8,No,3.9,3.5,3.9,4.3,3.8,21,8.9,13.6,0.14,No,No,0,Churned,No,Yes,No,No,Payment Problems,1773446400000000000,49.9
CUST11129,46,Male,Enugu,New Customer,TikTok,2023-08-10,37,7,6,292016.43,224866.38,38444.75,27,Accessories,5,2,Late Delivery,Low,Resolved,8,1,No,3.8,1,0.143,Not as Expected,1,15328.81,Yes,Yes,3.4,3.1,0.3,2,0,0,4.4,2,6.8,28.8,No,4.3,4.2,4.3,4.5,4.5,37,8.8,1.1,0.267,No,No,0,Retained,Yes,No,No,No,Not Churned,,3.7
CUST11130,64,Male,Delta,Loyal,Referral,2026-04-11,4,9,3,597097.71,187963.83,57808.94,145,Beauty,5,0,No Complaint,None,No Complaint,0,0,No,,1,0.111,Poor Quality,4,25206.27,Yes,Yes,4.6,4.2,0.4,0,0,1,3.0,1,3.3,5.5,Yes,4.1,4.3,4.1,3.2,2.7,33,8.8,9.06,0.275,No,Yes,7,At Risk,Yes,No,Yes,No,Not Churned,,21.2
CUST11131,21,Female,Lagos,Regular,Facebook,2025-03-07,18,13,4,347330.43,96291.78,25716.47,21,Shoes,5,0,No Complaint,None,No Complaint,0,0,No,,0,0.0,No Return,0,0.0,No,No,4.1,4.1,0.0,0,0,1,3.6,0,8.3,14.3,Yes,3.6,4.7,3.6,4.3,4.3,65,9.4,4.49,0.248,No,No,0,Retained,Yes,No,No,No,Not Churned,,3.5
CUST11132,29,Female,Enugu,Loyal,Website,2026-03-26,5,9,5,290345.97,154376.07,29790.48,104,Accessories,5,2,Poor Customer Service,Low,Pending,2,2,No,5.0,0,0.0,No Return,0,0.0,No,No,1.2,2.5,0.0,0,0,0,3.7,2,3.4,3.7,No,3.3,3.3,3.3,3.9,3.8,12,9.8,7.08,0.032,No,Yes,1,Churned,No,Yes,No,No,Poor Product Quality,1784332800000000000,58.8
CUST11133,62,Male,Lagos,Regular,Referral,2023-05-31,39,9,2,188071.2,45833.0,21310.41,19,Accessories,3,4,Poor Product Quality,High,Resolved,2,5,Yes,5.0,0,0.0,No Return,0,0.0,No,No,5.1,4.7,0.4,0,1,1,3.3,4,17.5,20.6,No,,5.0,4.8,3.9,4.0,-1,8.1,2.8,0.23,No,No,0,Churned,No,Yes,No,No,Too Many Delivery Problems,1773100800000000000,27.3
CUST11134,19,Female,Lagos,High Value,TikTok,2023-04-22,40,8,3,90690.69,29968.61,10191.13,15,Shoes,2,3,Website Error,High,Closed,2,2,No,3.7,0,0.0,No Return,0,0.0,No,No,1.9,2.6,0.0,0,0,1,4.9,3,3.1,15.7,No,4.4,4.4,4.4,4.2,4.2,30,9.1,1.86,0.218,No,No,0,Retained,Yes,No,No,No,Not Churned,,2.6
CUST11135,44,Male,Delta,Regular,Google,2024-11-13,21,7,2,233977.22,67734.06,33644.41,81,Tops,2,2,Product Not as Described,Low,Closed,6,1,No,4.7,0,0.0,No Return,0,0.0,No,No,1.6,2.7,0.0,0,0,1,5.0,2,6.4,8.7,No,3.3,3.8,3.3,3.9,4.0,42,5.4,2.13,0.059,No,No,0,Dormant,Yes,No,No,Yes,Not Churned,,44.2
CUST11136,48,Male,Cross River,New Customer,Google,2026-03-07,5,14,6,1158916.26,479196.92,73095.77,41,Shoes,2,3,Poor Customer Service,Medium,Resolved,3,1,No,3.9,1,0.071,Wrong Color,5,45282.77,Yes,Yes,4.0,4.6,0.0,0,1,0,3.9,3,3.5,8.6,No,3.9,4.5,3.9,4.1,4.2,39,8.6,1.91,0.361,No,No,0,Retained,Yes,No,No,No,Not Churned,,9.8
CUST11137,53,Female,Anambra,Regular,Referral,2023-11-28,33,8,2,142412.79,30070.35,16471.58,44,Electronics,3,2,Failed Payment,Medium,Resolved,4,3,No,4.2,0,0.0,No Return,0,0.0,No,No,3.3,4.4,0.0,0,0,1,3.3,2,3.7,5.9,No,4.1,3.0,4.1,3.9,3.8,13,8.6,4.59,0.113,No,No,0,Retained,Yes,No,No,No,Not Churned,,48.2
CUST11138,53,Male,Abuja,Loyal,Google,2025-06-11,14,8,2,148057.49,32451.89,17280.13,224,Dresses,1,3,Discount Not Applied,High,Resolved,4,2,No,4.5,0,0.0,No Return,0,0.0,No,No,2.4,3.1,0.0,0,0,0,3.2,3,7.6,8.3,No,4.1,4.2,4.1,4.1,4.5,10,8.4,4.58,0.093,Yes,Yes,5,Churned,No,Yes,No,No,Competitor,1767657600000000000,56.7
CUST11139,43,Male,Enugu,Loyal,Facebook,2023-06-10,39,10,2,354125.82,77087.28,36952.14,31,Electronics,4,2,Late Delivery,Critical,Resolved,4,1,No,4.4,0,0.0,No Return,0,0.0,No,No,3.6,4.5,0.0,0,0,0,4.0,2,4.0,7.2,No,2.8,4.5,2.8,4.0,4.0,43,8.7,13.98,0.156,No,No,0,Retained,Yes,No,No,No,Not Churned,,8.7
CUST11140,60,Female,Cross River,Regular,Email,2023-10-05,35,10,4,314407.93,107418.9,28714.18,65,Accessories,3,1,Order Cancellation,Medium,Resolved,1,3,No,5.0,0,0.0,,0,0.0,No,No,1.0,2.6,0.0,0,0,0,3.2,1,7.6,12.6,No,5.0,4.0,5.0,4.4,4.1,32,7.9,4.06,0.192,Yes,No,0,Retained,Yes,No,No,No,Not Churned,,12.3
CUST11141,44,Female,Edo,Loyal,Referral,2025-06-15,14,15,4,896544.58,256650.47,65794.73,73,Dresses,1,0,No Complaint,None,No Complaint,0,0,No,,3,0.2,Damaged,1,173450.44,No,No,3.9,3.3,0.6,0,0,1,4.1,2,9.7,11.9,Yes,4.7,4.1,4.7,4.2,4.2,42,5.1,2.9,0.435,Yes,No,0,Retained,Yes,No,No,No,Not Churned,,10.1
CUST11142,22,Female,Anambra,Regular,TikTok,2024-05-11,28,9,2,231069.29,43202.58,25041.65,49,Electronics,2,5,Price Increase,High,Resolved,9,1,No,2.6,2,0.222,Damaged,4,41151.01,No,No,4.4,4.8,0.0,0,0,0,5.0,5,3.4,9.0,No,2.5,4.4,2.5,3.3,2.8,12,7.8,3.22,0.227,No,No,0,At Risk,Yes,No,Yes,No,Not Churned,,55.8
CUST11143,37,Female,Imo,Regular,Google,2024-10-16,22,9,3,648124.86,198578.67,66769.04,71,Beauty,2,2,Long Waiting Time,Medium,Pending,4,2,No,3.6,1,0.111,Duplicate Order,3,32717.95,No,No,4.2,3.9,0.3,0,0,1,4.6,2,6.2,9.3,No,4.1,3.3,4.1,4.3,5.0,40,7.1,7.36,0.7,No,No,0,Retained,Yes,No,No,No,Not Churned,,10.9
CUST11144,28,Male,Abuja,Loyal,Google,2025-11-25,9,9,2,398825.71,79763.82,39616.63,97,Beauty,5,3,Coupon Expired,Low,Resolved,1,2,No,4.4,0,0.0,No Return,0,0.0,No,No,5.7,5.1,0.6,1,0,0,4.7,3,8.8,11.8,No,,4.0,2.8,3.9,3.1,55,10.0,9.96,0.425,No,No,0,Dormant,Yes,No,No,Yes,Not Churned,,15.9
CUST11145,27,Female,Plateau,Loyal,Google,2023-10-30,34,6,2,341487.68,95864.7,55053.45,95,Dresses,5,0,No Complaint,None,No Complaint,0,0,No,,0,0.0,No Return,0,0.0,No,No,3.4,2.9,0.5,0,0,0,5.0,2,7.1,11.1,Yes,4.0,4.9,4.0,4.9,4.2,86,10.0,8.82,0.18,No,No,0,Dormant,Yes,No,No,Yes,Not Churned,,20.7
CUST11146,57,Male,Plateau,Loyal,Google,2024-03-13,30,7,1,144677.93,19824.53,21761.87,64,Beauty,1,2,Return Difficulty,Low,Closed,8,2,No,4.3,1,0.143,Wrong Size,4,11259.58,No,No,5.8,5.1,0.7,1,0,0,4.3,2,0.6,8.0,No,4.9,3.6,4.9,4.7,4.6,46,10.0,13.4,0.187,No,No,0,Retained,Yes,No,No,No,Not Churned,,8.2
CUST11147,55,Female,Abia,Loyal,Referral,2024-12-26,20,12,2,382803.88,55121.13,28759.95,16,Dresses,4,3,Price Increase,Medium,Resolved,4,1,No,5.0,0,0.0,No Return,0,0.0,No,No,4.2,4.0,0.2,1,0,0,4.1,3,4.9,9.8,No,3.1,3.7,3.1,3.0,2.4,26,4.7,14.76,0.063,No,No,0,Retained,Yes,No,No,No,Not Churned,,4.4
CUST11148,23,Female,Enugu,New Customer,Referral,2025-11-21,9,9,4,338638.18,144686.29,34603.67,21,Tops,1,1,Issue Not Resolved,Medium,Pending,3,2,No,3.1,2,0.222,Duplicate Order,7,27334.02,Yes,No,3.4,2.8,0.6,0,0,0,4.3,1,5.3,14.6,No,3.2,4.6,3.2,4.2,3.3,33,8.2,8.08,0.397,No,Yes,6,Retained,Yes,No,No,No,Not Churned,,4.8
CUST11149,25,Male,Ogun,Loyal,Google,2023-07-05,38,11,1,384178.29,32421.94,37902.03,41,Beauty,1,1,Wrong Product,Medium,Closed,6,2,No,4.8,1,0.091,Poor Quality,1,17069.98,Yes,No,1.0,2.6,0.0,1,0,0,3.1,1,3.7,6.0,No,3.8,4.4,3.8,3.6,4.0,39,6.9,6.39,0.354,Yes,Yes,4,Retained,Yes,No,No,No,Not Churned,,5.3
CUST11150,40,Male,Oyo,Regular,Instagram,2026-04-12,4,11,5,276749.75,105192.2,22553.17,85,Bags,4,3,Price Increase,Low,Closed,2,0,No,5.0,1,0.091,Poor Quality,5,19305.62,Yes,Yes,2.7,2.5,0.2,1,1,2,2.9,3,4.4,7.6,Yes,4.0,4.5,4.0,4.4,3.9,3,10.0,2.88,0.204,Yes,No,0,Churned,No,Yes,No,No,Price Too High,1769731200000000000,19.8
CUST11151,64,Female,Plateau,New Customer,Google,2024-11-03,22,12,1,343610.95,21396.46,25136.13,81,Trousers,1,2,Coupon Expired,Low,Resolved,2,1,No,4.6,0,0.0,No Return,0,0.0,No,No,4.6,4.4,0.2,0,0,1,3.7,2,3.0,4.7,Yes,3.9,5.0,3.9,4.2,4.1,48,7.9,7.52,0.269,Yes,No,0,Dormant,Yes,No,No,Yes,Not Churned,,14.7
CUST11152,43,Female,Abia,Regular,Instagram,2025-09-27,11,14,0,962105.53,0.0,67033.37,63,Shoes,1,1,Refund Rejected,High,Closed,5,2,No,4.3,1,0.071,Wrong Item,18,61360.69,No,No,3.0,3.2,0.0,2,0,0,4.8,2,1.6,6.6,No,5.0,3.8,5.0,4.5,4.1,51,9.0,2.75,0.288,No,No,0,Churned,No,Yes,No,No,Refund Problems,1786406400000000000,39.9
CUST11153,63,Female,Abuja,Regular,Instagram,2023-10-06,35,9,3,395429.18,144294.84,49347.06,12,Dresses,3,1,Issue Not Resolved,Low,Closed,2,3,No,5.0,0,0.0,No Return,0,0.0,No,No,3.2,2.9,0.3,2,0,0,3.5,1,9.0,9.7,No,4.5,4.1,4.5,4.0,4.1,10,7.3,7.57,0.17,No,No,0,Retained,Yes,No,No,No,Not Churned,,1.6
CUST11154,60,Female,Edo,Regular,Website,2024-11-13,21,9,1,179897.94,18421.56,17732.77,109,Electronics,4,3,Poor Product Quality,High,Escalated,4,2,Yes,5.0,3,0.333,Wrong Color,7,40017.83,No,No,2.9,4.3,0.0,0,0,0,4.0,3,6.0,12.7,No,3.5,3.4,3.5,4.4,4.4,23,9.8,14.61,0.295,Yes,No,0,Dormant,Yes,No,No,Yes,Not Churned,,15.0
CUST11155,29,Male,Kaduna,Regular,Referral,2025-10-22,10,10,2,331708.79,61825.22,36325.9,40,Trousers,2,0,No Complaint,None,No Complaint,0,0,No,,1,0.1,Wrong Color,2,29367.12,No,No,3.7,3.7,0.0,0,0,1,4.4,1,6.3,8.6,Yes,4.3,3.6,4.3,4.2,4.3,19,6.9,6.06,0.183,Yes,Yes,2,Retained,Yes,No,No,No,Not Churned,,19.8
CUST11156,43,Female,Rivers,New Customer,Referral,2026-04-04,5,9,1,540714.78,59435.46,57167.16,14,Shoes,5,2,Missing Product,Medium,Pending,8,0,No,4.7,1,0.111,Wrong Color,2,46623.22,No,No,4.0,3.8,0.2,0,0,0,4.5,2,14.3,20.0,No,4.6,4.7,4.6,4.8,4.2,57,10.0,3.66,0.194,No,No,0,Churned,No,Yes,No,No,No Longer Needed,1782172800000000000,36.1
CUST11157,30,Female,Lagos,Regular,Google,2025-10-07,10,10,1,222485.36,24152.29,22513.18,160,Electronics,2,3,Product Not as Described,Low,Pending,1,4,Yes,3.7,2,0.2,Late Delivery,4,36310.67,Yes,Yes,4.9,2.9,2.0,1,0,0,3.3,4,12.8,16.8,No,4.9,3.9,4.9,4.5,4.4,41,8.7,8.69,0.374,No,No,0,At Risk,Yes,No,Yes,No,Not Churned,,23.4
CUST11158,57,Female,Cross River,Regular,Website,2025-07-13,13,11,1,520770.36,38331.03,41244.76,87,Shoes,2,1,Repeated Issue,Low,Resolved,14,0,No,4.9,0,0.0,No Return,0,0.0,No,No,3.5,3.3,0.2,1,0,0,4.0,3,10.9,16.5,No,3.1,4.6,3.1,4.1,3.4,56,9.0,5.2,0.171,No,No,0,Dormant,Yes,No,No,Yes,Not Churned,,11.2
CUST11159,35,Male,Plateau,Regular,Referral,2026-02-07,6,9,5,427080.96,196402.8,42082.29,163,Beauty,5,3,App Crash,Medium,Resolved,2,1,No,5.0,1,0.111,Late Delivery,2,26006.55,Yes,Yes,2.0,2.8,0.0,0,0,0,3.9,3,6.6,12.7,Yes,3.8,4.4,3.8,4.1,3.6,-11,7.0,1.66,0.205,No,Yes,7,Churned,No,Yes,No,No,Website/App Problems,1786147200000000000,25.4
CUST11160,42,Other,Rivers,Regular,Website,2024-01-15,32,6,0,93167.3,0.0,14222.07,89,Shoes,5,2,Rude Staff,High,Closed,10,1,No,3.8,1,0.167,Changed Mind,8,12584.77,No,No,1.1,3.5,0.0,0,0,0,5.0,2,4.2,11.5,No,4.4,3.6,4.4,4.7,4.6,42,8.7,5.29,0.341,Yes,No,0,Dormant,Yes,No,No,Yes,Not Churned,,12.7
CUST11161,50,Female,Anambra,Loyal,Google,2025-04-14,16,11,2,226492.2,42215.57,22049.79,62,Bags,1,0,No Complaint,None,No Complaint,0,0,No,,3,0.273,Wrong Size,9,45785.52,Yes,Yes,3.4,3.4,0.0,0,0,1,4.5,3,12.1,19.2,Yes,3.9,3.9,3.9,4.2,4.0,31,8.0,4.09,0.329,No,No,0,Churned,No,Yes,No,No,Too Many Delivery Problems,1778976000000000000,10.7
CUST11162,64,Male,Kaduna,Loyal,Email,2025-09-25,11,8,3,212417.88,74772.84,24843.45,67,Beauty,4,2,Issue Not Resolved,High,Closed,3,3,No,5.0,2,0.25,Wrong Size,3,28527.87,No,No,5.5,4.8,0.7,0,1,0,3.4,2,5.3,13.6,No,3.5,3.0,3.5,3.6,3.2,3,8.0,2.05,0.273,Yes,No,0,Retained,Yes,No,No,No,Not Churned,,9.6
CUST11163,57,Female,Lagos,Loyal,Website,2023-10-12,35,17,0,562795.64,0.0,32002.21,69,Trousers,5,1,Damaged Product,Medium,Pending,1,0,No,5.0,3,0.176,Product Description Inaccurate,5,34422.92,No,No,5.7,5.5,0.2,0,0,0,4.4,3,2.3,5.5,Yes,4.5,3.9,4.5,3.7,3.2,21,5.7,1.37,0.053,No,No,0,Retained,Yes,No,No,No,Not Churned,,19.8
CUST11164,60,Female,Enugu,Regular,Website,2024-02-25,30,3,3,67584.47,67584.47,24579.47,28,Dresses,4,0,No Complaint,None,No Complaint,0,0,No,,3,1.0,Changed Mind,8,52700.91,No,No,6.9,5.5,1.4,0,0,0,3.6,0,6.7,8.9,Yes,3.5,3.7,3.5,4.3,4.1,16,7.7,5.13,0.389,No,No,0,Retained,Yes,No,No,No,Not Churned,,6.3
CUST11165,29,Male,Plateau,Loyal,Instagram,2023-04-23,40,10,2,422928.87,72752.32,38639.03,51,Electronics,1,1,Missing Product,High,Resolved,1,0,No,4.2,0,0.0,No Return,0,0.0,No,No,2.4,3.7,0.0,1,0,0,3.7,2,1.9,8.2,Yes,5.0,3.3,5.0,3.8,3.3,57,10.0,4.54,0.279,No,No,0,Retained,Yes,No,No,No,Not Churned,,9.6
CUST11166,61,Male,Anambra,New Customer,Facebook,2025-10-14,10,7,1,173516.0,27941.06,27440.29,19,Shoes,2,1,Unexpected Charge,High,Escalated,2,3,Yes,3.9,0,0.0,No Return,0,0.0,No,No,4.0,4.9,0.0,0,0,0,5.0,1,4.1,8.7,No,4.7,4.2,4.7,4.4,5.0,40,9.5,7.14,0.542,Yes,Yes,3,Retained,Yes,No,No,No,Not Churned,,25.3
CUST11167,53,Male,Edo,New Customer,Facebook,2023-08-16,37,12,2,183479.94,27635.32,15138.09,34,Accessories,5,2,Return Difficulty,Medium,Pending,3,2,No,4.5,2,0.167,Wrong Size,3,28672.09,Yes,Yes,6.2,3.3,2.9,8,1,1,2.5,2,13.7,18.1,No,3.8,5.0,3.8,3.5,3.6,6,7.4,9.4,0.199,No,No,0,Churned,No,Yes,No,No,Poor Product Quality,1776470400000000000,49.3
CUST11168,65,Male,Cross River,Regular,Facebook,2024-06-11,27,12,4,103911.61,36324.89,8701.31,22,Shoes,5,2,Delivery Fee,Medium,Resolved,4,3,No,4.3,1,0.083,Not as Expected,6,4144.34,No,No,3.2,2.9,0.3,1,0,0,3.9,2,4.4,15.4,No,3.7,4.6,3.7,3.6,3.4,31,8.0,3.81,0.269,Yes,No,0,Retained,Yes,No,No,No,Not Churned,,5.7
CUST11169,21,Female,Plateau,Loyal,Website,2024-05-10,28,13,0,352658.54,0.0,24713.71,153,Tops,1,4,Poor Customer Service,Medium,Resolved,2,0,No,5.0,0,0.0,No Return,0,0.0,No,No,4.1,4.4,0.0,1,0,0,4.0,4,0.7,2.6,Yes,4.3,4.0,4.3,4.5,4.5,39,6.5,3.72,0.49,No,No,0,At Risk,Yes,No,Yes,No,Not Churned,,46.7
CUST11170,22,Male,Delta,Regular,Instagram,2023-01-31,43,8,2,274438.67,67772.63,34461.87,57,Electronics,4,0,No Complaint,None,No Complaint,0,0,No,,1,0.125,Poor Quality,2,21993.0,No,No,3.7,3.9,0.0,0,0,1,3.0,0,0.7,8.5,Yes,4.2,3.8,4.2,3.6,3.8,62,6.8,1.08,0.09,No,No,0,Churned,No,Yes,No,No,Competitor,1772928000000000000,50.2
CUST11171,54,Female,Enugu,New Customer,Instagram,2023-06-11,39,6,1,204491.48,31035.21,31927.93,38,Accessories,4,3,Refund Rejected,Medium,Resolved,1,2,No,4.3,1,0.167,Changed Mind,9,25934.5,No,No,3.7,4.3,0.0,0,0,0,4.2,5,7.3,17.5,No,4.4,4.1,4.4,3.8,3.6,13,8.0,2.33,0.166,Yes,No,0,Retained,Yes,No,No,No,Not Churned,,5.0
CUST11172,25,Male,Abuja,New Customer,Facebook,2024-12-05,21,10,1,191913.59,20168.17,19017.72,22,Trousers,3,3,Unexpected Charge,Medium,Escalated,7,1,Yes,4.7,0,0.0,No Return,0,0.0,No,No,5.0,3.6,1.4,2,0,0,4.3,3,3.5,9.5,No,4.6,4.6,4.6,4.3,3.8,11,7.6,5.62,0.165,No,Yes,5,Retained,Yes,No,No,No,Not Churned,,5.2
CUST11173,59,Female,Delta,Loyal,Facebook,2024-12-22,20,12,0,594056.93,0.0,47731.72,109,Dresses,2,1,Price Increase,Low,Resolved,1,4,Yes,4.3,0,0.0,No Return,0,0.0,No,No,2.6,3.4,0.0,1,0,0,4.2,2,11.9,19.0,No,3.8,3.8,3.8,3.7,3.4,2,7.2,2.89,0.089,No,No,0,Dormant,Yes,No,No,Yes,Not Churned,,15.5
CUST11174,45,Male,Anambra,Loyal,Facebook,2024-03-21,29,4,3,99913.33,70559.7,26429.83,236,Tops,3,2,Damaged Product,Medium,Resolved,4,1,No,4.9,0,0.0,No Return,0,0.0,No,No,5.3,5.3,0.0,0,0,0,4.5,2,2.5,11.0,No,3.4,4.0,3.4,4.4,3.9,35,9.9,0.74,0.22,No,Yes,7,At Risk,Yes,No,Yes,No,Not Churned,,54.3
CUST11175,48,Female,Abuja,Regular,Website,2025-01-13,19,9,4,405038.55,193843.81,48150.31,9,Dresses,4,2,Stock Availability,Low,Closed,4,0,No,3.8,1,0.111,Damaged,2,33272.73,No,No,4.1,5.2,0.0,0,0,1,4.4,2,0.8,5.3,No,2.7,4.0,2.7,3.3,3.4,3,6.9,2.76,0.23,Yes,No,0,Retained,Yes,No,No,No,Not Churned,,2.1
CUST11176,26,Female,Edo,Regular,Referral,2024-03-02,30,12,2,630880.66,96006.95,49057.14,66,Shoes,3,1,Issue Not Resolved,Medium,Resolved,1,2,No,4.8,0,0.0,No Return,0,0.0,No,No,1.0,2.9,0.0,0,0,2,4.5,1,21.8,25.1,No,3.7,3.4,3.7,3.7,3.7,-8,5.1,2.79,0.508,No,No,0,Retained,Yes,No,No,No,Not Churned,,15.4
CUST11177,46,Male,Imo,Regular,Instagram,2024-05-18,27,9,2,389806.08,82278.68,47437.46,14,Accessories,4,3,Wrong Product,Medium,Resolved,1,0,No,4.2,3,0.333,Duplicate Order,5,87626.28,No,No,4.2,4.5,0.0,0,0,0,4.1,3,2.2,5.0,Yes,4.3,4.0,4.3,4.4,3.5,60,8.1,7.81,0.283,No,No,0,Churned,No,Yes,No,No,Better Alternative,1775174400000000000,47.7
CUST11178,31,Female,Rivers,Loyal,Google,2024-12-21,20,15,0,605193.82,0.0,43499.27,196,Shoes,5,1,Poor Product Quality,Medium,Resolved,14,1,No,4.0,0,0.0,No Return,0,0.0,No,No,3.7,3.6,0.1,0,0,0,4.1,2,10.1,14.0,No,3.7,4.4,3.7,3.7,3.9,44,7.0,3.62,0.4,No,No,0,At Risk,Yes,No,Yes,No,Not Churned,,24.6
CUST11179,57,Female,Abuja,Regular,Google,2024-11-14,21,11,4,225561.55,62913.02,18081.65,45,Bags,1,1,Poor Customer Service,Low,Closed,6,2,No,4.3,0,0.0,No Return,0,0.0,No,No,4.2,4.2,0.0,0,0,0,4.1,3,6.1,7.2,No,4.2,3.9,4.2,3.7,3.6,13,6.6,15.74,0.381,No,No,0,Retained,Yes,No,No,No,Not Churned,,6.9
CUST11180,58,Female,Rivers,Loyal,Instagram,2024-08-04,25,9,4,247821.63,119760.04,29033.92,226,Beauty,3,2,Poor Customer Service,Medium,Resolved,4,1,No,4.0,0,0.0,No Return,0,0.0,No,No,5.4,3.1,2.3,3,0,0,3.6,3,3.3,4.0,No,5.0,3.9,5.0,5.0,3.9,19,10.0,0.94,0.146,No,No,0,At Risk,Yes,No,Yes,No,Not Churned,,40.6
CUST11181,39,Female,Abia,Regular,TikTok,2025-11-23,9,14,1,886530.96,66361.57,65465.01,26,Bags,5,1,Poor Product Quality,High,Resolved,3,3,No,3.8,0,0.0,No Return,0,0.0,No,No,5.1,4.7,0.4,0,0,1,3.4,2,3.9,10.0,No,5.0,3.7,5.0,3.9,4.1,-16,9.2,9.88,0.265,Yes,No,0,Retained,Yes,No,No,No,Not Churned,,4.7
CUST11182,28,Female,Lagos,Loyal,TikTok,2025-01-05,20,17,2,507721.81,55318.79,28417.75,141,Dresses,5,2,Login Problem,Low,Resolved,2,1,No,5.0,3,0.176,Wrong Size,9,35650.66,Yes,No,4.3,3.4,0.9,1,0,1,4.3,2,1.5,12.6,Yes,4.0,4.0,4.0,4.9,4.1,58,8.8,17.66,0.293,No,No,0,At Risk,Yes,No,Yes,No,Not Churned,,21.1
CUST11183,40,Female,Oyo,New Customer,TikTok,2024-11-21,21,9,1,137352.85,15846.59,15278.3,83,Dresses,1,1,Poor Customer Service,Medium,Escalated,4,2,Yes,4.3,0,0.0,No Return,0,0.0,No,No,7.6,4.6,3.0,3,0,0,3.1,1,6.6,11.6,No,3.2,3.8,3.2,3.2,3.2,-34,5.8,6.66,0.224,Yes,No,0,Dormant,Yes,No,No,Yes,Not Churned,,13.4
CUST11184,18,Male,Kano,Regular,TikTok,2025-01-27,19,13,3,604702.64,124556.38,45120.02,122,Dresses,1,2,Late Delivery,Low,Resolved,1,2,No,5.0,0,0.0,No Return,0,0.0,No,No,4.2,2.9,1.3,0,0,1,4.4,3,3.5,10.0,No,4.9,4.5,4.9,4.7,5.0,57,9.9,5.57,0.284,Yes,Yes,3,Churned,No,Yes,No,No,No Longer Needed,1786406400000000000,36.7
CUST11185,63,Female,Abia,Regular,Instagram,2025-01-23,19,14,3,532891.61,119479.97,41416.79,75,Trousers,5,1,Duplicate Charge,Medium,Resolved,1,1,No,4.7,0,0.0,No Return,0,0.0,No,No,1.9,2.9,0.0,1,0,0,4.6,1,8.0,13.9,Yes,3.6,4.8,3.6,5.0,4.2,97,10.0,0.42,0.359,No,Yes,3,Retained,Yes,No,No,No,Not Churned,,13.1
CUST11186,54,Male,Enugu,Regular,Email,2023-01-24,43,14,2,451060.5,51827.91,30350.53,74,Electronics,5,3,Stock Availability,Low,Resolved,3,2,No,4.7,2,0.143,Wrong Size,2,38047.77,No,No,2.6,3.5,0.0,0,0,1,3.9,3,4.3,13.0,No,3.9,4.1,3.9,3.8,3.8,26,8.5,3.1,0.195,No,No,0,Retained,Yes,No,No,No,Not Churned,,41.4
CUST11187,38,Male,Kano,New Customer,Website,2023-02-24,42,11,6,282967.83,183598.73,27892.2,106,Accessories,3,3,Stock Availability,High,Escalated,1,1,Yes,5.0,3,0.273,Wrong Size,4,74660.45,No,No,3.9,5.5,0.0,0,1,0,4.0,3,8.1,12.2,Yes,3.3,3.6,3.3,3.3,2.6,14,6.1,9.22,0.143,No,No,0,Churned,No,Yes,No,No,Refund Problems,1769904000000000000,50.7
CUST11188,43,Female,Lagos,Loyal,Website,2025-11-15,9,8,3,309487.74,92691.31,35757.9,43,Dresses,3,4,Poor Customer Service,Medium,Resolved,9,0,No,5.0,2,0.25,Late Delivery,1,57500.67,Yes,No,6.9,5.1,1.8,1,1,1,3.5,4,5.3,9.0,No,4.0,3.8,4.0,3.7,3.1,6,7.1,3.66,0.514,No,No,0,Retained,Yes,No,No,No,Not Churned,,8.4
CUST11189,63,Male,Abuja,Regular,Instagram,2025-03-14,17,13,1,609653.96,40226.72,45914.95,25,Beauty,2,2,Account Issue,Medium,Resolved,6,1,No,4.7,1,0.077,Wrong Size,1,33859.97,No,No,7.9,4.4,3.5,5,0,1,3.8,2,16.1,22.9,No,3.4,3.7,3.4,3.9,2.7,17,7.1,4.34,0.243,No,No,0,Retained,Yes,No,No,No,Not Churned,,11.9
CUST11190,53,Female,Lagos,Loyal,Website,2023-11-23,33,7,2,256036.82,64733.56,33240.29,41,Electronics,2,0,No Complaint,None,No Complaint,0,0,No,,1,0.143,Wrong Size,15,24047.93,No,No,4.3,3.4,0.9,0,0,0,3.4,3,8.0,9.8,Yes,4.1,4.2,4.1,4.1,3.9,31,8.1,4.64,0.333,No,No,0,Retained,Yes,No,No,No,Not Churned,,5.6
CUST11191,40,Male,Ogun,Loyal,Website,2025-08-27,12,5,4,195934.87,159683.06,42290.03,15,Shoes,5,3,Unexpected Charge,Critical,Resolved,3,2,No,4.3,1,0.2,Not as Expected,3,33309.07,No,No,2.9,3.0,0.0,0,0,0,5.0,3,10.4,13.6,No,3.5,3.8,3.5,4.2,3.5,28,7.3,6.26,0.098,No,No,0,Retained,Yes,No,No,No,Not Churned,,3.6
CUST11192,18,Female,Kano,Regular,Website,2023-07-05,38,12,3,839080.34,210016.06,71209.71,128,Bags,2,2,Late Delivery,Low,Escalated,1,3,Yes,4.9,2,0.167,Wrong Size,1,87734.67,No,No,7.1,4.7,2.4,5,0,0,3.9,2,2.0,4.6,No,4.4,4.7,4.4,4.3,4.2,42,8.7,4.12,0.399,No,No,0,Churned,No,Yes,No,No,Inactive,1771977600000000000,66.3
CUST11193,57,Female,Kano,Loyal,Instagram,2024-05-09,28,13,4,404949.26,118992.47,28097.32,37,Electronics,5,3,Issue Not Resolved,Medium,Resolved,6,1,No,4.4,1,0.077,Damaged,5,16954.56,Yes,Yes,4.8,3.1,1.7,1,0,0,4.0,3,18.7,21.8,No,3.9,3.4,3.9,4.8,4.7,53,9.8,1.91,0.218,Yes,Yes,1,Churned,No,Yes,No,No,Price Too High,1782000000000000000,7.9
CUST11194,32,Male,Imo,Loyal,TikTok,2025-11-01,10,10,2,1274742.94,207014.87,116345.57,4,Accessories,1,2,Product Not as Described,Medium,Escalated,6,0,Yes,5.0,1,0.1,Product Description Inaccurate,3,55992.68,Yes,Yes,2.8,3.7,0.0,0,0,0,4.6,2,4.2,6.0,No,3.8,3.9,3.8,4.7,5.0,19,10.0,3.49,0.275,No,No,0,Retained,Yes,No,No,No,Not Churned,,3.0
CUST11195,38,Male,Ogun,Regular,Email,2024-03-09,30,12,3,1047111.03,231745.83,76492.64,115,Shoes,1,2,Poor Customer Service,High,Resolved,2,0,No,5.0,0,0.0,No Return,0,0.0,No,No,4.3,4.1,0.2,0,0,0,3.8,2,5.5,18.6,Yes,4.0,3.9,4.0,3.7,4.2,28,8.0,5.71,0.372,Yes,Yes,5,Dormant,Yes,No,No,Yes,Not Churned,,15.2
CUST11196,64,Male,Abia,Loyal,TikTok,2023-07-27,37,15,3,359499.56,65365.67,25498.34,26,Accessories,3,3,Return Difficulty,Medium,Closed,6,3,No,4.2,1,0.067,Wrong Item,4,19546.21,No,No,3.4,2.8,0.6,1,0,0,4.6,3,3.0,6.0,No,3.6,4.2,3.6,4.3,3.4,33,9.9,0.58,0.243,No,No,0,Retained,Yes,No,No,No,Not Churned,,3.7
CUST11197,26,Female,Enugu,Regular,Referral,2023-05-13,40,16,2,1398157.05,178514.31,85208.79,21,Trousers,4,2,Missing Product,Medium,Resolved,1,2,No,4.5,2,0.125,Defective,11,86808.33,No,No,4.6,4.8,0.0,0,0,1,4.7,4,11.1,12.7,No,3.6,3.5,3.6,4.1,3.8,10,7.6,12.64,0.069,No,Yes,6,Churned,No,Yes,No,No,Website/App Problems,1784246400000000000,39.2
CUST11198,26,Male,Delta,Regular,Email,2024-01-04,32,17,2,372489.86,52196.18,24763.17,43,Tops,5,2,Refund Delayed,Medium,Pending,11,3,No,4.1,1,0.059,Poor Quality,5,12104.48,Yes,Yes,4.9,5.3,0.0,1,0,0,5.0,2,13.4,17.8,No,3.5,4.4,3.5,4.1,5.0,5,9.0,4.66,0.443,No,No,0,Retained,Yes,No,No,No,Not Churned,,9.4
CUST11199,27,Female,,Loyal,Google,2026-01-31,7,12,2,1411362.27,194853.91,103114.28,36,Bags,3,1,Poor Product Quality,High,Resolved,6,2,No,4.8,2,0.167,Product Description Inaccurate,6,95221.58,No,No,4.3,2.9,1.4,0,0,1,3.7,1,10.0,16.4,No,4.2,4.1,4.2,4.6,4.6,18,8.5,0.31,0.201,No,Yes,5,Retained,Yes,No,No,No,Not Churned,,9.6
CUST11200,43,Female,Imo,Regular,Referral,2024-02-27,30,9,3,236081.59,75812.62,28288.29,42,Trousers,2,5,Late Delivery,Medium,Resolved,2,2,No,5.0,1,0.111,Wrong Item,7,10922.27,Yes,No,7.2,5.1,2.1,0,1,0,3.4,5,0.3,11.0,No,3.2,4.3,3.2,4.1,3.7,27,6.0,6.67,0.328,Yes,Yes,2,Churned,No,Yes,No,No,Price Too High,1777680000000000000,8.8
CUST11201,58,Female,Lagos,Regular,Google,2025-10-29,10,10,3,460564.16,129381.42,40965.58,100,Electronics,5,3,Exchange Difficulty,Low,Resolved,2,2,No,3.9,1,0.1,Product Description Inaccurate,3,36847.31,No,No,5.8,4.0,1.8,3,0,0,4.1,3,2.2,13.7,No,2.8,3.2,2.8,3.6,3.5,5,5.8,12.77,0.775,No,No,0,Dormant,Yes,No,No,Yes,Not Churned,,25.2
CUST11202,52,Male,Oyo,Regular,Website,2023-09-01,36,11,1,474628.63,43722.43,40585.11,143,Dresses,3,1,Coupon Expired,High,Resolved,12,1,No,3.8,1,0.091,Wrong Color,13,36341.92,No,No,4.2,2.9,1.3,2,0,0,3.9,3,8.8,15.5,No,3.3,3.7,3.3,3.7,3.3,22,7.7,1.93,0.244,No,No,0,At Risk,Yes,No,Yes,No,Not Churned,,40.2
CUST11203,42,Female,Kaduna,Loyal,Instagram,2025-02-20,18,10,1,301751.59,23140.48,26634.17,45,Electronics,2,0,No Complaint,None,No Complaint,0,0,No,,0,0.0,No Return,0,0.0,No,No,7.0,4.3,2.7,3,0,0,3.1,0,2.9,3.7,Yes,4.2,4.7,4.2,3.9,4.4,-4,8.3,2.02,0.21,No,No,0,Retained,Yes,No,No,No,Not Churned,,5.8
CUST11204,43,Female,Ogun,High Value,Referral,2024-09-15,23,13,2,488791.48,79004.58,39702.72,72,Dresses,5,3,Product Not as Described,Critical,Resolved,4,1,No,3.9,0,0.0,No Return,0,0.0,No,No,4.9,5.3,0.0,0,0,1,4.5,3,7.8,8.8,No,3.6,3.7,3.6,3.6,3.3,19,7.4,0.63,0.091,No,No,0,Churned,No,Yes,No,No,Poor Product Quality,1778025600000000000,26.6
CUST11205,28,Male,Lagos,Regular,TikTok,2024-07-20,25,14,2,761047.62,121159.99,55857.85,84,Tops,3,2,Refund Rejected,Low,Resolved,13,0,No,5.0,1,0.071,Damaged,9,32852.5,No,No,5.1,5.4,0.0,0,0,0,4.3,4,11.1,19.3,No,4.9,3.6,4.9,4.5,4.5,61,8.5,8.97,0.094,No,No,0,Dormant,Yes,No,No,Yes,Not Churned,,16.7
CUST11206,55,Female,Edo,Loyal,Website,2024-06-10,27,9,2,277382.99,67411.75,33341.32,104,Bags,4,1,App Crash,High,Resolved,6,1,No,4.7,1,0.111,Not as Expected,3,23180.07,No,No,5.8,4.7,1.1,2,0,0,4.4,1,5.5,6.2,No,3.8,4.4,3.8,4.0,3.3,61,8.8,5.36,0.769,No,Yes,2,Dormant,Yes,No,No,Yes,Not Churned,,16.2
CUST11207,19,Female,Ogun,High Value,Referral,2023-02-06,43,8,2,288556.56,76567.6,36285.21,41,Beauty,3,1,Price Increase,Medium,Closed,7,0,No,4.2,0,0.0,No Return,0,0.0,No,No,4.9,4.0,0.9,1,0,1,3.4,1,4.0,8.7,No,4.3,3.6,4.3,4.0,3.0,37,10.0,14.8,0.242,No,No,0,Retained,Yes,No,No,No,Not Churned,,5.3
CUST11208,24,Female,Anambra,New Customer,Website,2023-06-27,38,11,1,590168.8,42864.48,47235.9,119,Beauty,5,3,Return Difficulty,High,Closed,3,1,No,5.0,1,0.091,Product Description Inaccurate,5,36268.51,Yes,Yes,2.5,3.1,0.0,1,1,1,3.5,3,8.9,12.4,No,3.5,3.2,3.5,3.1,2.6,20,4.8,2.96,0.217,No,Yes,5,Churned,No,Yes,No,No,Payment Problems,1776470400000000000,27.0
CUST11209,35,Male,Anambra,Regular,Email,2024-09-30,23,12,8,233038.71,131529.78,18777.44,66,Dresses,2,0,No Complaint,None,No Complaint,0,0,No,,1,0.083,Duplicate Order,8,13405.72,No,No,4.2,4.3,0.0,0,0,0,4.9,2,1.6,2.3,Yes,5.0,3.7,5.0,3.7,3.0,18,9.1,2.89,0.272,No,No,0,Retained,Yes,No,No,No,Not Churned,,9.8
CUST11210,44,Female,Imo,Loyal,Instagram,2025-05-01,16,10,0,330652.29,0.0,33319.99,112,Dresses,5,1,Order Cancellation,Medium,Closed,6,2,No,4.5,1,0.1,Product Description Inaccurate,3,16849.64,Yes,Yes,4.1,4.3,0.0,0,0,1,4.9,2,2.4,18.8,No,3.8,5.0,3.8,4.2,3.2,19,9.6,0.45,0.404,No,No,0,Dormant,Yes,No,No,Yes,Not Churned,,21.3
CUST11211,51,Female,Kano,Loyal,Google,2023-03-13,42,6,3,339908.19,166628.41,58541.44,7,Dresses,5,1,App Crash,High,Closed,3,3,No,4.2,1,0.167,Changed Mind,6,33825.35,No,No,2.8,2.8,0.0,0,0,1,4.8,1,9.3,15.4,No,3.5,3.4,3.5,3.1,3.6,-29,7.1,2.79,0.276,No,Yes,6,Churned,No,Yes,No,No,Competitor,1786060800000000000,28.1
CUST11212,44,Male,Anambra,Loyal,Instagram,2023-12-18,32,12,2,348761.1,58612.15,28002.53,91,Trousers,3,2,Coupon Expired,Low,Resolved,1,2,No,4.7,0,0.0,No Return,0,0.0,No,No,4.4,3.3,1.1,4,0,0,4.1,2,11.1,16.2,No,3.9,3.5,3.9,4.5,4.6,24,9.7,5.81,0.221,No,No,0,Dormant,Yes,No,No,Yes,Not Churned,,29.6
CUST11213,34,Male,Imo,Regular,Google,2024-09-14,23,7,4,321162.97,162410.02,42668.8,22,Accessories,5,2,Late Delivery,Medium,Closed,5,1,No,4.2,0,0.0,No Return,0,0.0,No,No,3.7,3.4,0.3,1,0,0,4.5,2,15.2,17.6,No,5.0,5.0,5.0,5.0,4.9,58,8.9,4.93,0.531,No,Yes,3,Retained,Yes,No,No,No,Not Churned,,5.5
CUST11214,60,Female,Cross River,New Customer,Referral,2026-03-18,5,7,1,100092.36,13133.39,14445.78,30,Tops,1,0,No Complaint,None,No Complaint,0,0,No,,0,0.0,No Return,0,0.0,No,No,2.5,5.1,0.0,0,0,0,4.7,2,6.8,10.0,Yes,3.9,4.5,3.9,4.0,3.9,34,6.6,8.33,0.122,Yes,Yes,3,Retained,Yes,No,No,No,Not Churned,,4.5
CUST11215,61,Male,Rivers,Regular,Website,2023-04-15,41,8,5,253597.31,180236.39,33639.21,84,Accessories,4,3,Order Cancellation,Low,Resolved,1,2,No,4.6,1,0.125,Duplicate Order,22,27562.56,No,No,4.9,4.3,0.6,2,0,0,2.9,3,7.7,16.0,No,4.1,4.3,4.1,3.2,2.8,4,6.3,18.3,0.279,No,No,0,Churned,No,Yes,No,No,Too Many Delivery Problems,1775606400000000000,61.2
CUST11216,41,Male,Plateau,Regular,Website,2023-08-09,37,8,4,248407.78,125126.78,29915.64,308,Tops,2,3,Long Waiting Time,Medium,Resolved,9,1,No,4.3,0,0.0,No Return,0,0.0,No,No,3.8,3.2,0.6,0,0,0,3.8,3,4.8,10.0,No,4.3,3.3,4.3,3.4,3.7,10,4.8,1.45,0.19,Yes,No,0,At Risk,Yes,No,Yes,No,Not Churned,,46.9
CUST11217,42,Male,Abia,Regular,Instagram,2025-05-12,15,8,1,256681.02,33334.94,32783.35,60,Shoes,4,2,Poor Customer Service,Medium,Escalated,10,3,Yes,4.1,1,0.125,Late Delivery,4,25916.26,Yes,Yes,4.8,3.4,1.4,1,1,0,4.3,3,4.5,10.0,No,3.0,3.3,3.0,3.5,2.8,-17,8.0,14.54,0.113,No,No,0,Retained,Yes,No,No,No,Not Churned,,9.6
CUST11218,24,Female,Oyo,Loyal,Instagram,2024-06-01,27,11,3,373103.35,79898.51,29533.69,60,Tops,3,1,Coupon Expired,Low,Resolved,2,1,No,5.0,2,0.182,Wrong Item,1,31527.12,No,No,3.4,2.9,0.5,1,0,0,4.6,2,2.1,5.0,Yes,4.4,4.0,4.4,4.8,4.5,55,8.1,1.2,0.033,No,Yes,3,Retained,Yes,No,No,No,Not Churned,,10.8
CUST11219,23,Male,Plateau,New Customer,Referral,2023-10-26,34,11,6,636740.34,313287.02,57938.67,17,Bags,3,2,Poor Customer Service,Medium,Resolved,6,4,Yes,5.0,5,0.455,Not as Expected,8,118600.72,No,No,3.5,2.6,0.9,0,0,1,2.9,2,4.2,6.0,No,4.0,2.7,4.0,2.8,2.3,-34,7.1,1.08,0.166,No,No,0,At Risk,Yes,No,Yes,No,Not Churned,,6.1
CUST11220,41,Female,Plateau,Loyal,Referral,2025-05-10,15,8,2,165143.06,40272.65,20698.52,42,Tops,1,2,Poor Customer Service,High,Pending,10,0,No,3.8,0,0.0,No Return,0,0.0,No,No,1.7,4.0,0.0,0,0,0,4.3,2,7.0,10.0,No,3.4,4.7,3.4,4.3,4.5,47,7.4,10.48,0.207,Yes,No,0,Retained,Yes,No,No,No,Not Churned,,6.9
CUST11221,50,Female,Anambra,Regular,Facebook,2023-02-11,43,8,1,239459.48,26580.53,27047.64,150,Bags,3,2,Poor Product Quality,Low,Resolved,4,0,No,4.5,1,0.125,Damaged,9,11155.32,No,No,2.9,2.6,0.3,2,0,1,3.6,2,9.0,13.9,No,4.9,3.5,4.9,4.0,3.5,7,8.0,5.23,0.263,No,No,0,At Risk,Yes,No,Yes,No,Not Churned,,19.8
CUST11222,46,Female,Abuja,Regular,Website,2025-02-09,18,9,1,187474.37,20088.69,21978.3,23,Beauty,3,2,Issue Not Resolved,High,Resolved,4,0,No,4.9,1,0.111,Damaged,6,18426.43,No,No,5.9,5.5,0.4,0,1,0,4.1,2,6.1,11.6,No,4.2,4.5,4.2,4.8,4.6,29,10.0,6.27,0.208,No,No,0,Retained,Yes,No,No,No,Not Churned,,8.4
CUST11223,60,Female,Rivers,New Customer,Website,2025-06-15,14,12,1,182859.8,14950.22,16972.64,115,Accessories,3,2,Return Difficulty,Low,Closed,2,3,No,5.0,1,0.083,Damaged,6,11389.19,No,No,6.1,4.8,1.3,4,1,0,3.8,4,2.4,7.3,No,3.8,3.9,3.8,4.1,3.7,1,8.9,0.76,0.187,No,No,0,Churned,No,Yes,No,No,Better Alternative,1780272000000000000,69.0
CUST11224,39,Female,Kaduna,Regular,Google,2024-05-06,28,9,2,309472.36,58260.79,30963.4,31,Shoes,4,3,Poor Customer Service,Low,Resolved,1,1,No,5.0,2,0.222,Product Description Inaccurate,2,46935.27,No,No,6.4,4.8,1.6,1,0,1,2.8,3,3.8,18.9,Yes,3.8,3.6,3.8,3.7,3.8,-8,7.7,6.87,0.34,No,No,0,Retained,Yes,No,No,No,Not Churned,,15.4
CUST11225,43,Male,Rivers,New Customer,Website,2025-12-06,8,11,1,232776.52,19496.14,20366.38,45,Tops,1,2,Unexpected Charge,High,Escalated,2,1,Yes,5.0,1,0.091,Wrong Size,1,10379.05,No,No,4.7,4.8,0.0,0,1,0,5.0,2,4.7,9.2,Yes,4.4,3.3,4.4,4.1,4.2,23,7.8,7.32,0.281,No,No,0,Retained,Yes,No,No,No,Not Churned,,9.2
CUST11226,45,Female,Abia,High Value,Google,2023-03-26,41,7,4,239494.66,124308.94,36005.05,61,Beauty,5,4,Coupon Expired,High,Resolved,5,1,No,3.8,0,0.0,No Return,0,0.0,No,No,7.0,4.4,2.6,1,0,1,2.6,4,9.4,10.0,No,4.6,5.0,4.6,4.1,3.6,46,9.3,10.76,0.202,No,Yes,6,Retained,Yes,No,No,No,Not Churned,,8.5
CUST11227,38,Female,Lagos,Loyal,TikTok,2025-12-17,8,11,4,390057.91,144554.14,36460.85,31,Bags,2,0,No Complaint,None,No Complaint,0,0,No,,2,0.182,Changed Mind,3,64572.58,No,No,3.3,2.7,0.6,1,0,0,4.4,2,7.9,19.2,Yes,4.6,3.5,4.6,4.3,3.9,9,8.7,1.13,0.128,Yes,No,0,Retained,Yes,No,No,No,Not Churned,,4.3
CUST11228,24,Female,Kano,Regular,Google,2025-09-17,11,10,4,343480.16,117448.29,34523.2,48,Electronics,1,3,App Crash,Low,Closed,4,1,No,3.6,0,0.0,No Return,0,0.0,No,No,4.6,3.9,0.7,2,0,0,4.4,3,3.0,4.0,No,3.4,4.7,3.4,4.5,3.8,24,10.0,2.04,0.218,Yes,Yes,7,Retained,Yes,No,No,No,Not Churned,,7.3
CUST11229,34,Female,Imo,Regular,Instagram,2024-12-11,20,12,2,538987.53,74975.24,42225.62,79,Shoes,4,3,Login Problem,High,Closed,4,0,No,5.0,2,0.167,Wrong Item,4,71102.89,No,No,3.6,3.3,0.3,2,0,0,4.8,4,8.6,17.0,No,3.6,3.3,3.6,3.8,4.2,-18,6.7,12.93,0.618,Yes,No,0,Dormant,Yes,No,No,Yes,Not Churned,,11.8
CUST11230,37,Male,Enugu,High Value,Website,2023-07-28,37,9,3,94433.22,27734.81,10425.76,95,Electronics,5,2,Damaged Product,High,Resolved,5,1,No,4.8,2,0.222,,4,14536.91,No,No,2.5,3.4,0.0,0,0,2,4.0,2,14.2,25.1,No,3.8,4.8,3.8,4.3,5.0,45,6.8,4.73,0.234,Yes,No,0,Churned,No,Yes,No,No,No Longer Needed,1774742400000000000,31.9
CUST11231,58,Female,Enugu,Regular,Google,2023-02-08,43,9,3,582606.79,201093.19,65595.27,59,Beauty,5,3,Exchange Difficulty,Medium,Resolved,8,1,No,4.9,0,0.0,No Return,0,0.0,No,No,3.6,3.6,0.0,0,0,1,4.3,3,11.2,13.1,No,2.9,4.7,2.9,4.1,4.4,27,10.0,7.21,0.316,No,No,0,Retained,Yes,No,No,No,Not Churned,,8.8
CUST11232,37,Female,Edo,New Customer,TikTok,2025-07-14,13,9,1,305184.05,30201.91,31088.78,30,Bags,2,1,Product Not as Described,High,Pending,5,2,No,5.0,1,0.111,Wrong Item,1,26471.68,Yes,Yes,4.4,3.5,0.9,0,0,0,2.9,1,1.2,10.2,No,4.7,4.1,4.7,3.9,3.0,30,9.3,2.85,0.047,Yes,Yes,5,Retained,Yes,No,No,No,Not Churned,,5.2
CUST11233,39,Female,Oyo,Regular,Google,2025-01-31,19,10,1,400081.95,47108.17,44483.25,44,Shoes,5,0,No Complaint,None,No Complaint,0,0,No,,2,0.2,Wrong Item,1,43131.65,No,No,5.6,4.5,1.1,0,0,0,3.5,1,5.9,9.7,Yes,4.0,3.6,4.0,3.4,3.1,1,5.3,0.75,0.271,No,No,0,Churned,No,Yes,No,No,Price Too High,1773792000000000000,48.8
CUST11234,45,Female,Lagos,High Value,Instagram,2025-08-03,13,4,0,83693.36,0.0,19810.3,65,Dresses,1,1,Issue Not Resolved,Low,Resolved,1,2,No,5.0,0,0.0,No Return,0,0.0,No,No,2.8,2.5,0.3,0,0,0,5.0,1,9.0,10.3,No,3.8,4.7,3.8,5.0,4.5,30,9.2,0.16,0.061,Yes,No,0,Retained,Yes,No,No,No,Not Churned,,8.8
CUST11235,57,Female,Enugu,New Customer,Instagram,2023-02-21,42,10,4,173742.25,62655.16,17353.24,98,Tops,5,0,No Complaint,None,No Complaint,0,0,No,,0,0.0,No Return,0,0.0,No,No,2.4,3.6,0.0,0,0,1,3.5,2,2.1,4.5,Yes,4.1,3.9,4.1,3.8,3.7,5,8.9,9.66,0.174,No,No,0,Dormant,Yes,No,No,Yes,Not Churned,,20.6
CUST11236,24,Male,Cross River,Regular,Google,2024-01-09,32,9,1,356848.08,42931.29,40858.78,111,Dresses,4,1,Poor Product Quality,Medium,Escalated,2,0,Yes,4.1,1,0.111,Defective,5,31467.35,No,No,4.4,5.3,0.0,0,0,1,3.8,1,12.6,26.6,Yes,2.9,4.3,2.9,3.8,2.6,7,5.7,8.36,0.389,No,Yes,5,Dormant,Yes,No,No,Yes,Not Churned,,36.6
CUST11237,18,Male,Kano,High Value,TikTok,2025-07-19,13,7,2,358524.07,87085.75,45307.56,60,Dresses,5,3,Issue Not Resolved,Low,Escalated,2,3,Yes,5.0,0,0.0,No Return,0,0.0,No,No,6.0,3.3,2.7,4,0,1,2.2,3,1.8,8.7,No,5.0,4.5,5.0,3.4,2.7,33,6.8,3.01,0.221,No,No,0,Retained,Yes,No,No,No,Not Churned,,43.2
CUST11238,49,Female,Kaduna,New Customer,Google,2023-06-05,39,7,2,135408.82,32601.87,17746.23,41,Dresses,4,3,Issue Not Resolved,Medium,Resolved,5,4,Yes,4.1,0,0.0,No Return,0,0.0,No,No,4.8,4.4,0.4,0,0,0,4.3,3,5.6,10.2,No,3.6,4.8,3.6,3.9,4.4,-1,9.9,2.84,0.388,No,No,0,Retained,Yes,No,No,No,Not Churned,,8.2
CUST11239,30,Male,Enugu,New Customer,TikTok,2026-01-18,7,7,1,280245.72,40690.07,42626.82,85,Beauty,5,4,Poor Product Quality,Medium,Resolved,1,3,No,5.0,0,0.0,No Return,0,0.0,No,No,6.0,4.2,1.8,2,0,0,3.5,4,9.6,17.0,No,4.6,4.2,4.6,4.1,4.1,16,8.4,2.63,0.377,Yes,No,0,Dormant,Yes,No,No,Yes,Not Churned,,32.4
CUST11240,47,Male,Abuja,Regular,TikTok,2024-11-09,22,10,4,473100.88,171355.69,44795.67,24,Dresses,2,1,Missing Product,Low,Resolved,5,1,No,4.8,0,0.0,No Return,0,0.0,No,No,7.4,4.0,3.4,3,1,0,2.6,1,5.1,15.3,No,4.0,3.5,4.0,3.3,3.2,-1,6.4,4.9,0.112,Yes,No,0,Retained,Yes,No,No,No,Not Churned,,3.4
CUST11241,40,Male,Rivers,Loyal,TikTok,2023-12-17,32,16,3,763034.35,128919.3,43274.86,21,Electronics,1,4,Issue Not Resolved,Medium,Resolved,4,0,No,5.0,1,0.062,Wrong Color,8,37290.18,Yes,Yes,1.5,2.9,0.0,0,0,2,3.5,4,10.8,13.1,No,3.7,2.8,3.7,2.8,2.1,4,7.5,3.52,0.263,No,No,0,At Risk,Yes,No,Yes,No,Not Churned,,8.9
CUST11242,36,Female,Enugu,Regular,Google,2023-03-10,42,11,2,434542.9,59192.16,34437.41,168,Accessories,4,7,Poor Customer Service,Low,Escalated,5,3,Yes,5.0,1,0.091,Duplicate Order,1,23826.05,No,No,4.0,5.0,0.0,1,0,0,4.6,7,2.3,13.8,No,3.9,3.5,3.9,3.7,2.9,27,7.5,8.2,0.4,No,No,0,Churned,No,Yes,No,No,Poor Product Quality,1780358400000000000,56.8
CUST11243,49,Female,Abia,High Value,Website,2026-04-01,5,9,0,357189.1,0.0,37140.76,43,Accessories,5,1,Coupon Expired,Low,Pending,4,0,No,5.0,1,0.111,Wrong Color,8,13931.9,No,No,4.6,4.2,0.4,0,0,0,4.7,2,4.5,8.5,No,3.3,4.8,3.3,4.5,4.5,0,8.0,0.97,0.24,Yes,No,0,Churned,No,Yes,No,No,Poor Customer Service,1770336000000000000,54.9
CUST11244,47,Female,Lagos,Loyal,Google,2025-12-11,8,12,2,930946.52,140643.73,72742.48,138,Trousers,3,1,Refund Rejected,Low,Pending,8,2,No,4.7,1,0.083,Poor Quality,14,45139.23,No,No,3.4,4.1,0.0,0,0,0,4.3,1,2.9,8.0,No,4.2,4.5,4.2,4.3,3.9,24,7.5,0.86,0.106,No,No,0,At Risk,Yes,No,Yes,No,Not Churned,,31.9
CUST11245,46,Male,Anambra,New Customer,Google,2024-10-15,22,9,3,227887.25,71602.26,24216.79,106,Dresses,3,2,Repeated Issue,Medium,Pending,3,1,No,5.0,0,0.0,No Return,0,0.0,No,No,5.6,5.3,0.3,0,0,0,3.4,2,4.0,5.5,No,3.4,4.7,3.4,4.2,3.7,26,7.7,2.24,0.586,No,No,0,Dormant,Yes,No,No,Yes,Not Churned,,18.3
CUST11246,62,Male,Anambra,High Value,Facebook,2023-03-04,42,10,1,434106.42,43356.46,48732.16,94,Beauty,1,0,No Complaint,None,No Complaint,0,0,No,,1,0.1,Wrong Color,3,24787.34,No,No,1.9,2.7,0.0,0,0,0,4.4,2,19.7,23.5,Yes,4.2,3.4,4.2,3.7,4.0,-9,6.7,8.54,0.055,No,No,0,Dormant,Yes,No,No,Yes,Not Churned,,14.4
CUST11247,46,Female,Kaduna,Regular,Google,2024-05-23,27,9,1,365909.68,35190.14,39169.55,186,Tops,4,2,Account Issue,Medium,Resolved,3,0,No,3.7,0,0.0,No Return,0,0.0,No,No,3.8,4.0,0.0,0,0,0,5.0,2,8.2,10.2,No,4.4,4.5,4.4,4.2,3.7,41,10.0,5.92,0.365,Yes,Yes,3,Churned,No,Yes,No,No,Payment Problems,1777939200000000000,75.2
CUST11248,47,Female,Abia,Regular,Instagram,2023-10-19,34,12,0,218119.04,0.0,16563.88,83,Electronics,2,1,Delivery Fee,Low,Resolved,7,1,No,4.9,1,0.083,Poor Quality,12,10280.08,No,No,5.0,4.6,0.4,0,0,0,3.8,1,12.7,22.2,No,3.9,3.6,3.9,3.3,3.4,25,5.7,1.89,0.163,Yes,No,0,Dormant,Yes,No,No,Yes,Not Churned,,41.1
CUST11249,33,Male,Anambra,Regular,Referral,2026-01-19,7,10,0,159376.43,0.0,16151.44,100,Accessories,2,0,No Complaint,None,No Complaint,0,0,No,,0,0.0,No Return,0,0.0,No,No,4.0,4.9,0.0,0,0,1,5.0,1,1.5,11.6,Yes,3.2,4.2,3.2,3.5,3.0,70,4.4,2.53,0.251,No,Yes,4,Dormant,Yes,No,No,Yes,Not Churned,,16.9
CUST11250,57,Male,Cross River,Regular,Facebook,2025-03-31,17,8,3,288201.1,90414.81,34690.11,42,Trousers,1,1,Damaged Product,Medium,Resolved,16,0,No,4.5,0,0.0,No Return,0,0.0,No,No,3.1,2.5,0.6,0,0,1,4.0,1,2.6,16.0,No,3.0,3.6,3.0,3.4,2.9,1,6.5,10.0,0.238,No,No,0,Retained,Yes,No,No,No,Not Churned,,5.6
CUST11251,36,Other,Imo,New Customer,Google,2023-05-30,39,12,1,201382.88,16297.35,14849.25,85,Shoes,2,2,Wrong Product,Medium,Closed,2,3,No,4.7,1,0.083,Damaged,5,9473.26,Yes,Yes,4.0,4.5,0.0,1,0,1,3.9,2,3.8,5.3,No,2.7,4.3,2.7,3.6,3.7,42,7.6,8.68,0.047,No,No,0,Churned,No,Yes,No,No,Inactive,1778716800000000000,29.3
CUST11252,35,Male,Ogun,New Customer,Website,2025-05-30,15,11,1,103242.8,9708.19,10130.84,88,Shoes,5,2,Poor Product Quality,Medium,Resolved,3,3,No,4.1,1,0.091,Late Delivery,1,8131.86,No,No,5.2,5.4,0.0,0,0,0,3.9,3,0.8,3.0,No,4.3,3.7,4.3,3.7,3.2,25,7.8,1.24,0.215,Yes,No,0,Dormant,Yes,No,No,Yes,Not Churned,,24.5
CUST11253,18,Female,Kaduna,Regular,Google,2026-02-13,6,10,3,1492069.5,466687.27,156118.56,196,Tops,1,0,No Complaint,None,No Complaint,0,0,No,,1,0.1,Wrong Item,1,98066.42,Yes,Yes,5.8,4.7,1.1,2,0,0,4.3,2,5.3,12.1,Yes,5.0,4.5,5.0,4.8,5.0,46,10.0,3.85,0.2,No,Yes,5,At Risk,Yes,No,Yes,No,Not Churned,,33.2
CUST11254,31,Male,Lagos,Loyal,Facebook,2024-12-04,21,10,2,183082.01,40183.4,20123.64,61,Beauty,4,2,Product Not as Described,Low,Pending,1,1,No,5.0,1,0.1,Late Delivery,2,10725.79,No,No,4.4,3.8,0.6,2,0,1,3.6,2,3.8,10.5,Yes,4.2,4.4,4.2,3.8,3.9,2,7.0,6.22,0.138,Yes,No,0,Retained,Yes,No,No,No,Not Churned,,8.4
CUST11255,64,Male,Cross River,Regular,Instagram,2024-05-30,27,12,3,605913.67,139754.81,49743.37,180,Dresses,2,3,Discount Not Applied,Low,Escalated,7,1,Yes,4.2,1,0.083,Wrong Item,6,44873.33,No,No,6.2,5.1,1.1,1,0,1,3.6,3,0.2,7.0,No,3.3,3.9,3.3,3.3,3.4,11,6.2,7.02,0.072,Yes,Yes,4,At Risk,Yes,No,Yes,No,Not Churned,,28.8
CUST11256,19,Female,Oyo,High Value,Website,2023-01-30,43,6,4,237761.21,141247.8,35806.16,83,Shoes,5,1,Return Difficulty,Medium,Resolved,4,1,No,3.6,1,0.167,Defective,6,15438.37,Yes,No,6.0,5.1,0.9,1,0,0,3.7,1,17.3,20.5,No,4.1,3.2,4.1,3.3,3.0,5,6.4,1.48,0.194,No,Yes,5,Dormant,Yes,No,No,Yes,Not Churned,,11.6
CUST11257,45,Female,Abia,Regular,Instagram,2026-03-12,5,14,2,1365261.72,194713.19,97762.26,86,Tops,2,0,No Complaint,None,No Complaint,0,0,No,,1,0.071,Duplicate Order,3,68272.79,No,No,3.5,4.6,0.0,1,0,0,4.1,1,0.6,8.3,Yes,4.2,3.9,4.2,4.2,3.6,37,8.4,3.14,0.191,No,No,0,Dormant,Yes,No,No,Yes,Not Churned,,20.0
CUST11258,47,Male,Anambra,Regular,Google,2023-11-22,33,9,2,641887.25,165070.21,79346.13,39,Tops,1,1,Price Increase,Low,Resolved,6,3,No,4.2,1,0.111,Duplicate Order,4,37141.54,No,No,4.5,4.5,0.0,0,0,0,3.9,1,7.5,9.5,No,4.2,4.1,4.2,4.0,3.4,36,7.4,6.58,0.219,No,No,0,Retained,Yes,No,No,No,Not Churned,,36.7
CUST11259,55,Female,Ogun,New Customer,Referral,2025-08-06,13,10,4,398505.68,170177.0,41897.02,65,Dresses,1,1,Damaged Product,Low,Escalated,4,2,Yes,4.0,0,0.0,No Return,0,0.0,No,No,3.0,3.5,0.0,0,0,1,4.4,1,4.8,8.3,No,3.3,4.1,3.3,4.0,4.4,56,9.4,3.13,0.422,No,No,0,Churned,No,Yes,No,No,Competitor,1778284800000000000,26.9
CUST11260,21,Male,Edo,New Customer,TikTok,2023-01-16,44,6,2,108861.93,31151.35,16196.5,28,Tops,2,4,Poor Customer Service,Medium,Resolved,3,1,No,3.8,0,0.0,No Return,0,0.0,No,No,3.4,3.2,0.2,0,0,0,4.2,4,3.2,5.0,No,3.7,4.3,3.7,4.5,3.9,38,8.1,2.17,0.148,Yes,No,0,Retained,Yes,No,No,No,Not Churned,,19.6
CUST11261,18,Male,Kano,Regular,Referral,2023-04-21,40,11,3,757382.37,179960.79,66813.04,89,Beauty,1,2,Return Difficulty,Medium,Escalated,1,2,Yes,3.8,3,0.273,Product Description Inaccurate,3,162436.34,No,No,4.3,4.4,0.0,0,0,0,3.7,2,16.4,24.8,No,3.7,4.1,3.7,4.6,4.4,36,10.0,4.13,0.221,No,No,0,Churned,No,Yes,No,No,Lack of Product Availability,1781049600000000000,36.1
CUST11262,25,Male,Abia,Loyal,Website,2025-05-21,15,8,0,158932.6,0.0,17630.98,153,Beauty,3,1,Poor Customer Service,Medium,Closed,5,0,No,5.0,0,0.0,No Return,0,0.0,No,No,3.5,2.5,1.0,0,0,0,3.5,3,1.7,7.3,No,4.0,3.8,4.0,2.9,2.3,-2,6.0,3.16,0.263,No,Yes,1,At Risk,Yes,No,Yes,No,Not Churned,,33.8
CUST11263,46,Female,Rivers,High Value,Instagram,2024-12-13,20,6,3,354979.61,162662.6,53526.97,94,Trousers,1,2,Website Error,Low,Resolved,5,3,No,4.1,0,0.0,No Return,0,0.0,No,No,6.5,5.0,1.5,0,0,0,3.0,2,3.4,10.7,No,3.9,4.5,3.9,4.0,4.1,1,5.5,6.32,0.14,Yes,No,0,Dormant,Yes,No,No,Yes,Not Churned,,18.1
CUST11264,56,Female,Anambra,High Value,Facebook,2023-04-17,41,15,2,296026.54,38577.52,19897.09,122,Shoes,4,0,No Complaint,None,No Complaint,0,0,No,,1,0.067,Poor Quality,4,12845.78,Yes,Yes,4.8,5.2,0.0,0,1,0,4.6,0,10.8,14.4,Yes,5.0,4.6,5.0,4.3,3.5,1,8.3,2.44,0.192,No,No,0,At Risk,Yes,No,Yes,No,Not Churned,,17.3
CUST11265,20,Male,Kaduna,Regular,Facebook,2024-01-14,32,8,3,211763.91,82458.13,25184.64,23,Bags,2,1,Discount Not Applied,Medium,Resolved,2,1,No,5.0,0,0.0,No Return,0,0.0,No,No,2.6,3.0,0.0,0,0,1,4.2,4,4.6,5.5,Yes,3.9,4.5,3.9,4.2,4.7,37,9.0,7.39,0.414,No,No,0,Retained,Yes,No,No,No,Not Churned,,4.3
CUST11266,49,Female,Lagos,Loyal,Instagram,2023-06-11,39,11,2,1138410.5,170874.61,97689.61,132,Electronics,3,1,Poor Customer Service,Low,Closed,5,0,No,4.8,0,0.0,No Return,0,0.0,No,No,5.9,4.2,1.7,3,0,1,3.5,1,2.0,5.0,No,5.0,4.9,5.0,4.0,3.3,36,6.7,2.68,0.11,No,No,0,At Risk,Yes,No,Yes,No,Not Churned,,33.8
CUST11267,27,Male,Anambra,Regular,Facebook,2023-10-10,35,16,2,623167.48,62521.82,36008.41,159,Tops,2,0,No Complaint,None,No Complaint,0,0,No,,2,0.125,Changed Mind,10,55232.78,No,No,5.0,3.0,2.0,2,0,0,3.4,1,7.8,9.6,Yes,4.4,3.5,4.4,3.2,2.5,-16,8.6,1.44,0.458,No,No,0,At Risk,Yes,No,Yes,No,Not Churned,,40.1
CUST11268,27,Male,Enugu,New Customer,Google,2023-09-26,35,13,1,277336.45,19693.11,21995.62,166,Beauty,1,1,Damaged Product,Medium,Resolved,6,0,No,4.8,1,0.077,Wrong Size,7,19599.86,No,No,4.9,4.0,0.9,0,0,0,3.8,1,10.5,12.7,No,5.0,3.3,5.0,3.6,3.3,0,7.6,3.98,0.076,No,Yes,1,At Risk,Yes,No,Yes,No,Not Churned,,20.7
CUST11269,36,Female,Anambra,Loyal,Referral,2024-04-28,28,14,2,386502.28,54418.19,28816.83,43,Dresses,3,4,Delivery Fee,Medium,Resolved,5,3,No,4.3,0,0.0,No Return,0,0.0,No,No,3.5,4.4,0.0,0,0,0,4.4,4,4.0,12.5,No,2.1,4.8,2.1,3.4,4.1,21,7.6,9.71,0.398,Yes,No,0,Retained,Yes,No,No,No,Not Churned,,6.5
CUST11270,63,Female,Plateau,Loyal,TikTok,2024-10-28,22,9,0,343858.18,0.0,35880.04,10,Dresses,2,1,Poor Customer Service,Low,Closed,2,0,No,3.4,2,0.222,Duplicate Order,6,60103.79,No,No,5.0,3.7,1.3,0,0,0,4.3,1,13.8,24.2,Yes,4.4,4.0,4.4,3.5,3.1,30,8.4,4.03,0.247,No,Yes,1,Retained,Yes,No,No,No,Not Churned,,7.1
CUST11271,51,Female,Abia,New Customer,Google,2026-01-01,8,15,4,350912.51,82094.67,21246.88,47,Bags,1,1,Wrong Product,Medium,Resolved,5,3,No,4.2,0,0.0,No Return,0,0.0,No,No,6.5,5.2,1.3,0,0,0,4.6,1,15.0,18.4,No,4.6,4.3,4.6,4.2,3.9,35,7.8,5.51,0.441,No,No,0,Retained,Yes,No,No,No,Not Churned,,6.9
CUST11272,50,Female,Kaduna,Regular,TikTok,2024-08-20,24,8,0,347270.34,0.0,43765.63,47,Bags,1,2,Rude Staff,Medium,Resolved,1,0,No,5.0,0,0.0,No Return,0,0.0,No,No,7.2,5.2,2.0,2,0,1,3.9,2,2.2,4.1,Yes,3.4,5.0,3.4,3.8,3.5,-1,8.3,8.24,0.195,Yes,No,0,Retained,Yes,No,No,No,Not Churned,,21.3
CUST11273,40,Male,Abuja,Regular,Google,2025-03-09,18,13,1,271967.79,23802.92,21641.51,79,Bags,2,2,Damaged Product,Low,Resolved,4,2,No,4.3,1,0.077,Wrong Size,6,12474.42,No,No,3.9,4.1,0.0,0,0,1,4.4,3,8.1,11.1,No,4.2,3.4,4.2,4.2,4.6,32,8.1,9.49,0.161,No,No,0,Dormant,Yes,No,No,Yes,Not Churned,,11.2
CUST11274,45,Male,Cross River,Loyal,Facebook,2025-03-08,18,9,3,113659.67,37501.16,11450.64,27,Accessories,2,1,Website Error,Low,Resolved,2,0,No,4.1,1,0.111,Wrong Color,8,9542.11,Yes,No,6.7,4.2,2.5,3,0,0,2.1,1,1.5,5.7,Yes,4.2,3.6,4.2,2.9,3.4,9,6.2,6.82,0.101,Yes,No,0,Churned,No,Yes,No,No,Poor Customer Service,1784419200000000000,24.6
CUST11275,49,Male,Abuja,Regular,Referral,2026-03-18,5,11,5,337773.89,135626.08,28819.7,11,Dresses,2,3,Product Not as Described,Low,Closed,1,1,No,4.7,1,0.091,Wrong Item,5,19146.76,No,No,1.1,2.5,0.0,0,0,1,4.3,3,7.4,13.0,Yes,4.6,4.9,4.6,4.5,4.5,62,8.0,0.77,0.326,Yes,Yes,1,Churned,No,Yes,No,No,Negative Overall Experience,1767830400000000000,33.0
CUST11276,24,Male,Anambra,High Value,Instagram,2024-01-25,31,11,2,255942.69,50135.64,23919.11,17,Tops,3,2,Coupon Expired,Low,Resolved,9,2,No,5.0,1,0.091,Wrong Size,7,13287.56,Yes,Yes,4.9,3.5,1.4,0,0,0,4.7,2,3.0,10.0,No,2.9,3.8,2.9,2.8,2.8,-9,5.2,0.8,0.106,No,No,0,At Risk,Yes,No,Yes,No,Not Churned,,9.0
CUST11277,46,Female,Abia,New Customer,Instagram,2024-02-20,30,11,2,386158.84,62482.94,34315.75,102,Beauty,3,1,Repeated Issue,Medium,Resolved,1,1,No,4.9,0,0.0,No Return,0,0.0,No,No,6.2,4.8,1.4,2,0,0,4.1,4,8.9,15.0,Yes,3.7,3.8,3.7,3.9,3.6,15,8.5,7.9,0.249,No,Yes,6,Dormant,Yes,No,No,Yes,Not Churned,,16.6
CUST11278,25,Male,Rivers,Regular,Google,2024-03-01,30,6,1,198747.27,25130.11,29071.08,135,Dresses,4,3,Repeated Issue,Critical,Escalated,3,1,Yes,3.3,1,0.167,Wrong Item,1,22259.33,No,No,7.0,5.5,1.5,0,0,0,3.8,3,5.3,14.8,No,4.0,4.3,4.0,4.2,3.5,50,7.4,8.3,0.096,No,No,0,At Risk,Yes,No,Yes,No,Not Churned,,50.1
CUST11279,18,Male,Lagos,Regular,Email,2025-09-23,11,6,5,314916.34,208525.92,48487.52,84,Beauty,3,4,Issue Not Resolved,Medium,Resolved,5,2,No,3.6,0,0.0,No Return,0,0.0,No,No,3.0,5.3,0.0,0,0,0,3.4,4,4.5,12.4,No,3.7,4.7,3.7,3.9,4.2,30,7.2,12.11,0.533,Yes,No,0,Dormant,Yes,No,No,Yes,Not Churned,,10.9
CUST11280,20,Male,Edo,Regular,TikTok,2025-05-16,15,10,0,424245.9,0.0,45139.77,46,Electronics,1,2,Issue Not Resolved,High,Pending,1,0,No,3.6,1,0.1,Damaged,3,22946.29,No,No,1.2,2.8,0.0,0,0,0,3.9,2,7.4,9.8,Yes,4.1,3.9,4.1,3.6,3.7,7,8.7,10.61,0.347,Yes,No,0,Retained,Yes,No,No,No,Not Churned,,7.8
CUST11281,41,Male,Edo,Regular,Instagram,2023-03-27,41,6,1,70245.15,12614.27,12199.68,32,Bags,3,1,Exchange Difficulty,Low,Resolved,5,0,No,4.4,0,0.0,No Return,0,0.0,No,No,4.9,3.8,1.1,1,0,0,2.9,1,3.2,15.3,No,4.0,4.3,4.0,4.0,4.0,38,9.7,7.22,0.22,No,No,0,Retained,Yes,No,No,No,Not Churned,,4.0
CUST11282,40,Female,Anambra,Loyal,Website,2024-02-27,30,11,4,327305.05,117012.12,31268.08,27,Electronics,2,2,Repeated Issue,High,Closed,1,3,No,,1,0.091,Damaged,4,15757.66,No,No,4.2,2.7,1.5,1,0,1,3.2,2,3.2,5.7,No,3.7,4.2,3.7,3.9,3.6,42,8.8,13.23,0.09,No,No,0,Retained,Yes,No,No,No,Not Churned,,6.6
CUST11283,25,Male,Anambra,Loyal,TikTok,2023-04-28,40,8,4,229362.0,109190.69,25851.08,10,Trousers,2,0,No Complaint,None,No Complaint,0,0,No,,0,0.0,No Return,0,0.0,No,No,4.7,5.0,0.0,0,0,0,3.9,0,5.0,11.1,Yes,3.8,4.5,3.8,4.4,4.4,12,8.9,3.5,0.43,No,Yes,7,Retained,Yes,No,No,No,Not Churned,,8.3
CUST11284,64,Female,Abuja,High Value,Referral,2025-08-16,12,6,2,174595.19,59042.5,27629.76,47,Shoes,3,2,Poor Product Quality,Low,Resolved,9,2,No,3.4,0,0.0,No Return,0,0.0,No,No,4.7,4.7,0.0,0,0,0,4.3,2,3.8,9.0,No,3.2,4.5,3.2,4.1,4.2,24,6.8,11.2,0.493,No,No,0,Retained,Yes,No,No,No,Not Churned,,7.6
CUST11285,54,Female,Kaduna,Loyal,Website,2025-05-31,15,12,4,184188.01,50163.91,13537.67,76,Tops,1,1,Stock Availability,High,Closed,7,2,No,4.9,0,0.0,No Return,0,0.0,No,No,5.3,5.3,0.0,0,0,1,4.1,1,5.0,9.7,No,3.8,4.4,3.8,3.3,4.0,-5,5.1,3.87,0.23,No,No,0,Dormant,Yes,No,No,Yes,Not Churned,,9.6
CUST11286,20,Female,Cross River,Loyal,Google,2025-09-18,11,15,4,94731.18,25756.9,6981.81,43,Trousers,4,2,Refund Rejected,Medium,Resolved,2,3,No,3.5,1,0.067,Changed Mind,2,6337.35,No,No,3.5,4.0,0.0,2,0,0,4.3,2,3.4,14.5,No,3.4,3.5,3.4,4.0,3.8,37,7.3,2.01,0.093,Yes,No,0,Churned,No,Yes,No,No,No Longer Needed,1783296000000000000,31.3
CUST11287,50,Male,Rivers,Regular,Facebook,2024-02-19,30,11,2,645357.54,121661.05,65622.12,31,Bags,2,3,Website Error,Low,Resolved,1,3,No,4.8,2,0.182,Wrong Color,5,108855.86,No,No,6.3,2.8,3.5,3,0,1,3.0,3,3.0,6.0,No,4.3,3.8,4.3,3.5,2.4,0,5.7,7.28,0.219,No,Yes,6,Churned,No,Yes,No,No,Relocated,1779580800000000000,23.3
CUST11288,45,Male,Ogun,Loyal,Referral,2024-08-21,24,9,5,273142.32,138362.72,28561.9,72,Bags,5,1,Login Problem,Medium,Resolved,4,3,No,3.4,1,0.111,Duplicate Order,3,15851.98,Yes,Yes,5.9,4.3,1.6,0,1,1,3.9,1,6.7,21.7,No,3.6,3.5,3.6,3.7,3.9,8,6.3,2.94,0.034,Yes,No,0,Retained,Yes,No,No,No,Not Churned,,9.9
CUST11289,64,Male,Anambra,Regular,Referral,2023-02-09,43,5,0,175252.7,0.0,36818.24,76,Beauty,4,2,Late Delivery,Medium,Resolved,9,0,No,5.0,1,0.2,Damaged,3,23139.84,No,No,4.0,5.1,0.0,0,0,0,5.0,3,1.9,9.0,No,3.1,4.6,3.1,4.1,4.4,27,9.0,4.03,0.151,No,No,0,Churned,No,Yes,No,No,Price Too High,1782172800000000000,29.0
CUST11290,25,Male,Edo,Regular,Referral,2026-03-30,5,8,1,195672.9,19613.51,23001.37,56,Dresses,5,3,Unexpected Charge,Low,Resolved,7,1,No,4.2,1,0.125,Late Delivery,4,15880.17,No,No,4.0,2.7,1.3,1,0,0,4.2,3,3.8,7.0,No,3.6,3.9,3.6,3.4,4.1,29,5.4,4.5,0.236,No,Yes,1,Retained,Yes,No,No,No,Not Churned,,22.4
CUST11291,51,Male,Lagos,Regular,Referral,2024-12-03,21,9,2,155430.46,33208.14,16060.13,87,Shoes,5,1,Failed Payment,Medium,Closed,8,1,No,3.7,1,0.111,Changed Mind,1,9458.44,No,No,3.7,4.9,0.0,1,0,0,4.9,1,2.5,8.0,No,4.3,4.2,4.3,4.1,4.2,33,9.1,1.55,0.23,No,No,0,Churned,No,Yes,No,No,Poor Product Quality,1772064000000000000,47.9
CUST11292,52,Male,Abia,Regular,Email,2024-06-20,26,9,4,213254.1,103629.24,24625.5,18,Tops,5,0,No Complaint,None,No Complaint,0,0,No,,0,0.0,No Return,0,0.0,No,No,4.5,4.4,0.1,0,0,1,4.1,0,2.9,3.4,Yes,4.2,4.2,4.2,4.7,4.4,34,9.0,9.31,0.163,No,Yes,1,Retained,Yes,No,No,No,Not Churned,,3.1
CUST11293,49,Female,Plateau,Regular,Website,2024-02-24,30,12,1,268541.4,17730.68,19678.2,122,Electronics,2,1,Poor Customer Service,Medium,Closed,1,2,No,4.6,0,0.0,No Return,0,0.0,No,No,1.9,2.9,0.0,0,1,0,4.0,1,6.4,11.4,No,4.4,4.0,4.4,3.8,3.4,48,9.1,1.18,0.388,Yes,No,0,Churned,No,Yes,No,No,Competitor,1776816000000000000,31.9
CUST11294,41,Female,Oyo,High Value,Website,2024-10-25,22,8,3,373403.77,128364.52,42853.77,200,Accessories,2,2,Order Cancellation,Low,Escalated,2,1,Yes,4.1,4,0.5,Wrong Size,1,126417.55,No,No,2.5,4.5,0.0,2,0,0,4.3,2,2.5,11.7,Yes,3.6,3.6,3.6,4.5,4.4,43,10.0,1.27,0.494,No,Yes,4,At Risk,Yes,No,Yes,No,Not Churned,,26.0
CUST11295,31,Female,Enugu,Regular,Website,2023-04-05,41,11,6,404872.8,203883.18,37589.0,56,Electronics,5,5,Poor Customer Service,Medium,Resolved,7,0,No,2.8,2,0.182,Wrong Color,1,54081.92,No,No,3.5,2.7,0.8,0,0,0,4.2,5,7.0,9.8,No,3.9,3.3,3.9,4.0,3.1,46,8.1,3.82,0.224,Yes,Yes,3,At Risk,Yes,No,Yes,No,Not Churned,,8.3
CUST11296,49,Male,Anambra,New Customer,Email,2025-08-30,12,14,4,609962.44,181708.44,43952.36,15,Shoes,5,1,Poor Product Quality,Critical,Resolved,7,0,No,4.7,0,0.0,No Return,0,0.0,No,No,3.2,3.0,0.2,0,0,2,3.9,2,6.3,11.3,No,4.4,3.9,4.4,4.5,4.5,50,8.6,15.31,0.233,Yes,No,0,Retained,Yes,No,No,No,Not Churned,,2.5
CUST11297,63,Male,Kaduna,Regular,Instagram,2024-10-11,23,11,2,454866.18,73598.33,38527.94,12,Bags,4,0,No Complaint,None,No Complaint,0,0,No,,0,0.0,No Return,0,0.0,No,No,3.5,2.7,0.8,0,0,0,4.5,0,9.8,10.8,Yes,4.7,4.2,4.7,4.1,4.6,54,9.0,2.23,0.457,Yes,No,0,Retained,Yes,No,No,No,Not Churned,,3.3
CUST11298,60,Female,Anambra,New Customer,Facebook,2023-10-15,35,4,1,48515.39,13308.82,12606.77,88,Shoes,2,1,Damaged Product,High,Resolved,8,1,No,5.0,0,0.0,No Return,0,0.0,No,No,2.6,4.3,0.0,0,0,0,4.5,3,6.2,8.0,No,3.0,4.5,3.0,4.0,4.8,25,8.2,0.57,0.31,No,No,0,Dormant,Yes,No,No,Yes,Not Churned,,12.6
CUST11299,33,Female,Kaduna,New Customer,Google,2024-02-16,30,14,4,360859.6,116787.12,26856.63,123,Tops,5,3,Repeated Issue,Low,Resolved,8,0,No,5.0,0,0.0,No Return,0,0.0,No,No,7.1,3.4,3.7,4,0,1,3.2,3,3.4,8.0,No,3.6,3.8,3.6,3.7,3.5,37,6.9,8.16,0.22,Yes,Yes,6,At Risk,Yes,No,Yes,No,Not Churned,,24.7
CUST11300,21,Male,Rivers,Regular,Website,2024-02-04,31,11,3,248934.94,64016.02,21579.0,31,Bags,1,2,Issue Not Resolved,Medium,Closed,6,2,No,5.0,1,0.091,Product Description Inaccurate,5,11790.61,No,No,3.2,3.4,0.0,0,0,0,3.7,2,5.5,18.1,No,3.2,4.9,3.2,3.2,2.2,16,8.5,2.4,0.049,No,No,0,Retained,Yes,No,No,No,Not Churned,,7.0
CUST11301,54,Female,Plateau,Regular,Referral,2024-06-11,27,11,3,349569.93,111855.17,34678.39,28,Tops,2,2,Stock Availability,Medium,Pending,6,0,No,4.9,1,0.091,Defective,3,22323.06,No,No,6.0,4.4,1.6,4,0,1,3.2,2,2.6,6.0,No,3.8,3.3,3.8,3.1,2.9,-3,6.6,4.81,0.135,Yes,No,0,Retained,Yes,No,No,No,Not Churned,,24.2
CUST11302,38,Male,Oyo,Regular,TikTok,2025-11-07,9,5,4,134099.78,80207.22,23358.21,53,Accessories,2,0,No Complaint,None,No Complaint,0,0,No,,1,0.2,Damaged,11,10798.84,No,No,3.0,2.8,0.2,0,0,0,4.4,0,9.4,21.7,Yes,4.7,4.7,4.7,5.0,4.1,48,10.0,14.55,0.293,No,No,0,Retained,Yes,No,No,No,Not Churned,,9.6
CUST11303,31,Male,,Loyal,Instagram,2023-05-16,40,10,2,355426.17,71687.94,37118.13,70,Shoes,1,1,Poor Product Quality,Low,Resolved,12,1,No,3.6,1,0.1,Damaged,5,31130.65,Yes,Yes,4.7,4.4,0.3,1,0,3,2.8,2,1.9,12.0,No,3.6,3.5,3.6,3.1,3.2,-4,6.2,8.44,0.454,Yes,No,0,Retained,Yes,No,No,No,Not Churned,,15.1
CUST11304,48,Female,Plateau,Loyal,Facebook,2025-01-28,19,9,2,336131.62,74129.32,37980.99,102,Trousers,5,0,No Complaint,None,No Complaint,0,0,No,,1,0.111,Product Description Inaccurate,6,26357.62,No,No,3.6,4.6,0.0,0,0,0,3.4,1,5.1,9.3,Yes,4.4,3.3,4.4,3.8,4.3,9,7.9,2.16,0.495,No,No,0,Dormant,Yes,No,No,Yes,Not Churned,,23.6
CUST11305,65,Female,Imo,Regular,TikTok,2025-04-22,16,4,1,106488.57,27001.47,28304.82,51,Electronics,3,6,Poor Product Quality,Low,Resolved,4,2,No,4.8,0,0.0,No Return,0,0.0,No,No,8.4,5.1,3.3,1,1,0,3.1,6,8.8,10.5,No,3.5,3.9,3.5,3.2,3.2,8,6.1,1.69,0.322,No,No,0,At Risk,Yes,No,Yes,No,Not Churned,,56.1
CUST11306,35,Male,Lagos,Regular,Instagram,2024-12-10,21,7,4,269958.65,135957.91,36598.57,66,Electronics,2,0,No Complaint,None,No Complaint,0,0,No,,2,0.286,Poor Quality,1,28325.57,Yes,No,8.1,4.5,3.6,3,1,0,3.6,1,9.8,14.4,Yes,4.3,4.3,4.3,4.3,3.8,39,9.0,2.12,0.281,No,No,0,Retained,Yes,No,No,No,Not Churned,,10.1
CUST11307,24,Male,Lagos,Regular,Google,2025-10-21,10,10,5,343606.6,197565.9,38334.75,34,Accessories,5,0,No Complaint,None,No Complaint,0,0,No,,1,0.1,Duplicate Order,3,14770.57,No,No,4.1,4.5,0.0,0,1,0,3.7,1,7.5,9.9,Yes,3.0,3.1,3.0,3.2,2.6,20,5.2,9.49,0.251,No,No,0,Retained,Yes,No,No,No,Not Churned,,21.8
CUST11308,27,Female,Kaduna,Loyal,Facebook,2024-01-16,31,11,7,422272.28,234885.42,33956.75,124,Bags,1,0,No Complaint,None,No Complaint,0,0,No,,1,0.091,Changed Mind,8,13410.71,No,No,5.2,4.5,0.7,1,0,0,3.5,0,6.4,10.5,Yes,4.1,3.8,4.1,3.6,3.1,19,5.4,6.7,0.717,Yes,Yes,7,At Risk,Yes,No,Yes,No,Not Churned,,19.2
CUST11309,24,Male,Abuja,New Customer,Google,2024-05-23,27,11,4,401788.93,132213.73,37966.09,7,Bags,1,3,Refund Delayed,Medium,Resolved,3,7,Yes,4.0,2,0.182,Duplicate Order,6,59113.53,Yes,Yes,2.9,2.6,0.3,1,0,1,3.9,3,2.3,4.8,No,4.3,4.1,4.3,4.0,3.6,25,9.1,10.23,0.433,Yes,No,0,Retained,Yes,No,No,No,Not Churned,,17.9
CUST11310,50,Female,Cross River,New Customer,TikTok,2025-03-16,17,14,6,695735.19,286905.43,43962.98,78,Electronics,2,3,Account Issue,Low,Resolved,3,0,No,4.9,1,0.071,Wrong Item,9,25097.65,No,No,5.9,3.8,2.1,1,0,0,3.4,3,5.3,9.0,No,3.7,3.9,3.7,4.0,2.5,22,8.7,3.71,0.493,No,No,0,Churned,No,Yes,No,No,No Longer Needed,1769385600000000000,11.9
CUST11311,40,Female,Cross River,Loyal,Google,2024-04-20,28,10,3,254638.79,86332.58,26847.73,104,Trousers,1,2,Price Increase,High,Resolved,5,3,No,4.3,0,0.0,No Return,0,0.0,No,No,7.0,4.2,2.8,2,0,0,2.2,2,2.8,9.6,No,3.8,4.1,3.8,3.6,3.5,31,6.3,6.84,0.277,No,No,0,Dormant,Yes,No,No,Yes,Not Churned,,39.1
CUST11312,38,Male,Kaduna,Regular,Referral,2025-08-11,12,8,2,182610.06,42051.49,22406.74,171,Tops,1,5,Late Delivery,Medium,Closed,3,2,No,3.9,0,0.0,No Return,0,0.0,No,No,2.9,4.5,0.0,0,0,0,3.9,5,1.8,8.4,No,3.9,4.5,3.9,4.2,3.5,53,5.6,4.88,0.39,Yes,No,0,At Risk,Yes,No,Yes,No,Not Churned,,52.2
CUST11313,36,Male,Abuja,New Customer,Instagram,2025-04-28,16,9,4,363310.73,137856.76,37808.37,96,Dresses,5,0,No Complaint,None,No Complaint,0,0,No,,1,0.111,Defective,9,17584.54,No,No,1.0,3.4,0.0,0,0,0,3.8,1,2.6,5.0,Yes,5.0,4.6,5.0,4.5,4.0,46,8.8,4.88,0.571,No,No,0,Dormant,Yes,No,No,Yes,Not Churned,,43.2
CUST11314,65,Female,Imo,Regular,Website,2025-06-15,14,8,7,202751.52,170909.5,24243.08,17,Bags,1,2,Coupon Expired,Medium,Resolved,2,2,No,4.4,0,0.0,No Return,0,0.0,No,No,4.2,4.5,0.0,1,0,0,5.0,2,8.9,11.3,No,4.4,4.1,4.4,5.0,4.4,52,9.6,0.79,0.213,No,No,0,Retained,Yes,No,No,No,Not Churned,,2.3
CUST11315,36,Male,Delta,High Value,Google,2023-02-01,43,15,2,486573.98,54839.89,31853.03,120,Tops,3,2,Order Cancellation,Low,Resolved,1,1,No,5.0,0,0.0,No Return,0,0.0,No,No,2.7,3.7,0.0,0,0,1,4.1,2,10.3,25.3,Yes,4.6,4.4,4.6,4.7,3.6,4,9.5,3.34,0.171,Yes,No,0,Dormant,Yes,No,No,Yes,Not Churned,,19.2
CUST11316,53,Female,Edo,Loyal,Referral,2023-04-28,40,11,3,360700.94,87670.23,30003.55,72,Tops,5,1,Product Not as Described,Low,Escalated,1,0,Yes,5.0,2,0.182,Wrong Color,2,44692.02,No,No,4.4,4.6,0.0,0,0,0,3.4,1,15.2,20.9,Yes,3.8,4.3,3.8,3.8,3.9,46,9.6,6.5,0.475,Yes,Yes,6,Churned,No,Yes,No,No,Negative Overall Experience,1773792000000000000,10.5
CUST11317,46,Female,Cross River,Loyal,TikTok,2023-07-10,38,11,1,796476.67,73206.72,71901.26,114,Tops,5,1,Discount Not Applied,Medium,Resolved,1,1,No,3.8,0,0.0,No Return,0,0.0,No,No,4.2,3.1,1.1,1,0,1,3.4,1,5.3,8.3,Yes,4.1,3.6,4.1,3.8,4.4,1,7.3,1.75,0.084,Yes,No,0,Dormant,Yes,No,No,Yes,Not Churned,,16.0
CUST11318,35,Female,Plateau,Regular,Facebook,2023-03-15,42,11,2,491383.94,87658.24,46054.89,66,Electronics,2,3,Damaged Product,High,Resolved,7,1,No,4.3,0,0.0,No Return,0,0.0,No,No,5.3,3.4,1.9,4,0,2,2.9,3,7.0,12.6,No,3.7,4.2,3.7,3.0,2.4,-13,3.9,7.8,0.197,Yes,No,0,Retained,Yes,No,No,No,Not Churned,,9.1
CUST11319,19,Male,Ogun,Regular,Website,2024-09-14,23,9,1,559145.45,63229.39,57845.54,14,Electronics,5,2,Discount Not Applied,Low,Resolved,2,2,No,4.3,1,0.111,Wrong Size,2,32752.43,Yes,Yes,5.6,5.3,0.3,1,1,0,3.5,2,11.9,14.2,No,4.6,3.2,4.6,3.6,3.4,42,7.7,13.75,0.079,No,No,0,Retained,Yes,No,No,No,Not Churned,,2.5
CUST11320,18,Female,Imo,High Value,Referral,2026-01-31,7,10,5,441702.87,200707.5,38983.07,55,Dresses,2,3,Damaged Product,Medium,Resolved,7,2,No,4.1,3,0.3,Defective,4,48113.36,Yes,Yes,6.3,4.8,1.5,2,0,0,3.6,3,2.7,18.4,No,3.2,4.6,3.2,4.0,3.8,25,7.9,3.9,0.408,Yes,Yes,6,Retained,Yes,No,No,No,Not Churned,,37.9
CUST11321,64,Female,Lagos,High Value,Google,2025-05-20,15,12,4,459407.14,159180.0,36727.63,42,Trousers,1,3,Damaged Product,Critical,Resolved,3,0,No,5.0,0,0.0,No Return,0,0.0,No,No,5.1,5.2,0.0,0,0,1,4.9,3,3.8,6.8,No,3.6,4.8,3.6,4.9,4.6,68,8.9,3.31,0.465,No,No,0,Retained,Yes,No,No,No,Not Churned,,7.1
CUST11322,22,Female,Plateau,Regular,Facebook,2024-08-08,25,9,1,335951.33,42072.48,39065.5,17,Trousers,4,2,Unexpected Charge,Medium,Escalated,2,1,Yes,4.9,1,0.111,Wrong Item,5,35306.04,Yes,Yes,5.2,3.1,2.1,1,0,0,3.6,2,8.1,9.2,Yes,4.6,3.8,4.6,3.9,4.2,15,9.8,13.66,0.181,No,No,0,Churned,No,Yes,No,No,Poor Product Quality,1774396800000000000,40.1
CUST11323,37,Male,Ogun,Loyal,Email,2024-02-24,30,9,1,251098.32,22683.58,25691.42,34,Beauty,3,2,Delivery Fee,Medium,Resolved,7,1,No,4.2,1,0.111,Changed Mind,3,16197.23,No,No,3.8,5.3,0.0,0,0,1,4.0,2,4.2,8.1,No,4.0,4.3,4.0,4.8,4.8,16,10.0,9.58,0.259,Yes,Yes,2,Retained,Yes,No,No,No,Not Churned,,10.0
CUST11324,28,Male,Rivers,Regular,TikTok,2024-04-17,28,14,2,281244.57,37640.6,18502.84,19,Trousers,3,2,Poor Customer Service,Medium,Resolved,5,2,No,4.2,1,0.071,Defective,3,11192.11,No,No,5.2,4.7,0.5,0,0,1,4.3,2,9.4,18.4,No,3.5,2.6,3.5,2.4,3.1,-15,4.8,8.52,0.214,No,No,0,Churned,No,Yes,No,No,Price Too High,1775347200000000000,18.6
CUST11325,59,Male,Kaduna,Regular,Facebook,2023-04-24,40,11,1,442877.09,42254.16,42289.18,14,Accessories,1,2,Failed Payment,Low,Resolved,8,0,No,3.0,1,0.091,Changed Mind,1,20395.33,No,No,2.0,4.3,0.0,0,0,0,4.2,2,3.6,8.0,No,5.0,5.0,5.0,3.9,3.8,34,9.6,7.24,0.269,Yes,No,0,Retained,Yes,No,No,No,Not Churned,,2.4
CUST11326,19,Female,Rivers,Loyal,Google,2023-11-26,33,8,7,321901.61,247268.63,40898.2,37,Bags,4,0,No Complaint,None,No Complaint,0,0,No,,3,0.375,Product Description Inaccurate,8,43562.86,No,No,3.2,2.5,0.7,1,0,0,3.7,1,6.8,9.9,Yes,3.6,3.4,3.6,2.9,2.9,1,6.7,1.65,0.467,No,No,0,At Risk,Yes,No,Yes,No,Not Churned,,4.9
CUST11327,20,Male,Cross River,Regular,Website,2023-12-05,33,9,5,524567.69,295050.59,63487.8,57,Shoes,5,1,Damaged Product,Low,Resolved,9,1,No,4.2,2,0.222,Damaged,3,97859.92,No,No,3.4,2.7,0.7,1,0,0,3.9,1,3.2,9.0,No,3.9,4.3,3.9,4.4,4.2,36,10.0,3.0,0.059,No,No,0,Retained,Yes,No,No,No,Not Churned,,14.7
CUST11328,40,Male,Oyo,High Value,TikTok,2023-08-26,36,6,1,261357.25,47528.14,48318.41,68,Tops,4,1,Login Problem,High,Resolved,8,1,No,3.3,4,0.667,Damaged,4,125676.65,No,No,3.0,4.8,0.0,1,0,0,4.0,1,3.3,8.0,No,4.7,3.0,4.7,4.5,4.8,15,8.3,8.63,0.319,No,No,0,Retained,Yes,No,No,No,Not Churned,,31.3
CUST11329,29,Male,Rivers,New Customer,Website,2026-04-11,4,16,4,456018.11,102484.62,25957.6,324,Shoes,5,3,Delivery Fee,Low,Resolved,1,2,No,5.0,0,0.0,No Return,0,0.0,No,No,5.0,4.5,0.5,0,0,1,4.6,3,13.7,16.0,No,4.9,5.0,4.9,4.9,4.9,44,8.5,10.7,0.749,No,No,0,At Risk,Yes,No,Yes,No,Not Churned,,74.6
CUST11330,37,Male,Anambra,Regular,Google,2023-03-20,42,10,2,183785.58,39490.63,18742.24,164,Tops,5,3,Delivery Fee,Medium,Resolved,3,2,No,4.5,0,0.0,No Return,0,0.0,No,No,4.0,3.1,0.9,0,0,1,4.0,3,15.3,16.8,No,4.3,4.3,4.3,4.2,3.9,34,8.0,0.63,0.069,Yes,No,0,At Risk,Yes,No,Yes,No,Not Churned,,34.1
CUST11331,22,Female,Abia,High Value,TikTok,2024-04-08,29,10,1,361655.65,37714.98,37831.9,35,Tops,5,2,Website Error,Low,Resolved,3,1,No,4.9,1,0.1,Wrong Size,3,20891.65,Yes,Yes,5.6,3.8,1.8,2,0,0,4.9,2,11.7,19.0,No,4.0,2.9,4.0,4.6,4.4,71,7.8,1.82,0.541,No,Yes,7,Retained,Yes,No,No,No,Not Churned,,36.4
CUST11332,54,Male,Cross River,High Value,Google,2024-08-27,24,13,6,399606.0,187830.55,32385.92,26,Trousers,4,3,Repeated Issue,Medium,Resolved,4,2,No,5.0,1,0.077,Damaged,3,30476.62,No,No,6.7,4.5,2.2,1,0,0,3.4,3,8.2,14.0,No,4.3,4.3,4.3,4.1,4.3,46,6.3,2.38,0.534,Yes,Yes,6,Retained,Yes,No,No,No,Not Churned,,9.1
CUST11333,55,Female,Edo,New Customer,Facebook,2024-07-15,25,11,2,242067.62,50749.21,24445.91,61,Bags,1,2,Duplicate Charge,Low,Resolved,2,1,No,5.0,2,0.182,Duplicate Order,3,35328.42,No,No,2.8,2.5,0.3,0,1,0,4.0,4,6.2,9.5,Yes,3.7,4.0,3.7,3.8,2.9,16,7.0,6.66,0.457,Yes,No,0,Retained,Yes,No,No,No,Not Churned,,8.8
CUST11334,47,Female,Anambra,Regular,Referral,2023-10-12,35,13,4,619558.81,165148.8,41589.87,61,Dresses,5,1,Repeated Issue,Medium,Resolved,1,2,No,5.0,1,0.077,Poor Quality,7,23329.38,Yes,Yes,5.3,4.5,0.8,0,0,0,4.5,1,2.4,10.0,No,3.1,3.5,3.1,3.9,3.2,18,9.5,7.4,0.222,No,No,0,Churned,No,Yes,No,No,Price Too High,1787529600000000000,48.9
CUST11335,26,Female,Imo,Loyal,Email,2023-08-11,37,6,3,106296.5,58133.39,18094.21,72,Dresses,1,1,Unexpected Charge,Low,Resolved,6,0,No,4.0,1,0.167,Duplicate Order,4,8488.67,Yes,Yes,2.1,3.7,0.0,0,0,1,3.7,1,19.1,20.6,No,4.2,4.5,4.2,4.3,4.1,25,10.0,0.06,0.139,No,No,0,Churned,No,Yes,No,No,Poor Customer Service,1778630400000000000,52.6
CUST11336,51,Female,Enugu,New Customer,Google,2024-08-15,24,7,4,153812.96,102348.11,23771.67,110,Electronics,5,2,Poor Customer Service,Low,Resolved,5,0,No,4.3,0,0.0,No Return,0,0.0,No,No,3.3,2.8,0.5,1,0,0,4.2,2,2.5,5.0,No,3.7,4.1,3.7,4.0,4.3,12,7.8,4.37,0.219,Yes,No,0,Dormant,Yes,No,No,Yes,Not Churned,,54.1
CUST11337,61,Female,Cross River,High Value,Google,2024-01-08,32,12,1,1680724.01,125942.44,125804.44,110,Shoes,1,1,Delivery Fee,Low,Resolved,8,1,No,3.9,0,0.0,No Return,0,0.0,No,No,3.8,3.0,0.8,1,0,0,4.3,2,7.5,10.8,No,3.8,4.7,3.8,4.4,3.9,64,6.3,2.92,0.337,No,Yes,4,Dormant,Yes,No,No,Yes,Not Churned,,36.2
CUST11338,52,Male,Kaduna,High Value,TikTok,2025-06-29,14,11,3,235958.03,59315.39,19949.67,121,Beauty,1,3,Coupon Expired,Medium,Closed,5,0,No,5.0,0,0.0,No Return,0,0.0,No,No,3.6,3.8,0.0,0,0,0,5.0,3,4.4,9.1,No,3.1,3.9,3.1,4.1,3.8,29,8.8,13.24,0.309,No,No,0,At Risk,Yes,No,Yes,No,Not Churned,,19.6
CUST11339,39,Female,Lagos,New Customer,Referral,2025-04-07,17,8,3,335120.37,121684.0,39559.68,41,Dresses,1,6,Product Not as Described,Medium,Resolved,5,0,No,5.0,2,0.25,Damaged,2,72551.16,No,No,4.8,4.4,0.4,0,0,0,4.2,6,6.6,10.8,No,3.4,3.8,3.4,3.9,3.1,39,8.0,3.13,0.182,No,No,0,At Risk,Yes,No,Yes,No,Not Churned,,28.3
CUST11340,61,Male,Ogun,New Customer,Website,2023-08-24,36,15,0,746737.8,0.0,51843.4,31,Dresses,2,2,Poor Customer Service,Medium,Escalated,2,1,Yes,4.5,1,0.067,Defective,3,29074.6,Yes,Yes,4.4,3.5,0.9,0,0,0,4.7,2,1.3,8.0,Yes,4.1,4.1,4.1,4.7,5.0,27,10.0,2.08,0.246,No,No,0,Retained,Yes,No,No,No,Not Churned,,7.1
CUST11341,41,Female,Kaduna,New Customer,Website,2024-11-01,22,14,3,667467.33,148739.96,48052.3,35,Electronics,4,1,Wrong Product,Medium,Closed,2,2,No,4.2,2,0.143,Not as Expected,5,88005.75,No,No,1.4,2.8,0.0,0,0,0,3.8,2,5.3,10.7,No,5.0,4.2,5.0,4.6,4.5,67,8.8,0.28,0.223,No,No,0,Retained,Yes,No,No,No,Not Churned,,5.8
CUST11342,34,Female,Edo,High Value,Instagram,2025-04-07,17,5,3,245132.38,133539.57,44283.95,37,Trousers,5,1,Unexpected Charge,Medium,Resolved,6,1,No,4.6,0,0.0,No Return,0,0.0,No,No,6.1,5.0,1.1,0,0,1,3.4,1,9.2,10.7,No,3.4,4.1,3.4,3.7,3.5,-3,7.8,10.51,0.245,No,No,0,Retained,Yes,No,No,No,Not Churned,,4.6
CUST11343,27,Male,Kano,Regular,Email,2025-02-01,19,9,2,376621.5,82734.21,39749.18,30,Electronics,5,1,Stock Availability,Low,Resolved,2,2,No,4.2,1,0.111,Duplicate Order,4,21712.77,No,No,4.7,4.0,0.7,0,0,1,3.6,1,0.9,4.0,No,4.4,4.5,4.4,3.8,3.9,37,6.7,1.15,0.04,No,Yes,3,Retained,Yes,No,No,No,Not Churned,,10.1
CUST11344,47,Female,Ogun,Regular,TikTok,2024-01-15,32,9,2,278153.5,56268.01,31752.92,49,Beauty,2,2,Poor Customer Service,Low,Escalated,3,1,Yes,4.3,1,0.111,Product Description Inaccurate,3,19218.32,Yes,No,3.1,3.3,0.0,0,1,0,5.0,2,15.5,26.1,No,3.6,3.2,3.6,4.0,3.8,21,7.7,4.6,0.129,No,No,0,Retained,Yes,No,No,No,Not Churned,,23.6
CUST11345,63,Female,Kano,Regular,Website,2025-03-04,18,11,4,638033.38,269221.32,63774.25,86,Dresses,1,3,Late Delivery,Low,Closed,1,2,No,5.0,0,0.0,No Return,0,0.0,No,No,6.1,4.5,1.6,2,0,0,4.3,3,0.9,8.0,No,2.2,5.0,2.2,4.4,5.0,57,8.6,2.06,0.258,Yes,No,0,Dormant,Yes,No,No,Yes,Not Churned,,21.5
CUST11346,40,Male,Enugu,Regular,Referral,2024-09-05,24,7,3,488273.58,172839.49,62109.38,58,Bags,1,1,Coupon Expired,High,Resolved,6,1,No,3.6,0,0.0,No Return,0,0.0,No,No,3.3,3.5,0.0,0,0,0,4.6,1,4.8,6.0,No,3.5,4.8,3.5,4.2,4.2,13,6.3,0.94,0.053,Yes,Yes,2,Retained,Yes,No,No,No,Not Churned,,32.4
CUST11347,49,Female,Edo,New Customer,Website,2024-07-16,25,17,2,1002159.7,111003.88,51802.13,48,Bags,5,2,Poor Product Quality,Low,Resolved,2,1,No,4.7,1,0.059,Duplicate Order,8,43149.91,No,No,6.6,3.6,3.0,4,0,1,3.6,2,0.2,6.6,Yes,5.0,4.6,5.0,4.2,4.0,52,9.7,6.38,0.174,No,No,0,Churned,No,Yes,No,No,Lack of Product Availability,1773964800000000000,37.4
CUST11348,34,Female,Abia,Regular,Instagram,2024-02-24,30,13,1,963253.23,60911.88,68986.27,22,Accessories,3,0,No Complaint,None,No Complaint,0,0,No,,2,0.154,Product Description Inaccurate,8,100209.84,Yes,No,4.5,3.3,1.2,2,1,0,2.8,1,5.3,13.3,Yes,3.7,4.0,3.7,4.1,2.9,34,9.4,14.0,0.188,Yes,Yes,6,Retained,Yes,No,No,No,Not Churned,,3.5
CUST11349,34,Female,Delta,High Value,Google,2023-02-21,42,9,1,485316.41,43015.89,50553.36,18,Shoes,5,2,Poor Product Quality,Medium,Closed,3,2,No,3.1,2,0.222,Defective,2,39052.89,No,No,3.9,3.6,0.3,0,0,0,4.0,2,7.1,10.1,No,4.0,3.5,4.0,4.0,3.5,-1,7.9,4.52,0.363,Yes,Yes,3,Retained,Yes,No,No,No,Not Churned,,27.4
CUST11350,31,Male,Delta,High Value,Website,2025-03-29,17,11,3,307584.54,69872.85,27275.39,56,Electronics,5,1,Issue Not Resolved,Medium,Resolved,1,2,No,4.4,0,0.0,No Return,0,0.0,No,No,4.6,3.3,1.3,2,1,0,3.7,3,7.7,22.0,No,5.0,4.7,5.0,3.9,3.7,41,8.2,12.49,0.262,No,No,0,Churned,No,Yes,No,No,Poor Product Quality,1784505600000000000,8.1
CUST11351,26,Male,Plateau,Loyal,Facebook,2023-07-24,37,11,4,288616.11,82922.27,22969.14,74,Trousers,2,5,Refund Delayed,Medium,Resolved,6,3,No,4.3,0,0.0,No Return,0,0.0,No,No,7.0,5.4,1.6,1,0,1,3.0,5,6.6,14.0,No,4.1,4.6,4.1,3.3,2.8,0,5.4,4.36,0.195,Yes,No,0,At Risk,Yes,No,Yes,No,Not Churned,,10.1
CUST11352,57,Male,Delta,New Customer,Instagram,2025-09-27,11,8,1,326384.69,33575.16,38221.19,95,Accessories,1,0,No Complaint,None,No Complaint,0,0,No,,0,0.0,No Return,0,0.0,No,No,2.3,3.3,0.0,1,0,1,3.0,0,4.7,18.3,Yes,4.4,4.0,4.4,2.9,2.6,-11,4.6,2.95,0.562,No,No,0,At Risk,Yes,No,Yes,No,Not Churned,,12.7
CUST11353,19,Male,Lagos,Regular,Website,2024-12-31,20,10,7,331434.6,254609.15,36796.7,51,Shoes,4,0,No Complaint,None,No Complaint,0,0,No,,0,0.0,No Return,0,0.0,No,No,4.5,4.4,0.1,0,0,0,3.6,2,7.8,11.6,Yes,4.3,4.2,4.3,3.9,4.1,22,7.4,11.89,0.293,Yes,No,0,Churned,No,Yes,No,No,No Longer Needed,1771718400000000000,33.9
CUST11354,62,Female,Lagos,Loyal,Website,2023-09-14,36,7,3,253074.5,115333.83,39958.91,80,Shoes,5,3,Coupon Expired,Low,Closed,2,1,No,4.6,2,0.286,Poor Quality,5,39066.19,No,No,2.6,3.1,0.0,0,0,0,4.5,3,3.1,7.1,Yes,4.7,3.8,4.7,3.9,3.2,36,9.7,8.92,0.049,No,Yes,7,Churned,No,Yes,No,No,No Longer Needed,1784764800000000000,59.1
CUST11355,42,Female,Delta,Regular,Instagram,2023-07-04,38,15,3,1142173.32,200655.53,66784.12,68,Trousers,5,0,No Complaint,None,No Complaint,0,0,No,,1,0.067,Wrong Size,2,60474.11,Yes,Yes,7.6,4.2,3.4,5,0,1,3.3,2,2.0,5.4,Yes,4.2,3.6,4.2,3.5,3.1,-14,6.7,9.83,0.11,No,No,0,Retained,Yes,No,No,No,Not Churned,,11.8
CUST11356,56,Male,Kano,High Value,Website,2023-05-25,39,11,2,333205.95,47954.61,26695.9,49,Bags,4,3,Damaged Product,Medium,Resolved,6,0,No,5.0,1,0.091,Late Delivery,4,12773.05,No,No,2.1,4.0,0.0,0,0,1,4.1,3,23.2,33.9,No,4.2,4.4,4.2,4.7,4.3,36,7.7,4.28,0.223,No,Yes,7,Retained,Yes,No,No,No,Not Churned,,33.1
CUST11357,26,Female,Edo,Loyal,TikTok,2025-11-03,10,9,6,275932.04,185354.79,29748.35,26,Shoes,2,1,Wrong Product,Low,Resolved,2,1,No,4.5,0,0.0,No Return,0,0.0,No,No,5.4,4.2,1.2,0,0,1,3.0,1,2.7,6.0,Yes,3.5,4.1,3.5,3.2,3.4,11,6.2,9.6,0.364,No,No,0,Retained,Yes,No,No,No,Not Churned,,6.1
CUST11358,39,Female,Rivers,New Customer,Referral,2023-09-03,36,3,3,103940.78,103940.78,36944.19,84,Shoes,3,2,App Crash,Medium,Resolved,1,1,No,4.3,2,0.667,Wrong Item,11,46928.29,No,No,3.0,3.6,0.0,0,0,1,3.7,5,3.0,6.0,Yes,3.6,4.2,3.6,3.8,2.9,20,6.9,6.74,0.124,No,Yes,2,Dormant,Yes,No,No,Yes,Not Churned,,20.3
CUST11359,60,Female,Edo,High Value,Website,2023-07-06,38,7,2,216432.86,53955.96,29800.09,33,Bags,2,3,Repeated Issue,High,Resolved,4,1,No,4.5,1,0.143,Duplicate Order,2,20283.56,No,No,4.3,5.1,0.0,0,0,0,4.3,4,4.2,9.9,No,4.2,4.2,4.2,4.3,4.2,20,8.3,1.8,0.254,Yes,No,0,Retained,Yes,No,No,No,Not Churned,,11.2
CUST11360,63,Female,Imo,High Value,Google,2025-05-15,15,11,2,158688.73,25228.51,13281.92,38,Accessories,5,2,Rude Staff,Low,Resolved,3,1,No,5.0,3,0.273,Poor Quality,3,18861.67,No,No,4.2,3.4,0.8,0,2,1,3.1,2,6.7,7.6,No,3.2,2.8,3.2,3.3,3.3,-9,7.5,7.89,0.292,Yes,Yes,4,Retained,Yes,No,No,No,Not Churned,,4.9
CUST11361,21,Other,Plateau,New Customer,Facebook,2023-02-09,43,14,1,316805.35,26407.52,25649.54,228,Trousers,2,1,Price Increase,Low,Closed,4,1,No,5.0,2,0.143,Damaged,7,23522.79,No,No,5.6,5.1,0.5,1,0,0,5.0,1,5.6,7.1,No,3.3,4.6,3.3,4.5,4.5,65,10.0,2.04,0.081,No,No,0,At Risk,Yes,No,Yes,No,Not Churned,,42.9
CUST11362,43,Female,Delta,Regular,Facebook,2024-08-23,24,10,4,219921.14,81418.33,19953.66,105,Beauty,4,1,Late Delivery,Low,Closed,5,1,No,3.7,1,0.1,Damaged,4,10916.31,Yes,No,5.1,3.7,1.4,0,0,0,4.0,2,3.6,10.1,No,4.1,5.0,4.1,3.9,3.3,25,5.7,1.44,0.221,No,No,0,Churned,No,Yes,No,No,Website/App Problems,1770422400000000000,17.9
CUST11363,46,Female,Edo,Regular,Referral,2025-08-19,12,5,1,310236.61,61127.21,61708.22,118,Shoes,2,2,Coupon Expired,Low,Resolved,1,2,No,5.0,1,0.2,Wrong Size,2,22692.61,Yes,No,5.2,4.5,0.7,0,0,0,3.9,2,12.4,14.2,No,3.2,3.7,3.2,4.0,3.6,3,10.0,6.76,0.186,No,No,0,Churned,No,Yes,No,No,Inactive,1777075200000000000,26.4
CUST11364,62,Female,Oyo,Regular,Referral,2025-09-12,11,14,3,302695.39,70652.29,21512.37,32,Dresses,5,1,Delivery Fee,High,Escalated,3,2,Yes,4.7,1,0.071,Not as Expected,10,9093.72,No,No,1.7,2.5,0.0,1,0,0,4.5,1,1.7,13.9,No,4.0,4.1,4.0,4.3,3.9,36,9.7,1.83,0.165,Yes,No,0,Retained,Yes,No,No,No,Not Churned,,40.3
CUST11365,51,Male,Lagos,New Customer,Website,2023-01-09,44,14,0,437799.88,0.0,31357.25,50,Bags,4,1,Stock Availability,Medium,Resolved,2,0,No,5.0,0,0.0,No Return,0,0.0,No,No,5.6,3.8,1.8,2,0,0,4.8,1,4.6,9.5,Yes,3.1,5.0,3.1,3.8,3.8,28,9.9,5.44,0.403,Yes,Yes,3,Churned,No,Yes,No,No,No Longer Needed,1787184000000000000,54.4
CUST11366,40,Female,Lagos,Regular,Website,2023-12-16,33,10,2,349950.11,63775.11,32803.77,67,Beauty,4,4,Poor Product Quality,Medium,Closed,3,0,No,3.9,1,0.1,Duplicate Order,3,23444.27,No,No,4.8,4.4,0.4,1,0,0,3.8,4,26.8,32.1,No,3.3,4.4,3.3,3.8,3.3,33,6.1,2.16,0.17,No,No,0,Retained,Yes,No,No,No,Not Churned,,10.5
CUST11367,54,Female,Kano,High Value,Referral,2023-03-25,41,9,3,342661.93,122691.15,40652.78,66,Dresses,5,1,Return Difficulty,Low,Resolved,2,2,No,4.1,1,0.111,Wrong Size,11,22812.47,No,No,2.5,3.4,0.0,0,1,0,4.3,3,11.8,13.4,No,4.8,3.1,4.8,3.5,3.3,6,8.8,1.39,0.464,No,No,0,Retained,Yes,No,No,No,Not Churned,,24.2
CUST11368,28,Male,Rivers,Regular,Website,2024-06-16,26,4,0,151369.96,0.0,36254.6,51,Dresses,5,1,Wrong Product,Low,Resolved,3,1,No,4.0,2,0.5,Changed Mind,4,28560.77,Yes,Yes,2.6,3.5,0.0,0,0,0,4.7,1,6.9,11.4,No,4.0,3.8,4.0,3.8,3.7,18,6.7,2.46,0.287,Yes,No,0,Churned,No,Yes,No,No,Negative Overall Experience,1780444800000000000,17.4
CUST11369,23,Male,Plateau,New Customer,Facebook,2025-09-15,11,11,6,364964.06,219994.18,37199.6,29,Tops,5,4,Product Not as Described,Low,Escalated,3,1,Yes,4.2,0,0.0,No Return,0,0.0,No,No,3.5,3.7,0.0,0,0,0,4.2,4,3.3,7.5,No,2.8,4.0,2.8,3.4,2.5,33,7.4,0.46,0.134,No,Yes,5,Retained,Yes,No,No,No,Not Churned,,3.6
CUST11370,35,Female,Delta,Loyal,Instagram,2023-12-24,32,6,1,138349.43,20153.12,20979.88,41,Beauty,3,0,No Complaint,None,No Complaint,0,0,No,,1,0.167,Changed Mind,4,9332.49,No,No,5.8,3.3,2.5,1,0,1,3.2,4,6.0,12.4,Yes,4.2,3.6,4.2,3.2,3.2,30,7.9,1.78,0.205,Yes,No,0,Retained,Yes,No,No,No,Not Churned,,14.2
CUST11371,38,Female,Kaduna,Regular,Website,2024-01-13,32,13,4,401216.37,121252.22,28052.76,41,Tops,5,1,Website Error,Medium,Resolved,8,0,No,4.7,2,0.154,Wrong Size,7,21517.2,Yes,Yes,1.0,4.3,0.0,0,0,0,3.2,1,3.4,8.0,No,4.4,3.8,4.4,3.7,3.2,36,5.6,5.04,0.167,Yes,Yes,3,Retained,Yes,No,No,No,Not Churned,,7.1
CUST11372,59,Female,Ogun,Loyal,Instagram,2023-06-21,38,9,2,142713.62,32121.6,16445.7,64,Accessories,2,3,Order Cancellation,Medium,Closed,4,0,No,4.3,0,0.0,No Return,0,0.0,No,No,3.8,2.6,1.2,3,1,1,3.9,3,7.2,10.3,No,4.0,4.6,4.0,4.3,4.5,8,7.8,5.04,0.405,No,No,0,Retained,Yes,No,No,No,Not Churned,,8.1
CUST11373,53,Female,Kano,Regular,Facebook,2025-11-14,9,10,0,348688.18,0.0,38382.2,104,Electronics,1,4,Late Delivery,Low,Resolved,4,1,No,3.2,1,0.1,Late Delivery,12,24120.33,Yes,Yes,6.1,5.0,1.1,0,0,0,3.9,4,2.9,5.2,No,4.3,3.6,4.3,4.2,3.3,12,5.8,16.15,0.703,No,No,0,Dormant,Yes,No,No,Yes,Not Churned,,36.3
CUST11374,58,Female,Kano,Regular,TikTok,2024-01-28,31,11,1,263151.76,22943.55,22112.08,105,Bags,3,1,Price Increase,Medium,Resolved,2,1,No,4.4,0,0.0,No Return,0,0.0,No,No,6.9,5.4,1.5,2,0,0,3.8,1,1.3,4.6,Yes,4.0,4.8,4.0,4.5,3.8,30,8.9,4.99,0.117,No,No,0,Churned,No,Yes,No,No,Competitor,1773619200000000000,33.6
CUST11375,55,Female,Rivers,Regular,Google,2026-01-31,7,9,2,554014.79,109055.85,61131.85,29,Electronics,3,3,Unexpected Charge,Low,Resolved,2,5,Yes,3.6,4,0.444,Not as Expected,5,121973.09,No,No,3.2,3.0,0.2,0,0,0,3.8,3,4.6,6.7,No,3.5,4.2,3.5,4.3,3.6,27,10.0,0.76,0.213,No,No,0,Retained,Yes,No,No,No,Not Churned,,5.4
CUST11376,51,Female,Anambra,Loyal,Website,2024-12-02,21,10,1,139918.77,11045.79,12385.03,23,Accessories,1,0,No Complaint,None,No Complaint,0,0,No,,0,0.0,No Return,0,0.0,No,No,3.0,3.2,0.0,0,0,0,5.0,0,6.9,14.2,Yes,4.4,4.1,4.4,3.6,4.0,33,8.4,1.49,0.507,Yes,No,0,Retained,Yes,No,No,No,Not Churned,,23.9
CUST11377,34,Female,Abia,Regular,Facebook,2024-07-02,26,8,2,628948.58,149830.61,80597.99,107,Beauty,2,3,Late Delivery,High,Closed,4,1,No,4.0,0,0.0,No Return,0,0.0,No,No,7.6,5.3,2.3,2,0,0,2.6,3,1.6,5.8,No,4.2,3.7,4.2,4.4,5.0,53,10.0,8.71,0.365,No,No,0,Dormant,Yes,No,No,Yes,Not Churned,,16.7
CUST11378,54,Male,Delta,Loyal,Instagram,2025-02-22,18,9,2,356704.57,62064.67,35796.22,22,Tops,3,2,Unexpected Charge,High,Escalated,2,0,Yes,5.0,1,0.111,Wrong Color,6,15118.37,Yes,Yes,1.4,3.0,0.0,0,0,0,3.5,4,10.6,19.9,Yes,3.8,4.8,3.8,3.5,3.4,40,7.2,7.61,0.47,No,No,0,Retained,Yes,No,No,No,Not Churned,,46.6
CUST11379,42,Male,Kaduna,Regular,Google,2023-11-28,33,14,4,342948.27,108901.26,27622.1,16,Accessories,3,2,Return Difficulty,Medium,Resolved,6,0,No,5.0,1,0.071,Wrong Size,4,20233.17,No,No,1.6,2.8,0.0,1,0,0,4.4,2,4.5,7.7,No,4.2,3.0,4.2,2.8,3.0,-11,6.1,1.96,0.364,No,No,0,At Risk,Yes,No,Yes,No,Not Churned,,5.8
CUST11380,55,Male,Abia,Regular,Referral,2025-03-04,18,16,3,725963.13,133152.45,41677.78,40,Accessories,5,2,Late Delivery,High,Resolved,1,0,No,5.0,0,0.0,No Return,0,0.0,No,No,2.4,4.9,0.0,0,0,2,4.0,2,4.8,6.4,Yes,3.9,4.8,3.9,4.4,3.6,13,7.9,11.91,0.24,No,No,0,Retained,Yes,No,No,No,Not Churned,,28.8
CUST11381,29,Female,Lagos,Regular,Google,2024-10-10,23,6,2,411769.62,122651.86,64553.19,150,Bags,4,3,Rude Staff,Medium,Escalated,2,1,Yes,4.2,1,0.167,Changed Mind,7,43656.29,No,No,4.2,4.5,0.0,0,0,0,3.6,3,2.5,5.1,Yes,3.2,4.5,3.2,4.0,3.6,17,6.6,8.48,0.461,No,Yes,2,At Risk,Yes,No,Yes,No,Not Churned,,37.2
CUST11382,40,Female,Rivers,High Value,Referral,2025-09-09,11,8,2,647014.83,160169.06,79128.72,93,Shoes,3,1,Return Difficulty,Low,Resolved,3,4,Yes,3.9,0,0.0,No Return,0,0.0,No,No,8.3,4.5,3.8,4,0,0,3.4,2,5.0,16.7,No,3.9,4.9,3.9,4.5,4.7,46,6.4,0.56,0.347,No,No,0,Dormant,Yes,No,No,Yes,Not Churned,,16.6
CUST11383,59,Male,Kaduna,High Value,Website,2025-11-18,9,17,3,611131.77,104930.38,31931.47,22,Dresses,2,1,Failed Payment,High,Escalated,3,0,Yes,5.0,0,0.0,No Return,0,0.0,No,No,2.1,3.2,0.0,0,0,1,3.7,2,2.3,4.9,No,4.2,2.8,4.2,4.0,4.1,87,8.1,1.45,0.416,No,No,0,Retained,Yes,No,No,No,Not Churned,,3.2
CUST11384,39,Female,Oyo,Regular,Website,2024-06-26,26,8,5,111454.83,55172.22,12281.87,57,Bags,4,2,Exchange Difficulty,Medium,Pending,4,3,No,4.9,2,0.25,Changed Mind,4,9090.27,No,No,4.5,3.6,0.9,1,0,0,4.1,2,3.8,8.2,No,3.8,4.0,3.8,3.3,2.5,-1,7.6,10.25,0.069,Yes,No,0,Retained,Yes,No,No,No,Not Churned,,11.6
CUST11385,38,Female,Kano,Regular,Facebook,2025-11-08,9,14,1,486624.22,28873.65,30732.46,57,Accessories,1,2,Return Difficulty,Critical,Resolved,4,3,No,5.0,0,0.0,No Return,0,0.0,No,No,2.6,3.0,0.0,0,0,0,4.4,2,1.3,6.3,No,3.3,3.8,3.3,4.0,3.6,30,8.6,6.75,0.042,No,No,0,Retained,Yes,No,No,No,Not Churned,,7.9
CUST11386,44,Male,Abia,New Customer,Google,2026-03-17,5,9,3,232604.14,63749.25,24817.3,54,Beauty,3,3,Wrong Product,Medium,Closed,8,1,No,3.5,1,0.111,Damaged,5,18644.84,Yes,No,3.0,3.0,0.0,1,0,0,4.6,3,6.3,12.6,No,3.4,4.2,3.4,4.3,3.4,49,7.6,3.73,0.392,No,No,0,Retained,Yes,No,No,No,Not Churned,,11.4
CUST11387,48,Male,Rivers,Regular,Referral,2024-05-05,28,15,3,670840.39,119404.66,43835.59,100,Dresses,2,3,Late Delivery,Low,Closed,2,0,No,5.0,0,0.0,No Return,0,0.0,No,No,3.0,4.0,0.0,0,1,1,4.0,3,5.8,10.1,Yes,3.1,4.4,3.1,4.1,3.9,12,9.7,2.89,0.274,No,Yes,4,Dormant,Yes,No,No,Yes,Not Churned,,47.7
CUST11388,23,Male,Lagos,Regular,Email,2023-10-10,35,5,4,124988.83,109672.15,26241.0,102,Dresses,1,3,Poor Customer Service,Medium,Resolved,7,1,No,4.7,1,0.2,Poor Quality,2,11285.45,No,No,4.1,4.5,0.0,0,0,0,4.0,3,19.8,24.4,No,3.8,5.0,3.8,4.6,3.9,38,8.7,5.96,0.514,Yes,No,0,Dormant,Yes,No,No,Yes,Not Churned,,34.7
CUST11389,44,Female,Edo,High Value,Email,2025-05-11,15,10,1,171719.78,18852.23,18589.24,83,Bags,5,1,Return Difficulty,Medium,Escalated,1,1,Yes,4.8,3,0.3,Product Description Inaccurate,1,25487.88,No,No,2.6,3.5,0.0,0,0,0,4.2,3,5.7,9.2,Yes,4.5,3.2,4.5,3.7,3.9,-2,8.0,5.54,0.108,Yes,No,0,Dormant,Yes,No,No,Yes,Not Churned,,10.5
CUST11390,57,Female,Plateau,High Value,Facebook,2023-04-23,40,11,3,282206.89,78126.0,24897.89,89,Shoes,5,2,Late Delivery,High,Closed,3,3,No,4.9,1,0.091,Not as Expected,3,22842.52,No,No,6.5,3.9,2.6,3,0,0,3.4,3,10.6,14.3,No,4.1,3.7,4.1,3.6,2.5,17,7.5,9.76,0.146,No,No,0,Dormant,Yes,No,No,Yes,Not Churned,,18.3
CUST11391,51,Male,Lagos,Regular,TikTok,2025-05-11,15,8,3,453657.56,176821.15,61631.95,12,Bags,4,1,Poor Customer Service,Medium,Closed,4,0,No,5.0,0,0.0,No Return,0,0.0,No,No,3.4,3.5,0.0,0,0,0,4.7,1,1.4,5.1,No,3.0,3.6,3.0,3.9,3.9,33,8.6,4.22,0.157,Yes,No,0,Churned,No,Yes,No,No,Negative Overall Experience,1781395200000000000,18.3
CUST11392,29,Female,Abia,Regular,Google,2024-09-01,24,6,2,189362.57,70440.59,34065.2,132,Trousers,1,2,Poor Customer Service,Medium,Resolved,11,1,No,4.4,1,0.167,Not as Expected,2,15500.87,Yes,No,3.5,5.2,0.0,0,0,0,3.6,2,6.6,18.4,No,3.8,4.4,3.8,3.8,2.6,5,8.2,1.97,0.282,No,Yes,7,Churned,No,Yes,No,No,Poor Product Quality,1768089600000000000,48.0
CUST11393,62,Male,Cross River,Loyal,Instagram,2024-05-22,27,15,4,751127.57,205136.0,51289.68,29,Tops,4,2,Price Increase,Medium,Closed,3,1,No,4.2,0,0.0,No Return,0,0.0,No,No,6.8,4.6,2.2,4,0,1,3.5,2,3.3,7.8,No,3.3,5.0,3.3,4.0,4.4,17,7.4,11.56,0.202,No,No,0,Retained,Yes,No,No,No,Not Churned,,4.4
CUST11394,24,Male,Oyo,Loyal,Instagram,2024-04-10,29,8,1,195299.68,24456.62,26238.06,12,Tops,1,1,Login Problem,Low,Closed,1,1,No,4.0,0,0.0,No Return,0,0.0,No,No,2.4,4.4,0.0,0,0,0,4.4,1,4.0,10.7,Yes,3.1,4.3,3.1,4.2,3.9,62,5.3,6.9,0.159,No,Yes,6,Retained,Yes,No,No,No,Not Churned,,2.0
CUST11395,27,Male,Rivers,New Customer,Google,2025-04-03,17,10,1,571747.09,53663.28,56303.88,58,Trousers,1,1,Product Not as Described,Medium,Resolved,2,0,No,3.5,0,0.0,No Return,0,0.0,No,No,6.0,4.7,1.3,0,0,0,4.5,2,7.4,14.8,Yes,5.0,4.0,5.0,4.9,4.8,47,10.0,21.68,0.064,No,No,0,Retained,Yes,No,No,No,Not Churned,,13.0
CUST11396,62,Female,Ogun,Regular,Google,2024-08-31,24,7,2,156363.51,41559.2,21088.92,39,Tops,5,1,Poor Product Quality,High,Resolved,2,1,No,4.0,1,0.143,Changed Mind,2,8649.56,Yes,Yes,3.5,3.3,0.2,0,0,0,3.9,1,1.1,2.3,Yes,4.3,4.9,4.3,4.0,3.7,12,6.6,11.5,0.351,No,No,0,Retained,Yes,No,No,No,Not Churned,,5.4
CUST11397,34,Female,Oyo,Regular,Instagram,2026-01-26,7,11,1,261495.25,24232.32,22249.68,152,Electronics,4,1,Refund Rejected,Low,Resolved,5,2,No,5.0,0,0.0,No Return,0,0.0,No,No,7.3,5.3,2.0,1,0,0,4.5,2,4.8,8.0,No,3.3,4.7,3.3,4.2,5.0,23,8.0,8.18,0.122,No,Yes,5,At Risk,Yes,No,Yes,No,Not Churned,,19.6
CUST11398,43,Male,Delta,Regular,TikTok,2023-10-17,35,8,4,505119.7,267111.42,61669.15,51,Trousers,5,1,Late Delivery,Medium,Resolved,7,0,No,4.1,1,0.125,Changed Mind,6,47735.13,No,No,2.0,3.1,0.0,0,0,0,4.2,1,2.4,7.0,No,4.0,2.8,4.0,3.8,3.4,23,6.9,6.54,0.08,No,No,0,Retained,Yes,No,No,No,Not Churned,,10.2
CUST11399,38,Male,Delta,Regular,Facebook,2025-05-17,15,8,4,492821.89,264690.75,60342.44,136,Beauty,1,1,Return Difficulty,Low,Escalated,7,2,Yes,5.0,1,0.125,Duplicate Order,10,50749.88,No,No,4.8,2.9,1.9,0,0,1,1.6,1,1.9,7.0,No,4.1,4.6,4.1,3.4,3.3,5,7.4,7.01,0.202,No,No,0,Churned,No,Yes,No,No,Price Too High,1776816000000000000,51.5
CUST11400,45,Male,Cross River,New Customer,Referral,2026-03-25,5,18,3,232515.71,32829.56,12812.49,67,Accessories,5,2,Product Not as Described,Low,Closed,1,3,No,4.5,1,0.056,Wrong Item,5,8674.1,No,No,6.2,5.2,1.0,2,0,0,4.1,2,2.9,12.4,No,3.6,3.9,3.6,4.0,4.0,37,8.3,10.18,0.208,No,Yes,6,Retained,Yes,No,No,No,Not Churned,,23.9
CUST11401,63,Female,Ogun,Loyal,Google,2025-02-20,18,11,4,536958.81,212400.37,51588.8,156,Bags,4,1,Issue Not Resolved,Medium,Resolved,3,1,No,4.4,1,0.091,Duplicate Order,13,24109.41,No,No,3.9,3.3,0.6,2,0,0,3.9,2,5.4,12.1,No,4.2,3.4,4.2,4.3,3.5,41,9.0,5.43,0.145,Yes,No,0,Churned,No,Yes,No,No,No Longer Needed,1782172800000000000,44.7
CUST11402,19,Female,Imo,Regular,Instagram,2023-06-11,39,6,1,106678.2,18066.06,16826.55,96,Electronics,4,0,No Complaint,None,No Complaint,0,0,No,,4,0.667,Wrong Size,6,56166.51,No,No,5.6,5.0,0.6,1,1,1,3.5,2,5.8,11.7,Yes,4.4,4.4,4.4,3.7,4.2,10,9.0,9.36,0.156,No,Yes,2,Dormant,Yes,No,No,Yes,Not Churned,,17.7
CUST11403,60,Male,Edo,New Customer,Google,2024-09-15,23,10,3,563892.0,165555.71,53328.27,20,Dresses,2,1,Poor Product Quality,Low,Resolved,7,1,No,4.3,1,0.1,Wrong Item,5,30583.81,No,No,2.4,3.4,0.0,1,0,0,4.5,1,2.4,10.2,No,2.9,3.6,2.9,3.2,2.1,24,6.6,7.42,0.119,No,Yes,4,Retained,Yes,No,No,No,Not Churned,,24.8
CUST11404,18,Male,Abia,Regular,Facebook,2024-12-17,20,14,1,699530.84,50231.46,52647.99,47,Beauty,5,1,Return Difficulty,Low,Resolved,3,1,No,4.5,0,0.0,No Return,0,0.0,No,No,8.1,3.4,4.7,7,0,1,3.0,1,1.9,4.4,No,2.6,3.7,2.6,3.1,2.8,-2,6.9,4.55,0.105,No,Yes,3,Retained,Yes,No,No,No,Not Churned,,7.9
CUST11405,53,Male,Cross River,Loyal,Referral,2026-01-25,7,7,4,510452.19,281331.87,68205.11,10,Tops,2,3,Poor Customer Service,Medium,Resolved,1,1,No,4.8,0,0.0,No Return,0,0.0,No,No,5.8,5.4,0.4,1,0,0,5.0,3,7.0,8.2,Yes,3.2,3.5,3.2,3.6,3.3,28,6.8,2.46,0.29,No,No,0,Retained,Yes,No,No,No,Not Churned,,10.2
CUST11406,43,Female,Ogun,Loyal,Facebook,2024-07-20,25,10,2,805937.42,139346.87,72498.46,24,Beauty,1,2,Damaged Product,Low,Resolved,7,0,No,4.1,1,0.1,Not as Expected,5,49473.31,Yes,No,5.4,5.4,0.0,0,0,0,3.7,4,7.0,7.7,No,3.3,3.5,3.3,3.9,3.5,-8,6.1,10.17,0.14,No,Yes,5,Retained,Yes,No,No,No,Not Churned,,19.3
CUST11407,46,Male,Cross River,Regular,Referral,2025-09-20,11,10,3,372858.01,110565.02,35832.04,7,Electronics,5,3,Price Increase,Low,Escalated,2,0,Yes,5.0,1,0.1,Poor Quality,3,19778.4,No,No,5.2,5.4,0.0,0,0,0,5.0,3,22.7,24.8,Yes,4.2,3.7,4.2,4.4,3.8,34,8.8,10.89,0.481,Yes,No,0,Retained,Yes,No,No,No,Not Churned,,2.3
CUST11408,38,Male,Imo,Regular,Instagram,2026-02-14,6,8,6,207229.94,178154.81,28411.46,77,Dresses,3,1,Late Delivery,Low,Resolved,3,1,No,4.2,4,0.5,Damaged,5,55703.51,No,No,3.7,2.9,0.8,1,1,0,3.9,2,7.1,14.4,No,4.8,3.7,4.8,4.3,3.6,35,10.0,4.15,0.091,No,No,0,Churned,No,Yes,No,No,Price Too High,1782604800000000000,24.2
CUST11409,28,Male,Kano,High Value,TikTok,2024-08-18,24,8,1,245402.2,33603.47,31677.54,10,Beauty,2,1,Price Increase,Critical,Resolved,2,0,No,5.0,0,0.0,No Return,0,0.0,No,No,5.0,4.2,0.8,2,0,0,3.2,1,8.4,12.9,Yes,4.3,3.8,4.3,3.7,3.7,43,6.5,4.34,0.673,Yes,No,0,Retained,Yes,No,No,No,Not Churned,,6.7
CUST11410,57,Female,Anambra,Regular,TikTok,2025-08-16,12,13,5,354453.4,155451.23,30126.03,60,Shoes,4,2,Late Delivery,Medium,Resolved,3,1,No,5.0,2,0.154,Not as Expected,3,52442.69,No,No,3.8,2.6,1.2,1,0,2,3.9,2,5.1,8.9,No,3.4,3.8,3.4,3.0,2.6,0,5.9,9.4,0.049,No,No,0,Retained,Yes,No,No,No,Not Churned,,12.1
CUST11411,28,Female,Abuja,Regular,Instagram,2025-10-09,10,8,1,217317.25,25143.48,28250.95,69,Tops,2,1,Return Difficulty,Medium,Resolved,6,3,No,4.6,1,0.125,Duplicate Order,5,24710.6,No,No,4.6,4.6,0.0,0,0,0,5.0,2,9.6,13.5,No,3.7,3.8,3.7,4.2,4.0,52,7.6,12.58,0.283,No,No,0,Retained,Yes,No,No,No,Not Churned,,9.3
CUST11412,53,Male,Kaduna,Regular,Google,2024-04-19,28,15,5,411301.07,158581.26,29256.66,60,Accessories,5,2,Product Not as Described,Medium,Escalated,1,4,Yes,4.6,2,0.133,Duplicate Order,2,35952.92,No,No,5.7,4.5,1.2,1,1,0,3.2,5,5.3,8.7,No,3.1,4.0,3.1,3.7,3.8,28,4.7,4.46,0.32,No,No,0,Retained,Yes,No,No,No,Not Churned,,7.8
CUST11413,56,Female,Oyo,New Customer,Instagram,2024-09-09,24,10,2,566079.72,99318.63,54972.55,41,Accessories,2,1,Price Increase,Low,Resolved,4,0,No,4.1,1,0.1,Damaged,6,49209.64,No,No,7.2,5.5,1.7,2,0,1,3.3,1,3.9,5.9,No,3.8,4.6,3.8,3.6,2.6,-4,8.4,8.19,0.057,No,No,0,Retained,Yes,No,No,No,Not Churned,,5.8
CUST11414,57,Female,Kaduna,Regular,Referral,2024-10-02,23,12,2,205121.57,32297.19,17190.47,44,Electronics,4,2,Rude Staff,Medium,Closed,2,2,No,4.2,1,0.083,Late Delivery,1,11379.39,No,No,7.9,5.1,2.8,3,0,0,4.4,2,4.2,9.6,No,3.9,3.8,3.9,3.7,3.6,-15,6.5,3.1,0.348,No,No,0,Retained,Yes,No,No,No,Not Churned,,24.1
CUST11415,52,Male,Edo,High Value,Facebook,2023-09-19,35,9,6,519970.82,308650.17,53737.52,76,Bags,2,1,Stock Availability,Medium,Closed,2,0,No,5.0,1,0.111,Wrong Color,4,30206.13,No,No,3.9,3.2,0.7,1,0,1,3.9,1,2.5,4.7,Yes,5.0,4.1,5.0,3.6,3.4,51,6.6,3.47,0.301,No,No,0,Dormant,Yes,No,No,Yes,Not Churned,,9.7
CUST11416,51,Female,Kaduna,Loyal,Referral,2023-06-11,39,9,0,280532.22,0.0,31870.72,38,Trousers,2,3,Return Difficulty,Medium,Closed,10,0,No,3.1,1,0.111,Changed Mind,5,25668.59,Yes,No,5.5,3.8,1.7,3,0,0,3.6,3,7.4,10.4,No,3.2,3.8,3.2,3.7,3.2,50,5.9,3.84,0.247,No,No,0,Retained,Yes,No,No,No,Not Churned,,19.7
CUST11417,64,Male,Kaduna,Regular,Referral,2023-06-30,38,9,2,130951.49,32368.91,15784.95,28,Accessories,3,2,Wrong Product,Medium,Resolved,7,2,No,5.0,0,0.0,No Return,0,0.0,No,No,2.2,3.3,0.0,0,0,0,3.3,2,4.1,7.4,No,4.2,4.8,4.2,4.3,4.2,45,10.0,4.99,0.335,Yes,Yes,5,Retained,Yes,No,No,No,Not Churned,,4.6
CUST11418,41,Female,Plateau,High Value,Website,2024-12-25,20,15,1,602584.14,46417.14,42567.7,20,Accessories,1,3,Poor Product Quality,Low,Resolved,7,1,No,4.2,2,0.133,Defective,6,50553.67,No,No,2.5,2.6,0.0,0,0,0,4.0,3,1.1,10.5,No,3.8,3.3,3.8,3.8,3.4,14,9.1,1.98,0.337,No,No,0,Retained,Yes,No,No,No,Not Churned,,3.2
CUST11419,39,Male,Imo,New Customer,Referral,2024-04-13,29,11,3,171586.11,40864.09,15183.3,64,Tops,4,1,Discount Not Applied,Low,Resolved,6,0,No,5.0,3,0.273,Poor Quality,3,37738.78,No,No,2.1,3.6,0.0,1,1,0,3.6,1,1.4,6.0,No,3.2,5.0,3.2,3.7,3.8,13,9.0,1.01,0.264,No,No,0,Retained,Yes,No,No,No,Not Churned,,8.3
CUST11420,22,Male,Lagos,Regular,Referral,2023-01-21,43,11,1,367497.6,32115.22,33360.14,109,Electronics,1,0,No Complaint,None,No Complaint,0,0,No,,0,0.0,No Return,0,0.0,No,No,1.4,2.8,0.0,1,0,0,5.0,0,0.9,4.1,Yes,4.1,3.6,4.1,4.2,4.6,32,9.5,5.51,0.39,No,No,0,Dormant,Yes,No,No,Yes,Not Churned,,15.7
CUST11421,50,Female,Rivers,Regular,Google,2023-09-17,36,12,1,947203.91,79768.48,88539.85,77,Accessories,3,4,Product Not as Described,Medium,Resolved,2,4,Yes,4.3,3,0.25,Wrong Size,8,113441.77,No,No,5.2,4.8,0.4,0,2,0,2.9,4,14.5,18.5,No,3.0,4.7,3.0,3.0,2.6,-10,5.9,12.81,0.413,No,No,0,Churned,No,Yes,No,No,Price Too High,1769472000000000000,58.2
CUST11422,53,Female,Kano,Loyal,Email,2024-04-10,29,12,3,290057.0,78820.18,25805.27,179,Electronics,5,0,No Complaint,None,No Complaint,0,0,No,,1,0.083,Defective,4,23802.77,No,No,4.8,3.7,1.1,1,0,0,4.0,1,6.2,15.9,Yes,5.0,3.8,5.0,4.4,4.0,-1,8.9,13.77,0.413,No,No,0,At Risk,Yes,No,Yes,No,Not Churned,,35.1
CUST11423,64,Female,Abuja,New Customer,Website,2026-02-13,6,9,1,231020.21,24148.72,26735.14,23,Tops,5,6,Poor Product Quality,Medium,Closed,4,4,Yes,3.3,0,0.0,No Return,0,0.0,No,No,3.6,2.6,1.0,1,0,0,3.9,6,2.3,10.4,No,3.7,4.0,3.7,4.0,3.5,49,6.9,2.41,0.358,Yes,No,0,Churned,No,Yes,No,No,Poor Customer Service,1787616000000000000,56.3
CUST11424,37,Female,Rivers,Regular,Facebook,2024-06-20,26,12,3,602595.63,149406.33,46676.06,48,Bags,3,2,Discount Not Applied,Low,Pending,5,1,No,5.0,2,0.167,Changed Mind,4,46414.16,No,No,2.6,3.3,0.0,2,0,0,3.7,2,19.0,21.2,No,3.1,3.4,3.1,3.3,2.2,28,5.9,4.84,0.368,No,No,0,Churned,No,Yes,No,No,Poor Customer Service,1781481600000000000,52.5
CUST11425,36,Male,Lagos,Loyal,Website,2025-08-09,12,14,4,654621.72,190241.66,43407.01,18,Bags,5,1,Poor Customer Service,Medium,Escalated,5,1,Yes,4.4,1,0.071,Not as Expected,4,36197.8,Yes,Yes,4.9,3.5,1.4,2,0,0,5.0,2,6.4,10.7,No,4.5,3.7,4.5,4.3,4.4,-5,8.8,13.65,0.236,No,No,0,Retained,Yes,No,No,No,Not Churned,,2.7
CUST11426,52,Male,Kaduna,Loyal,Google,2025-02-04,19,9,2,417493.99,80685.35,43416.1,26,Dresses,5,0,No Complaint,None,No Complaint,0,0,No,,0,0.0,No Return,0,0.0,No,No,2.6,3.9,0.0,0,0,1,4.9,3,1.5,4.2,Yes,4.9,3.7,4.9,4.2,4.3,30,7.8,10.14,0.316,No,No,0,Retained,Yes,No,No,No,Not Churned,,3.3
CUST11427,60,Female,Abuja,Loyal,Website,2025-08-16,12,13,2,368171.44,53238.88,25723.23,98,Dresses,2,3,Late Delivery,Medium,Escalated,2,1,Yes,5.0,0,0.0,No Return,0,0.0,No,No,3.9,4.5,0.0,1,0,0,4.4,3,12.2,15.7,Yes,4.7,4.5,4.7,4.3,4.1,62,8.2,1.32,0.265,Yes,No,0,Churned,No,Yes,No,No,Poor Customer Service,1771545600000000000,37.4
CUST11428,34,Female,Lagos,Regular,Website,2025-07-22,13,11,2,493317.08,79024.48,40187.38,64,Accessories,2,2,Late Delivery,Low,Escalated,9,2,Yes,3.3,2,0.182,Changed Mind,5,57695.05,Yes,Yes,5.1,4.9,0.2,0,1,0,5.0,2,6.1,21.2,No,4.0,3.3,4.0,4.0,3.5,41,7.5,7.13,0.39,No,No,0,Retained,Yes,No,No,No,Not Churned,,9.0
CUST11429,62,Female,Imo,New Customer,Facebook,2025-04-30,16,16,2,350305.29,45766.25,24348.42,50,Shoes,2,3,Late Delivery,Low,Pending,1,0,No,4.9,0,0.0,No Return,0,0.0,No,No,4.7,5.5,0.0,1,0,1,3.4,3,4.1,18.6,Yes,3.8,3.0,3.8,3.9,4.4,36,6.6,2.77,0.613,No,No,0,Retained,Yes,No,No,No,Not Churned,,6.9
CUST11430,60,Male,Lagos,Regular,TikTok,2026-04-06,4,12,4,486718.81,143772.71,40034.43,67,Beauty,3,2,Late Delivery,Low,Closed,5,0,No,3.9,0,0.0,No Return,0,0.0,No,No,4.4,5.1,0.0,0,0,0,4.7,2,5.7,10.3,No,4.0,3.7,4.0,4.0,4.6,-4,7.8,3.08,0.281,No,No,0,Retained,Yes,No,No,No,Not Churned,,16.0
CUST11431,51,Female,Imo,New Customer,Facebook,2024-06-16,26,6,3,166000.68,92884.32,30065.43,26,Beauty,5,0,No Complaint,None,No Complaint,0,0,No,,1,0.167,Wrong Size,22,28205.98,No,No,4.6,3.9,0.7,1,0,1,2.6,0,5.7,10.7,Yes,4.3,4.3,4.3,3.5,3.4,-1,8.5,3.27,0.637,No,No,0,Churned,No,Yes,No,No,Refund Problems,1767916800000000000,54.4
CUST11432,26,Male,Lagos,High Value,Facebook,2023-01-15,44,12,2,540544.16,82157.36,46172.12,5,Beauty,1,1,Late Delivery,Low,Closed,7,0,No,3.9,1,0.083,Defective,22,28921.62,No,No,2.5,2.8,0.0,1,0,0,3.5,1,12.7,25.8,No,4.2,4.7,4.2,4.3,3.2,33,9.3,8.92,0.253,No,No,0,Retained,Yes,No,No,No,Not Churned,,37.7
CUST11433,43,Male,Delta,Regular,Facebook,2023-02-19,43,13,3,680012.54,136343.99,49391.44,20,Trousers,4,2,Refund Delayed,Medium,Resolved,3,0,No,4.6,2,0.154,Late Delivery,5,50610.53,No,No,4.6,4.5,0.1,0,0,0,3.5,2,6.5,7.2,No,3.2,5.0,3.2,3.6,3.1,38,5.6,1.31,0.867,Yes,No,0,Churned,No,Yes,No,No,Poor Customer Service,1780099200000000000,8.0
CUST11434,19,Male,Cross River,Regular,TikTok,2025-09-25,11,5,3,205568.89,127772.98,39439.65,60,Electronics,5,4,Unexpected Charge,Low,Pending,2,2,No,4.6,1,0.2,Wrong Size,2,13907.84,Yes,No,6.3,3.8,2.5,1,1,0,3.5,4,5.4,6.0,No,4.4,4.4,4.4,4.4,4.4,43,10.0,5.21,0.201,No,No,0,Churned,No,Yes,No,No,Refund Problems,1767571200000000000,40.6
CUST11435,26,Female,Abuja,Loyal,Facebook,2023-10-31,34,11,1,222584.01,21614.86,22121.64,34,Tops,3,0,No Complaint,None,No Complaint,0,0,No,,1,0.091,Wrong Item,5,12120.79,Yes,Yes,5.1,3.7,1.4,0,0,2,3.2,0,9.9,13.2,Yes,4.0,4.9,4.0,4.4,4.2,46,9.3,7.0,0.119,Yes,No,0,Retained,Yes,No,No,No,Not Churned,,37.1
CUST11436,26,Male,Ogun,Regular,Instagram,2024-02-20,30,13,5,218760.94,82517.91,15517.87,131,Tops,2,0,No Complaint,None,No Complaint,0,0,No,,2,0.154,Defective,6,26247.52,No,No,3.8,3.5,0.3,0,0,2,4.0,3,2.6,6.3,Yes,4.8,4.6,4.8,4.8,5.0,90,10.0,3.19,0.174,No,No,0,At Risk,Yes,No,Yes,No,Not Churned,,22.5
CUST11437,57,Female,Lagos,Regular,TikTok,2023-11-01,34,7,3,142091.21,58075.29,18580.18,98,Bags,4,1,Long Waiting Time,Low,Resolved,5,2,No,5.0,1,0.143,Late Delivery,1,6877.38,No,No,2.5,3.0,0.0,0,1,0,3.9,1,5.5,11.4,No,3.7,3.3,3.7,3.5,2.7,33,7.3,3.4,0.242,No,Yes,4,Dormant,Yes,No,No,Yes,Not Churned,,12.9
CUST11438,34,Female,Anambra,Loyal,Instagram,2023-07-15,38,12,4,220830.99,75734.62,20055.57,47,Trousers,4,0,No Complaint,None,No Complaint,0,0,No,,0,0.0,No Return,0,0.0,No,No,4.6,2.8,1.8,6,0,1,3.1,1,1.7,16.1,Yes,4.6,4.7,4.6,4.0,3.2,55,9.6,3.81,0.205,Yes,No,0,Retained,Yes,No,No,No,Not Churned,,7.2
CUST11439,18,Male,Kaduna,Loyal,Instagram,2025-03-23,17,10,0,1407420.98,0.0,134523.36,44,Shoes,4,1,Product Not as Described,High,Resolved,4,1,No,5.0,0,0.0,No Return,0,0.0,No,No,3.9,5.0,0.0,1,0,0,4.0,1,3.5,6.0,No,4.9,4.3,4.9,4.7,5.0,58,8.4,7.31,0.385,No,Yes,7,Retained,Yes,No,No,No,Not Churned,,7.4
CUST11440,42,Male,Abuja,Loyal,Facebook,2025-03-10,18,11,5,548348.05,192111.63,43912.35,68,Accessories,1,1,Wrong Product,High,Closed,5,2,No,3.5,0,0.0,No Return,0,0.0,No,No,2.9,3.1,0.0,0,0,0,4.6,1,6.8,10.4,No,4.2,5.0,4.2,5.0,5.0,77,10.0,6.48,0.412,No,No,0,Retained,Yes,No,No,No,Not Churned,,9.3
CUST11441,60,Female,Delta,New Customer,Google,2024-01-23,31,5,2,161494.67,77782.87,35675.08,26,Shoes,2,4,Unexpected Charge,High,Pending,2,0,No,4.6,1,0.2,Not as Expected,9,21527.12,Yes,Yes,4.9,4.6,0.3,0,1,0,4.4,4,2.4,18.9,Yes,4.1,3.7,4.1,3.3,2.5,9,5.9,4.59,0.552,No,No,0,Churned,No,Yes,No,No,Lack of Product Availability,1767398400000000000,18.0
CUST11442,57,Female,Oyo,Regular,Google,2025-01-26,19,6,0,136108.12,0.0,24538.74,71,Beauty,2,0,No Complaint,None,No Complaint,0,0,No,,0,0.0,No Return,0,0.0,No,No,4.9,4.7,0.2,0,0,2,3.1,1,3.4,9.5,Yes,4.6,4.9,4.6,4.1,4.6,33,10.0,2.58,0.163,No,No,0,Retained,Yes,No,No,No,Not Churned,,9.0
CUST11443,59,Female,Oyo,Loyal,Instagram,2024-03-30,29,11,5,599914.53,255521.25,50186.9,113,Bags,2,0,No Complaint,None,No Complaint,0,0,No,,1,0.091,Product Description Inaccurate,14,27193.38,Yes,Yes,1.3,3.4,0.0,1,0,0,5.0,1,4.2,4.5,Yes,3.9,5.0,3.9,4.7,4.7,32,10.0,1.55,0.415,No,No,0,Dormant,Yes,No,No,Yes,Not Churned,,36.7
CUST11444,42,Female,Kano,New Customer,Email,2024-12-13,20,9,1,254953.04,30125.44,29175.07,237,Beauty,2,1,Late Delivery,Medium,Resolved,11,0,No,3.0,0,0.0,No Return,0,0.0,No,No,4.8,4.2,0.6,0,0,0,3.4,1,3.6,11.0,No,3.0,4.3,3.0,3.5,3.6,11,6.4,1.89,0.069,Yes,Yes,6,At Risk,Yes,No,Yes,No,Not Churned,,37.9
CUST11445,56,Female,Enugu,Regular,TikTok,2024-12-05,21,5,3,214563.83,101748.21,37708.79,80,Electronics,5,2,Website Error,Low,Resolved,2,0,No,5.0,2,0.4,Not as Expected,5,54465.83,No,No,6.3,4.6,1.7,4,0,0,3.2,2,2.0,13.1,Yes,5.0,4.7,5.0,4.0,4.2,17,6.8,8.72,0.194,No,No,0,Dormant,Yes,No,No,Yes,Not Churned,,25.5
CUST11446,52,Female,Anambra,Loyal,Google,2025-04-27,16,7,2,313132.02,87322.39,42660.77,10,Accessories,4,3,Login Problem,Medium,Resolved,3,5,Yes,4.9,1,0.143,Wrong Color,4,22351.21,No,No,3.7,2.9,0.8,0,0,0,4.5,3,6.5,8.1,No,3.8,3.6,3.8,3.9,3.1,28,6.7,2.21,0.289,Yes,No,0,Churned,No,Yes,No,No,Better Alternative,1772928000000000000,32.3
CUST11447,20,Female,Plateau,New Customer,Google,2026-02-24,6,11,1,434442.88,33313.92,39085.81,21,Tops,4,1,Account Issue,Medium,Escalated,2,1,Yes,5.0,1,0.091,Late Delivery,1,19493.72,No,No,4.6,3.0,1.6,1,0,0,2.8,1,5.2,6.3,Yes,4.8,4.3,4.8,4.2,3.7,26,7.5,11.92,0.317,No,No,0,Retained,Yes,No,No,No,Not Churned,,43.6
CUST11448,54,Male,Plateau,Loyal,Google,2023-06-24,38,8,4,256903.3,126253.61,33066.24,35,Bags,4,0,No Complaint,None,No Complaint,0,0,No,,1,0.125,Not as Expected,4,17254.23,Yes,Yes,4.9,4.7,0.2,0,0,1,3.8,4,5.4,8.8,Yes,5.0,5.0,5.0,4.5,4.3,38,8.0,11.5,0.38,No,No,0,Retained,Yes,No,No,No,Not Churned,,6.5
CUST11449,61,Male,Oyo,Regular,Referral,2026-03-03,6,9,4,167155.75,73743.88,19662.9,54,Trousers,3,2,Price Increase,Medium,Pending,1,0,No,5.0,0,0.0,No Return,0,0.0,No,No,4.8,3.3,1.5,4,1,1,3.3,2,7.8,9.2,Yes,3.3,4.9,3.3,3.6,3.8,-1,8.8,13.21,0.433,No,Yes,2,Retained,Yes,No,No,No,Not Churned,,45.3
CUST11450,61,Male,Delta,Regular,Instagram,2025-12-25,8,13,1,451894.76,35673.31,32933.16,83,Beauty,2,1,Poor Customer Service,Low,Pending,4,2,No,4.1,1,0.077,Poor Quality,1,13813.98,No,No,1.2,2.8,0.0,0,0,0,5.0,1,3.2,4.0,No,3.2,4.0,3.2,3.9,4.0,33,8.1,3.54,0.178,Yes,Yes,2,Dormant,Yes,No,No,Yes,Not Churned,,17.8
CUST11451,47,Female,Abia,New Customer,Facebook,2023-10-06,35,13,0,728668.0,0.0,53903.45,16,Electronics,5,1,Product Not as Described,Medium,Closed,1,0,No,5.0,4,0.308,Product Description Inaccurate,5,152055.91,Yes,Yes,6.6,4.1,2.5,3,0,0,3.5,1,23.7,27.2,Yes,4.3,2.6,4.3,3.2,2.9,28,6.2,1.46,0.432,Yes,No,0,Retained,Yes,No,No,No,Not Churned,,2.5
CUST11452,55,Male,Enugu,Loyal,Website,2025-01-27,19,14,3,628356.65,127113.03,45956.32,51,Shoes,5,2,Issue Not Resolved,Medium,Resolved,1,0,No,5.0,3,0.214,Changed Mind,7,56575.05,Yes,Yes,7.2,4.9,2.3,6,0,0,3.4,2,10.3,14.9,Yes,,2.9,3.8,4.3,3.8,18,6.8,3.36,0.232,No,No,0,Churned,No,Yes,No,No,Website/App Problems,1778025600000000000,32.6
CUST11453,51,Male,Plateau,Regular,Facebook,2023-12-29,32,7,0,294274.38,0.0,37275.41,56,Accessories,3,2,Refund Delayed,Low,Resolved,4,1,No,3.8,0,0.0,No Return,0,0.0,No,No,4.7,3.4,1.3,0,0,0,3.5,2,3.5,9.9,No,3.2,3.5,3.2,3.1,3.1,-21,4.9,3.88,0.249,Yes,No,0,Retained,Yes,No,No,No,Not Churned,,7.1
CUST11454,29,Male,Lagos,Regular,Google,2023-06-20,38,12,4,616569.62,196175.04,47325.61,32,Dresses,3,0,No Complaint,None,No Complaint,0,0,No,,0,0.0,No Return,0,0.0,No,No,4.3,3.3,1.0,0,0,1,4.2,1,2.0,9.7,Yes,2.6,4.2,2.6,4.2,4.5,38,6.9,2.58,0.083,No,No,0,Retained,Yes,No,No,No,Not Churned,,18.2
CUST11455,36,Male,Lagos,Loyal,Website,2025-12-10,8,10,6,171134.39,97013.66,18010.01,111,Trousers,4,2,Account Issue,Medium,Resolved,8,1,No,4.4,0,0.0,No Return,0,0.0,No,No,1.0,3.1,0.0,0,0,0,4.6,2,13.5,16.7,No,4.1,4.1,4.1,4.5,4.9,26,8.1,5.68,0.199,Yes,No,0,Dormant,Yes,No,No,Yes,Not Churned,,16.6
CUST11456,54,Male,Edo,Loyal,TikTok,2024-10-26,22,4,4,134497.35,121096.77,29632.57,57,Tops,4,3,Duplicate Charge,High,Resolved,6,5,Yes,4.4,1,0.25,Changed Mind,11,12883.46,No,No,2.7,3.9,0.0,0,0,0,4.4,3,4.8,6.7,No,3.5,3.8,3.5,3.6,2.4,-20,8.1,0.41,0.27,No,Yes,2,Retained,Yes,No,No,No,Not Churned,,7.3
CUST11457,61,Female,Kaduna,High Value,Google,2024-08-14,24,7,2,238088.91,57384.13,31377.16,63,Beauty,4,1,Delivery Fee,Medium,Resolved,2,1,No,4.5,0,0.0,No Return,0,0.0,No,No,5.0,4.2,0.8,3,0,0,4.5,1,1.0,8.5,Yes,5.0,4.2,5.0,5.0,4.5,79,10.0,3.24,0.295,No,No,0,Retained,Yes,No,No,No,Not Churned,,8.0
CUST11458,34,Female,Enugu,Regular,TikTok,2025-07-19,13,15,1,322134.67,17074.11,19136.77,25,Bags,4,1,Unexpected Charge,Low,Escalated,4,2,Yes,4.5,1,0.067,Defective,2,9475.32,No,No,2.1,2.9,0.0,0,0,0,4.1,1,13.9,19.2,No,4.4,3.7,4.4,4.1,3.8,3,9.8,14.92,0.441,No,Yes,4,Retained,Yes,No,No,No,Not Churned,,3.8
CUST11459,27,Male,Kaduna,Regular,Instagram,2026-03-14,5,13,1,488278.12,43536.86,40969.35,147,Bags,4,1,Late Delivery,High,Resolved,15,1,No,3.8,0,0.0,No Return,0,0.0,No,No,6.3,4.9,1.4,1,0,0,3.8,2,1.3,15.0,No,3.9,4.2,3.9,3.4,3.9,42,3.9,14.4,0.172,No,No,0,At Risk,Yes,No,Yes,No,Not Churned,,18.2
CUST11460,64,Male,Delta,High Value,TikTok,2023-10-01,35,11,2,434242.56,86654.86,44410.16,80,Beauty,2,4,Price Increase,Medium,Resolved,6,2,No,4.3,1,0.091,Changed Mind,3,18978.11,No,No,4.2,4.1,0.1,0,0,0,4.6,4,4.8,8.3,No,3.5,3.2,3.5,3.4,2.9,-19,5.6,1.58,0.148,Yes,No,0,Dormant,Yes,No,No,Yes,Not Churned,,25.5
CUST11461,29,Male,Abia,Loyal,Google,2026-03-24,5,12,5,420911.78,159999.23,34622.84,9,Trousers,5,3,Issue Not Resolved,Medium,Resolved,4,0,No,5.0,2,0.167,Wrong Size,4,53342.58,No,No,3.7,4.2,0.0,0,0,0,4.0,3,0.6,9.7,No,3.0,4.2,3.0,4.4,3.1,26,10.0,5.19,0.111,No,Yes,2,Churned,No,Yes,No,No,Poor Customer Service,1784592000000000000,27.6
CUST11462,33,Female,Anambra,Regular,Website,2024-05-22,27,15,4,529137.68,134079.63,35240.56,81,Electronics,2,0,No Complaint,None,No Complaint,0,0,No,,1,0.067,Damaged,8,15328.65,Yes,Yes,3.4,2.9,0.5,1,0,2,3.5,0,4.6,12.9,Yes,5.0,5.0,5.0,4.4,4.3,60,10.0,12.81,0.247,No,Yes,6,Dormant,Yes,No,No,Yes,Not Churned,,13.4
CUST11463,41,Female,Imo,New Customer,Email,2023-12-29,32,15,1,402210.51,22928.37,24051.76,51,Shoes,5,1,Damaged Product,Low,Closed,4,1,No,3.9,0,0.0,No Return,0,0.0,No,No,2.2,4.4,0.0,0,0,1,4.6,1,20.4,29.9,No,4.7,4.6,4.7,4.9,4.5,21,9.6,4.66,0.243,Yes,No,0,Churned,No,Yes,No,No,No Longer Needed,1781654400000000000,8.8
CUST11464,36,Female,Enugu,Loyal,Website,2025-04-27,16,9,3,201536.12,75591.95,24169.89,80,Beauty,1,1,Late Delivery,Critical,Closed,3,3,No,4.0,2,0.222,Late Delivery,7,45840.35,No,No,2.5,4.5,0.0,0,0,1,4.1,2,1.5,9.5,No,4.1,5.0,4.1,4.2,3.6,26,10.0,3.72,0.281,No,No,0,Churned,No,Yes,No,No,No Longer Needed,1770595200000000000,57.2
CUST11465,25,Male,Oyo,Regular,Website,2024-10-16,22,8,1,117989.8,17832.4,16639.52,42,Tops,1,1,Price Increase,Low,Resolved,6,2,No,3.6,1,0.125,Wrong Item,5,11500.36,Yes,Yes,3.4,3.7,0.0,0,0,0,5.0,1,3.4,23.5,No,2.5,5.0,2.5,4.0,3.1,-8,7.3,12.46,0.244,No,No,0,Retained,Yes,No,No,No,Not Churned,,6.5
CUST11466,48,Male,Anambra,Loyal,Referral,2023-10-25,34,11,4,329430.78,113471.19,29277.88,79,Bags,1,2,Long Waiting Time,Low,Closed,2,1,No,4.8,2,0.182,Wrong Size,17,45038.12,No,No,4.1,4.3,0.0,0,0,0,4.7,3,4.6,8.1,Yes,4.4,3.4,4.4,4.4,3.7,51,8.3,7.52,0.309,No,No,0,Dormant,Yes,No,No,Yes,Not Churned,,18.4
CUST11467,38,Female,Edo,Regular,Google,2024-05-08,28,17,2,379106.75,44734.35,24032.08,41,Tops,5,1,Rude Staff,Low,Pending,1,0,No,5.0,0,0.0,No Return,0,0.0,No,No,3.1,3.2,0.0,1,0,2,2.9,1,3.3,8.2,Yes,1.8,3.9,1.8,3.0,2.6,-2,5.3,11.14,0.195,No,No,0,Retained,Yes,No,No,No,Not Churned,,6.3
CUST11468,34,Female,Plateau,Regular,Google,2024-06-29,26,11,0,213899.42,0.0,21766.41,117,Trousers,3,2,Late Delivery,Low,Resolved,5,0,No,4.7,1,0.091,Duplicate Order,2,7650.73,No,No,4.3,4.4,0.0,0,0,0,4.0,2,8.0,8.6,No,3.0,3.6,3.0,3.5,2.6,6,5.7,10.62,0.185,Yes,No,0,Churned,No,Yes,No,No,Competitor,1771372800000000000,37.6
CUST11469,40,Female,Ogun,Loyal,TikTok,2023-10-31,34,4,1,116464.21,35370.84,32862.52,11,Trousers,2,0,No Complaint,None,No Complaint,0,0,No,,1,0.25,Product Description Inaccurate,9,27354.14,Yes,Yes,1.0,4.1,0.0,0,1,0,3.8,2,7.7,12.4,Yes,4.5,5.0,4.5,4.0,4.3,26,8.2,16.74,0.195,Yes,Yes,4,Retained,Yes,No,No,No,Not Churned,,2.1
CUST11470,54,Male,Kaduna,New Customer,Website,2025-06-22,14,16,2,393576.35,47057.89,26782.44,33,Electronics,3,4,Poor Customer Service,Medium,Closed,3,1,No,4.5,0,0.0,No Return,0,0.0,No,No,4.9,4.2,0.7,1,0,0,3.7,4,1.8,10.0,No,3.3,4.8,3.3,4.6,4.3,33,9.6,3.43,0.233,Yes,Yes,2,Retained,Yes,No,No,No,Not Churned,,9.0
CUST11471,33,Male,Kaduna,Regular,Facebook,2023-08-27,36,12,4,191795.65,68343.15,16284.54,28,Dresses,5,2,Unexpected Charge,Medium,Resolved,4,0,No,4.8,2,0.167,Defective,7,17901.74,No,No,5.4,3.3,2.1,1,1,0,3.0,2,17.3,18.1,No,4.5,4.0,4.5,3.5,3.2,15,5.6,8.2,0.285,No,Yes,3,Churned,No,Yes,No,No,Better Alternative,1767657600000000000,47.2
CUST11472,23,Male,Plateau,Regular,Website,2024-10-11,23,11,2,301812.36,48528.48,24526.85,147,Accessories,4,1,Return Difficulty,Medium,Escalated,6,0,Yes,5.0,0,0.0,No Return,0,0.0,No,No,4.0,4.9,0.0,0,0,0,4.8,1,7.9,11.0,No,3.6,4.0,3.6,4.7,3.9,54,9.1,11.89,0.349,No,No,0,At Risk,Yes,No,Yes,No,Not Churned,,18.6
CUST11473,25,Female,Anambra,Regular,Website,2025-06-02,15,7,1,228145.67,32038.09,30029.1,25,Shoes,3,0,No Complaint,None,No Complaint,0,0,No,,2,0.286,Changed Mind,10,40952.94,Yes,No,5.6,5.0,0.6,0,0,1,5.0,1,4.7,10.3,Yes,3.8,2.6,3.8,3.9,3.4,25,7.2,1.67,0.154,No,No,0,Retained,Yes,No,No,No,Not Churned,,16.3
CUST11474,42,Male,Lagos,Loyal,Email,2026-04-14,4,8,5,154685.84,92462.51,18898.32,43,Beauty,5,3,Late Delivery,Low,Resolved,2,0,No,5.0,2,0.25,Late Delivery,1,20193.98,No,No,4.7,2.8,1.9,1,0,1,4.4,3,15.7,16.5,Yes,3.1,4.1,3.1,3.7,3.7,22,9.3,6.04,0.12,No,No,0,Retained,Yes,No,No,No,Not Churned,,31.2
CUST11475,35,Female,Kaduna,Loyal,Website,2024-02-14,31,8,3,301834.87,121079.13,37873.54,75,Accessories,1,5,Issue Not Resolved,Low,Pending,7,1,No,5.0,1,0.125,Defective,9,14106.49,No,No,4.6,5.1,0.0,0,0,0,4.4,5,7.8,9.6,No,2.5,4.2,2.5,3.8,2.2,3,8.4,6.0,0.396,Yes,No,0,Churned,No,Yes,No,No,Better Alternative,1768608000000000000,53.6
CUST11476,42,Male,Edo,Loyal,Facebook,2024-12-26,20,9,4,299563.12,131221.88,33183.06,32,Beauty,4,1,Issue Not Resolved,Medium,Resolved,3,2,No,3.7,0,0.0,No Return,0,0.0,No,No,2.6,4.8,0.0,0,0,0,4.3,1,4.0,4.7,No,4.8,3.9,4.8,4.8,4.9,50,10.0,4.94,0.066,No,No,0,Retained,Yes,No,No,No,Not Churned,,12.5
CUST11477,29,Female,Abia,New Customer,Instagram,2025-11-12,9,12,5,282327.14,93177.23,21028.0,90,Shoes,1,0,No Complaint,None,No Complaint,0,0,No,,1,0.083,Changed Mind,2,7955.32,No,No,6.2,4.2,2.0,2,0,1,4.0,3,2.3,6.7,Yes,4.7,3.7,4.7,4.5,4.7,32,10.0,8.18,0.274,No,No,0,Dormant,Yes,No,No,Yes,Not Churned,,12.3
CUST11478,32,Female,Oyo,Regular,Instagram,2023-11-14,34,10,2,500416.99,79202.9,46522.27,189,Bags,3,2,Issue Not Resolved,Medium,Resolved,4,1,No,5.0,0,0.0,No Return,0,0.0,No,No,1.6,2.7,0.0,0,0,0,5.0,2,1.1,4.0,No,3.8,4.5,3.8,4.1,4.1,16,8.6,4.19,0.468,No,Yes,2,Churned,No,Yes,No,No,Poor Customer Service,1767657600000000000,58.4
CUST11479,43,Male,Cross River,Regular,Facebook,2024-06-08,27,9,2,519315.39,125189.34,62283.04,136,Beauty,3,4,Failed Payment,Low,Resolved,3,0,No,4.3,0,0.0,No Return,0,0.0,No,No,4.2,4.1,0.1,1,0,0,4.8,4,5.3,16.9,No,2.9,4.0,2.9,3.7,3.5,20,7.6,4.91,0.408,No,No,0,At Risk,Yes,No,Yes,No,Not Churned,,20.1
CUST11480,58,Male,Abuja,High Value,Referral,2025-06-23,14,12,3,420798.28,92607.87,30930.29,57,Shoes,2,3,Product Not as Described,High,Resolved,4,4,Yes,3.1,2,0.167,Defective,1,40989.61,No,No,2.7,3.9,0.0,1,1,1,3.4,3,10.1,19.0,No,3.3,3.7,3.3,3.2,2.8,5,9.6,5.31,0.222,No,No,0,Retained,Yes,No,No,No,Not Churned,,12.2
CUST11481,62,Female,Oyo,Loyal,Website,2025-10-20,10,10,2,314779.93,52192.5,28913.72,7,Beauty,2,3,Issue Not Resolved,Medium,Resolved,2,1,No,4.2,1,0.1,Product Description Inaccurate,4,27185.85,No,No,2.1,3.2,0.0,1,0,1,3.9,3,12.4,15.9,Yes,2.8,4.1,2.8,3.8,3.0,45,7.1,5.98,0.116,No,No,0,Retained,Yes,No,No,No,Not Churned,,1.3
CUST11482,43,Male,Oyo,Loyal,Website,2024-09-11,24,6,1,146501.89,29179.32,27458.81,59,Electronics,5,2,Poor Customer Service,Low,Resolved,3,4,Yes,4.8,0,0.0,No Return,0,0.0,No,No,4.1,5.0,0.0,0,0,0,4.6,2,2.9,4.5,No,3.9,4.5,3.9,4.7,3.6,66,10.0,2.48,0.217,Yes,No,0,Retained,Yes,No,No,No,Not Churned,,10.8
CUST11483,64,Female,Abia,Regular,Referral,2025-08-10,12,11,2,277854.67,53072.35,24871.29,55,Electronics,3,0,No Complaint,None,No Complaint,0,0,No,,2,0.182,Not as Expected,6,34861.04,No,No,4.5,3.5,1.0,0,0,0,4.2,1,12.0,20.8,Yes,4.7,4.2,4.7,3.9,4.4,3,6.1,12.69,0.232,Yes,No,0,Retained,Yes,No,No,No,Not Churned,,11.7
CUST11484,49,Female,Kaduna,Regular,Instagram,2026-02-05,6,10,0,215666.83,0.0,20418.14,41,Bags,1,1,Issue Not Resolved,Critical,Resolved,3,0,No,3.8,0,0.0,No Return,0,0.0,No,No,5.6,4.2,1.4,1,1,0,3.9,1,3.4,4.3,No,3.5,4.3,3.5,4.0,4.0,28,9.8,3.09,0.215,No,No,0,Retained,Yes,No,No,No,Not Churned,,26.7
CUST11485,27,Female,Ogun,Regular,Facebook,2025-03-11,17,14,2,424399.85,73321.43,33815.27,24,Accessories,2,1,Repeated Issue,Medium,Escalated,2,1,Yes,3.8,1,0.071,Late Delivery,4,31584.77,No,No,5.6,3.9,1.7,2,0,0,3.8,1,5.2,10.8,Yes,3.1,4.5,3.1,4.2,3.4,0,8.6,1.13,0.385,Yes,Yes,1,Retained,Yes,No,No,No,Not Churned,,3.7
CUST11486,33,Female,Rivers,New Customer,Instagram,2025-07-04,14,16,0,346443.22,0.0,22200.47,36,Shoes,1,3,Price Increase,Medium,Resolved,8,2,No,4.6,0,0.0,No Return,0,0.0,No,No,6.0,5.1,0.9,2,0,1,3.5,3,3.0,13.5,No,3.4,3.6,3.4,3.8,3.5,26,8.0,11.66,0.051,No,No,0,Retained,Yes,No,No,No,Not Churned,,6.6
CUST11487,24,Female,Plateau,New Customer,Google,2026-04-14,4,12,3,116333.28,28271.09,9188.68,25,Electronics,5,4,App Crash,Medium,Resolved,9,0,No,5.0,2,0.167,Not as Expected,3,15658.61,No,No,3.0,4.0,0.0,0,0,0,4.1,4,7.0,12.5,No,2.9,4.0,2.9,4.0,3.4,-6,8.1,10.47,0.455,No,No,0,Retained,Yes,No,No,No,Not Churned,,4.5
CUST11488,34,Female,Imo,High Value,Referral,2023-11-16,34,11,3,1026955.17,273912.01,84845.82,41,Accessories,1,0,No Complaint,None,No Complaint,0,0,No,,2,0.182,Late Delivery,3,68145.72,Yes,No,2.6,3.3,0.0,0,0,0,4.0,1,8.4,14.3,Yes,3.8,4.9,3.8,4.0,4.2,35,9.3,1.49,0.325,No,No,0,Retained,Yes,No,No,No,Not Churned,,5.8
CUST11489,40,Female,Plateau,Regular,Instagram,2025-05-25,15,7,5,578680.3,348381.6,72273.69,72,Bags,1,0,No Complaint,None,No Complaint,0,0,No,,0,0.0,No Return,0,0.0,No,No,4.6,4.7,0.0,1,0,0,4.5,0,2.4,9.4,Yes,4.7,3.2,4.7,4.5,4.4,80,9.2,7.48,0.481,No,No,0,Retained,Yes,No,No,No,Not Churned,,9.0
CUST11490,43,Male,Lagos,Regular,Google,2023-11-25,33,8,0,246542.37,0.0,33760.34,111,Beauty,4,2,Wrong Product,High,Closed,3,0,No,4.8,0,0.0,No Return,0,0.0,No,No,6.8,4.8,2.0,0,1,0,3.0,2,2.4,8.5,No,3.3,4.4,3.3,3.4,2.8,15,8.0,20.74,0.414,No,No,0,Dormant,Yes,No,No,Yes,Not Churned,,14.1
CUST11491,38,Female,Imo,New Customer,Instagram,2025-01-22,19,10,5,180185.53,83872.12,17148.3,59,Shoes,5,4,Wrong Product,High,Pending,4,1,No,3.0,2,0.2,Damaged,6,25007.03,Yes,Yes,6.3,5.3,1.0,2,0,0,3.9,4,2.3,4.0,No,3.6,3.7,3.6,4.1,4.2,21,9.2,0.79,0.471,No,No,0,Churned,No,Yes,No,No,Price Too High,1779321600000000000,39.2
CUST11492,39,Male,Kaduna,High Value,Referral,2024-10-18,22,12,2,1297859.72,211439.8,96476.22,84,Dresses,2,1,Order Cancellation,High,Closed,1,1,No,4.8,0,0.0,No Return,0,0.0,No,No,5.1,4.7,0.4,1,0,1,4.1,2,3.7,5.3,Yes,4.1,4.2,4.1,3.8,3.8,20,8.6,2.84,0.167,No,No,0,Dormant,Yes,No,No,Yes,Not Churned,,10.5
CUST11493,24,Female,Imo,Regular,Google,2025-11-03,10,9,4,396755.72,157584.76,41063.05,29,Beauty,4,3,Damaged Product,Medium,Resolved,9,3,No,4.4,0,0.0,No Return,0,0.0,No,No,3.6,2.6,1.0,1,1,0,2.2,3,1.3,11.5,No,3.7,4.7,3.7,3.0,3.5,6,5.7,11.88,0.233,No,No,0,Retained,Yes,No,No,No,Not Churned,,3.6
CUST11494,31,Male,Lagos,Loyal,Google,2023-03-12,42,5,1,140976.22,24935.24,26833.5,127,Shoes,3,4,Poor Customer Service,Low,Resolved,3,3,No,4.6,1,0.2,Not as Expected,7,20087.16,No,No,3.4,5.0,0.0,0,0,0,5.0,4,7.6,10.7,No,3.2,4.0,3.2,4.8,4.1,25,8.7,1.46,0.159,No,Yes,6,Churned,No,Yes,No,No,No Longer Needed,1769040000000000000,57.0
CUST11495,32,Female,Abia,High Value,Google,2025-04-06,17,6,3,372289.38,199941.18,66156.98,19,Dresses,3,2,Issue Not Resolved,Low,Resolved,3,2,No,4.9,0,0.0,No Return,0,0.0,No,No,7.6,3.9,3.7,3,0,0,3.1,2,6.0,17.3,No,4.0,4.7,4.0,4.7,5.0,32,9.5,2.79,0.029,No,Yes,7,Retained,Yes,No,No,No,Not Churned,,3.0
CUST11496,24,Female,Plateau,Regular,Email,2025-05-14,15,13,2,283792.51,36518.54,19843.28,26,Shoes,2,2,Return Difficulty,High,Resolved,2,3,No,4.3,2,0.154,Wrong Size,3,35648.39,No,No,2.1,2.9,0.0,0,1,0,3.4,2,1.1,2.0,No,3.6,3.6,3.6,3.4,3.0,-1,6.8,8.44,0.255,Yes,No,0,Churned,No,Yes,No,No,Too Many Delivery Problems,1780876800000000000,29.6
CUST11497,26,Female,Delta,Loyal,Facebook,2025-07-16,13,16,1,194967.97,12569.52,11809.11,100,Tops,5,3,Late Delivery,Medium,Resolved,13,2,No,2.4,2,0.125,Poor Quality,1,11197.73,Yes,No,5.1,5.4,0.0,0,0,0,4.0,3,5.5,16.6,No,3.0,3.7,3.0,2.6,2.1,-23,6.4,3.22,0.032,No,No,0,At Risk,Yes,No,Yes,No,Not Churned,,20.7
CUST11498,65,Female,Plateau,New Customer,Referral,2023-04-16,41,10,1,212843.33,25095.92,23387.26,39,Tops,3,1,Poor Customer Service,Critical,Escalated,1,0,Yes,4.5,2,0.2,Product Description Inaccurate,4,37197.51,Yes,Yes,3.4,4.5,0.0,0,0,0,4.4,1,6.4,14.5,Yes,4.4,3.9,4.4,3.7,3.4,49,6.8,2.13,0.254,Yes,No,0,Churned,No,Yes,No,No,Competitor,1778976000000000000,8.8
CUST11499,25,Female,Rivers,Regular,TikTok,2025-02-08,19,13,2,665658.55,84655.82,45209.2,34,Shoes,3,1,Price Increase,Low,Escalated,5,2,Yes,4.8,1,0.077,Late Delivery,10,30598.32,Yes,Yes,3.8,5.2,0.0,0,0,0,5.0,2,4.8,14.0,No,3.4,4.5,3.4,4.0,3.9,17,8.9,12.63,0.138,No,No,0,Retained,Yes,No,No,No,Not Churned,,4.5
CUST11500,40,Male,Imo,Loyal,Referral,2025-06-11,14,4,2,438362.23,179568.5,95556.59,46,Accessories,3,3,Long Waiting Time,Low,Resolved,4,0,No,5.0,1,0.25,Changed Mind,1,50365.8,No,No,2.5,3.0,0.0,0,0,0,3.9,3,5.2,9.9,No,4.3,3.0,4.3,3.2,3.0,9,6.3,11.91,0.223,No,No,0,Retained,Yes,No,No,No,Not Churned,,6.8
CUST11501,46,Male,Kaduna,Loyal,Website,2023-07-15,38,4,1,93198.63,19810.64,22727.57,70,Shoes,5,0,No Complaint,None,No Complaint,0,0,No,,0,0.0,No Return,0,0.0,No,No,5.6,4.8,0.8,0,0,0,2.9,3,2.1,5.8,Yes,3.8,4.1,3.8,3.5,3.6,20,7.4,0.32,0.192,No,No,0,Retained,Yes,No,No,No,Not Churned,,9.6
CUST11502,35,Male,Kano,Regular,Google,2023-05-25,39,14,8,279106.08,133775.78,18295.93,42,Tops,3,1,Website Error,Low,Resolved,5,3,No,4.7,1,0.071,Wrong Size,3,9045.16,No,No,4.8,4.3,0.5,1,0,0,4.1,1,1.4,5.4,No,3.8,4.4,3.8,4.2,3.3,55,8.5,9.93,0.339,No,No,0,Retained,Yes,No,No,No,Not Churned,,19.9
CUST11503,48,Male,Imo,Regular,Google,2024-04-15,28,15,2,505899.14,56366.81,32507.75,7,Beauty,2,1,Missing Product,Low,Pending,2,1,No,5.0,1,0.067,Damaged,9,19259.05,No,No,2.4,3.7,0.0,0,0,1,4.0,1,6.3,9.4,Yes,2.9,4.9,2.9,3.6,2.9,40,6.8,9.07,0.187,No,Yes,4,Retained,Yes,No,No,No,Not Churned,,10.0
CUST11504,47,Female,Oyo,Regular,Instagram,2023-08-04,37,6,6,189805.3,189805.3,31825.31,56,Tops,2,2,Repeated Issue,Critical,Escalated,3,5,Yes,4.8,0,0.0,No Return,0,0.0,No,No,1.2,3.1,0.0,0,0,1,3.8,3,3.2,9.1,No,3.5,3.7,3.5,3.2,3.6,7,5.7,9.42,0.224,Yes,No,0,Retained,Yes,No,No,No,Not Churned,,10.8
CUST11505,56,Female,Delta,New Customer,Referral,2026-01-21,7,9,2,704569.02,141493.4,79039.55,19,Tops,2,2,Website Error,Medium,Escalated,3,0,Yes,5.0,1,0.111,Wrong Item,7,42679.33,Yes,Yes,1.5,3.5,0.0,0,1,1,4.3,2,1.7,4.6,No,3.0,3.4,3.0,3.3,3.5,10,5.5,4.43,0.176,No,No,0,Retained,Yes,No,No,No,Not Churned,,3.6
CUST11506,52,Female,Rivers,Regular,Facebook,2023-09-17,36,11,4,453486.03,125769.07,36151.59,48,Trousers,4,2,Poor Product Quality,Low,Escalated,8,1,Yes,5.0,0,0.0,No Return,0,0.0,No,No,5.8,4.1,1.7,2,0,0,3.5,3,2.4,8.0,No,4.3,4.1,4.3,3.7,3.0,26,7.7,0.88,0.276,No,No,0,Retained,Yes,No,No,No,Not Churned,,8.8
CUST11507,35,,Kaduna,Regular,Instagram,2025-07-22,13,11,1,950752.52,78624.04,88234.47,77,Tops,2,0,No Complaint,None,No Complaint,0,0,No,,2,0.182,Wrong Color,1,158316.85,No,No,6.8,4.7,2.1,3,0,0,3.3,0,7.8,14.0,Yes,3.2,4.0,3.2,3.6,3.9,21,7.4,10.41,0.2,No,No,0,Dormant,Yes,No,No,Yes,Not Churned,,37.8
CUST11508,59,Female,Edo,Regular,Referral,2024-07-28,25,13,3,815185.31,175467.91,61937.14,35,Electronics,1,3,Poor Product Quality,Low,Escalated,3,2,Yes,4.5,2,0.154,Defective,9,57541.25,No,No,4.2,3.8,0.4,0,0,1,4.3,3,3.9,11.1,No,4.3,4.0,4.3,4.1,3.6,10,8.3,7.91,0.32,No,No,0,Churned,No,Yes,No,No,Inactive,1768435200000000000,22.8
CUST11509,56,Female,Anambra,Loyal,Referral,2023-10-12,35,8,4,377712.77,190557.49,49851.62,11,Bags,3,0,No Complaint,None,No Complaint,0,0,No,,1,0.125,Changed Mind,4,18765.76,Yes,Yes,4.3,3.7,0.6,1,0,0,4.1,1,3.6,8.7,Yes,4.7,3.8,4.7,3.9,3.6,35,9.5,10.93,0.097,Yes,No,0,Retained,Yes,No,No,No,Not Churned,,3.4
CUST11510,34,Female,Cross River,Regular,Instagram,2024-04-28,28,10,3,150288.48,51088.91,15846.76,68,Beauty,2,3,Price Increase,Medium,Resolved,2,3,No,5.0,0,0.0,No Return,0,0.0,No,No,1.2,2.5,0.0,0,0,1,3.8,3,3.3,6.8,No,3.2,3.4,3.2,3.4,2.7,17,8.0,6.69,0.188,No,No,0,Retained,Yes,No,No,No,Not Churned,,9.5
CUST11511,31,Female,Abia,Regular,TikTok,2024-01-07,32,12,0,310207.19,0.0,26481.35,105,Bags,5,0,No Complaint,None,No Complaint,0,0,No,,0,0.0,No Return,0,0.0,No,No,6.1,5.3,0.8,2,0,1,3.1,2,5.4,11.6,Yes,3.5,4.1,3.5,3.8,2.9,-3,8.1,1.3,0.441,No,No,0,Churned,No,Yes,No,No,Lack of Product Availability,1780790400000000000,28.9
CUST11512,48,Male,Anambra,Regular,Referral,2023-03-11,42,6,3,245280.82,111756.26,36187.04,69,Beauty,5,2,Product Not as Described,Low,Resolved,2,2,No,5.0,0,0.0,No Return,0,0.0,No,No,4.5,4.8,0.0,1,1,1,4.4,2,1.7,7.6,No,3.5,4.7,3.5,5.0,4.3,37,8.8,6.9,0.027,No,No,0,Retained,Yes,No,No,No,Not Churned,,13.0
CUST11513,41,Male,Lagos,Loyal,Facebook,2024-01-14,32,12,5,107846.63,48881.39,9104.99,48,Bags,5,1,Issue Not Resolved,Medium,Resolved,2,0,No,4.8,3,0.25,Poor Quality,1,25087.49,No,No,1.0,5.5,0.0,0,1,2,3.9,1,9.6,21.4,Yes,3.5,4.1,3.5,3.4,3.2,9,8.7,2.68,0.39,No,No,0,Retained,Yes,No,No,No,Not Churned,,12.6
CUST11514,52,Female,Plateau,Regular,Google,2023-10-29,34,10,0,239165.83,0.0,23239.88,82,Trousers,4,3,Poor Customer Service,Low,Closed,2,2,No,4.0,2,0.2,Wrong Size,7,26546.4,No,No,3.7,5.3,0.0,1,0,1,4.0,3,3.7,9.5,No,3.8,3.1,3.8,3.6,3.2,-8,6.7,3.31,0.427,No,Yes,5,Dormant,Yes,No,No,Yes,Not Churned,,33.1
CUST11515,61,Male,Imo,New Customer,TikTok,2023-09-12,36,10,3,281651.72,74000.03,27415.27,96,Bags,5,2,Wrong Product,Low,Resolved,10,1,No,5.0,1,0.1,Poor Quality,6,16492.85,Yes,Yes,7.4,5.1,2.3,4,0,0,4.1,2,2.1,17.2,No,3.4,3.3,3.4,3.6,3.7,12,8.5,1.09,0.507,No,No,0,Churned,No,Yes,No,No,Competitor,1774051200000000000,49.9
CUST11516,62,Male,Rivers,Regular,Referral,2025-08-01,13,6,5,136697.7,101010.66,21960.51,49,Shoes,4,1,Stock Availability,Medium,Resolved,2,2,No,5.0,2,0.333,Changed Mind,4,31415.55,No,No,4.4,2.7,1.7,0,0,0,2.9,1,2.5,5.5,No,4.1,3.9,4.1,4.2,4.1,-24,6.9,5.96,0.235,No,No,0,Retained,Yes,No,No,No,Not Churned,,6.3
CUST11517,51,Female,Oyo,Loyal,Google,2024-11-22,21,8,3,777555.27,228629.07,88245.3,59,Electronics,3,1,Poor Product Quality,Low,Resolved,5,1,No,3.1,1,0.125,Damaged,1,51745.85,No,No,4.4,4.3,0.1,0,0,0,5.0,3,5.2,7.7,No,3.8,4.3,3.8,4.2,3.6,26,8.1,5.64,0.288,Yes,No,0,Retained,Yes,No,No,No,Not Churned,,10.6
CUST11518,20,Female,Oyo,Regular,Google,2025-04-13,16,13,5,592933.83,197091.37,40602.96,161,Tops,1,0,No Complaint,None,No Complaint,0,0,No,,2,0.154,Wrong Item,4,68671.39,No,No,3.9,3.2,0.7,2,0,0,4.3,2,2.0,4.9,Yes,5.0,4.4,5.0,4.7,4.1,12,8.8,3.01,0.132,Yes,Yes,5,At Risk,Yes,No,Yes,No,Not Churned,,24.3
CUST11519,54,Female,Ogun,Loyal,Referral,2024-12-17,20,10,0,271367.72,0.0,28981.08,4,Trousers,5,1,Account Issue,Low,Resolved,12,2,No,4.4,1,0.1,Changed Mind,4,17932.38,Yes,Yes,4.7,5.1,0.0,0,0,0,4.3,1,4.7,12.0,No,4.2,4.5,4.2,4.9,5.0,44,10.0,6.06,0.18,No,No,0,Retained,Yes,No,No,No,Not Churned,,1.1
CUST11520,60,Male,Plateau,High Value,Website,2024-02-28,30,11,2,161974.17,26114.01,13238.02,25,Accessories,5,1,Return Difficulty,Medium,Resolved,8,2,No,2.9,0,0.0,No Return,0,0.0,No,No,4.7,5.0,0.0,1,0,1,4.6,1,0.5,15.3,No,3.4,3.5,3.4,3.8,4.0,17,9.9,3.06,0.257,No,No,0,Retained,Yes,No,No,No,Not Churned,,3.3
CUST11521,57,,Abuja,Loyal,TikTok,2023-08-01,37,18,4,459080.09,95724.16,24812.65,58,Trousers,4,2,Late Delivery,Medium,Resolved,2,4,Yes,5.0,0,0.0,No Return,0,0.0,No,No,3.0,3.0,0.0,0,0,0,5.0,2,6.7,11.7,No,4.2,5.0,4.2,4.2,3.9,40,7.2,1.03,0.156,Yes,No,0,Retained,Yes,No,No,No,Not Churned,,13.0
CUST11522,43,Female,Anambra,Loyal,Instagram,2023-04-10,41,17,2,1321678.15,142324.27,68825.52,94,Shoes,4,0,No Complaint,None,No Complaint,0,0,No,,1,0.059,Duplicate Order,4,62447.06,No,No,3.6,4.9,0.0,0,1,0,3.8,2,3.1,5.1,Yes,3.6,4.1,3.6,4.5,4.6,49,10.0,7.57,0.147,Yes,No,0,Churned,No,Yes,No,No,Lack of Product Availability,1775606400000000000,46.3
CUST11523,40,Female,Imo,Regular,Google,2026-02-09,6,15,5,404026.12,121546.27,23892.12,51,Shoes,1,1,Discount Not Applied,Low,Resolved,1,2,No,3.7,0,0.0,No Return,0,0.0,No,No,6.6,5.5,1.1,1,0,1,3.5,1,6.2,7.4,No,3.4,4.2,3.4,3.5,3.8,12,5.2,4.04,0.135,No,No,0,Churned,No,Yes,No,No,Negative Overall Experience,1783382400000000000,26.1
CUST11524,61,Female,Delta,New Customer,Website,2023-11-04,34,10,2,260410.11,50601.94,26433.63,39,Shoes,2,2,Wrong Product,Medium,Resolved,1,0,No,5.0,1,0.1,Duplicate Order,6,14170.64,No,No,5.3,3.6,1.7,2,0,0,3.4,2,3.4,13.1,Yes,4.2,5.0,4.2,4.6,3.5,64,10.0,4.43,0.066,Yes,No,0,Churned,No,Yes,No,No,Website/App Problems,1770163200000000000,28.6
CUST11525,56,Female,Rivers,High Value,Instagram,2024-11-08,22,12,4,217179.44,58919.2,17138.42,104,Dresses,4,1,Return Difficulty,Low,Closed,2,2,No,4.2,2,0.167,Wrong Size,4,19021.73,No,No,4.7,3.6,1.1,1,0,0,3.7,1,10.6,21.7,No,4.8,4.9,4.8,4.8,4.3,48,8.2,2.01,0.313,Yes,No,0,Dormant,Yes,No,No,Yes,Not Churned,,59.1
CUST11526,32,Female,Oyo,Regular,Email,2024-04-19,28,16,2,618529.68,64884.25,34662.21,104,Trousers,1,0,No Complaint,None,No Complaint,0,0,No,,2,0.125,Duplicate Order,6,32477.66,No,No,4.2,2.6,1.6,2,0,1,3.2,1,4.3,5.9,Yes,,3.5,4.6,3.2,2.7,3,6.2,6.8,0.443,No,No,0,Dormant,Yes,No,No,Yes,Not Churned,,22.1
CUST11527,21,,Plateau,New Customer,Email,2023-04-22,40,13,4,477217.89,138952.35,37310.84,8,Beauty,3,0,No Complaint,None,No Complaint,0,0,No,,1,0.077,Wrong Size,5,27101.96,No,No,5.0,4.7,0.3,0,0,0,5.0,2,3.3,11.5,Yes,4.5,3.8,4.5,4.3,3.7,44,10.0,10.32,0.198,Yes,Yes,4,Retained,Yes,No,No,No,Not Churned,,1.4
CUST11528,46,Male,Abuja,Loyal,Instagram,2026-01-15,7,8,1,249501.3,30505.97,34970.3,32,Shoes,5,2,Wrong Product,Medium,Resolved,6,3,No,4.4,2,0.25,Late Delivery,4,25699.59,No,No,3.4,5.0,0.0,0,2,0,3.9,2,6.5,12.2,No,4.7,5.0,4.7,4.7,4.2,57,7.9,4.55,0.465,No,Yes,7,Retained,Yes,No,No,No,Not Churned,,7.5
CUST11529,39,Male,Rivers,Regular,Website,2023-07-02,38,15,1,266493.36,16837.33,18181.71,79,Shoes,5,4,Poor Product Quality,Medium,Escalated,6,0,Yes,4.8,0,0.0,No Return,0,0.0,No,No,3.1,2.6,0.5,3,1,0,4.3,4,10.3,20.4,No,3.8,4.4,3.8,4.3,4.2,32,8.0,5.44,0.208,Yes,No,0,Dormant,Yes,No,No,Yes,Not Churned,,30.2
CUST11530,42,Male,Imo,Regular,Google,2024-08-19,24,13,1,520226.08,44849.86,40890.02,60,Dresses,1,3,Issue Not Resolved,Medium,Pending,3,1,No,4.4,1,0.077,Wrong Size,1,36322.09,No,No,7.0,5.3,1.7,4,0,1,2.9,3,3.9,7.6,No,3.7,3.9,3.7,2.9,2.4,-12,5.9,1.88,0.08,No,No,0,Churned,No,Yes,No,No,Poor Customer Service,1784160000000000000,50.4
CUST11531,30,Male,Abia,Regular,Website,2023-06-14,39,6,1,173031.42,27721.92,26268.91,125,Electronics,1,0,No Complaint,None,No Complaint,0,0,No,,1,0.167,Changed Mind,1,19461.87,Yes,No,4.7,2.7,2.0,0,0,0,4.4,0,18.0,19.1,Yes,4.3,3.8,4.3,4.5,4.9,15,9.9,6.86,0.209,Yes,No,0,At Risk,Yes,No,Yes,No,Not Churned,,46.2
CUST11532,35,Female,Plateau,Regular,Google,2025-03-25,17,8,3,276496.68,113027.42,35867.73,102,Dresses,5,2,Login Problem,Low,Closed,10,0,No,5.0,2,0.25,Wrong Color,7,61350.55,No,No,5.7,4.2,1.5,3,0,0,3.5,2,7.4,13.3,No,3.1,4.5,3.1,3.7,3.2,-6,9.3,2.58,0.238,No,No,0,Dormant,Yes,No,No,Yes,Not Churned,,13.4
CUST11533,50,Male,Enugu,Loyal,Google,2023-03-31,41,14,4,734225.43,198451.54,46768.16,140,Tops,4,1,Poor Product Quality,Low,Pending,7,3,No,,0,0.0,No Return,0,0.0,No,No,6.0,5.3,0.7,1,1,0,4.4,1,2.9,7.0,No,3.8,4.1,3.8,4.7,4.6,81,10.0,2.06,0.324,No,No,0,At Risk,Yes,No,Yes,No,Not Churned,,17.4
CUST11534,33,Female,Abia,Regular,Referral,2024-03-30,29,7,4,281806.9,167004.6,39156.53,117,Electronics,2,1,App Crash,Low,Resolved,5,3,No,3.4,2,0.286,Poor Quality,9,61922.68,No,No,8.2,5.3,2.9,2,0,1,3.1,2,21.0,27.6,No,4.6,2.9,4.6,3.9,3.2,-13,5.8,2.34,0.179,No,No,0,Dormant,Yes,No,No,Yes,Not Churned,,26.1
CUST11535,62,Male,Oyo,Regular,Website,2023-08-26,36,8,2,363780.88,81579.46,43796.87,67,Electronics,3,4,Long Waiting Time,Low,Resolved,13,1,No,2.4,0,0.0,No Return,0,0.0,No,No,3.6,2.9,0.7,0,0,0,3.9,4,5.1,13.3,No,3.2,4.9,3.2,3.9,3.4,-1,6.1,4.32,0.283,No,No,0,Retained,Yes,No,No,No,Not Churned,,28.8
CUST11536,59,Female,Enugu,Regular,Instagram,2024-06-17,26,11,3,538283.58,124430.51,44571.66,56,Shoes,2,0,No Complaint,None,No Complaint,0,0,No,,0,0.0,No Return,0,0.0,No,No,3.9,5.4,0.0,0,0,2,4.5,2,1.9,15.7,Yes,4.7,3.9,4.7,3.6,3.4,-11,7.9,3.5,0.345,Yes,No,0,Retained,Yes,No,No,No,Not Churned,,7.6
CUST11537,61,Male,Rivers,Loyal,Referral,2024-12-27,20,16,4,713559.25,181850.57,48669.36,58,Beauty,2,4,Rude Staff,Medium,Resolved,5,1,No,4.2,2,0.125,Wrong Item,4,75086.78,Yes,No,2.9,3.3,0.0,0,0,0,4.5,4,2.6,5.6,No,5.0,3.8,5.0,4.4,3.9,64,8.9,1.79,0.213,No,Yes,7,Retained,Yes,No,No,No,Not Churned,,11.6
CUST11538,19,Female,Imo,Loyal,Facebook,2023-02-27,42,5,2,226092.08,107790.68,51103.25,60,Shoes,2,3,Stock Availability,Medium,Resolved,2,2,No,4.6,0,0.0,No Return,0,0.0,No,No,4.0,3.5,0.5,1,1,1,4.3,3,9.7,13.8,No,3.0,3.7,3.0,3.5,2.7,-4,6.8,2.35,0.627,No,Yes,1,Retained,Yes,No,No,No,Not Churned,,9.0
CUST11539,52,Female,Oyo,Regular,Google,2024-06-25,26,6,2,305886.71,119505.79,56943.95,80,Tops,5,1,Failed Payment,Medium,Resolved,12,1,No,3.5,2,0.333,Wrong Size,7,89037.65,No,No,1.9,4.5,0.0,0,0,0,4.0,1,6.0,23.7,No,3.0,3.1,3.0,3.5,2.5,-10,4.2,1.23,0.194,No,No,0,Dormant,Yes,No,No,Yes,Not Churned,,13.1
CUST11540,59,Female,Ogun,Loyal,Google,2025-10-18,10,13,2,455259.85,67354.89,39424.53,73,Trousers,2,5,Repeated Issue,High,Resolved,6,1,No,4.0,0,0.0,No Return,0,0.0,No,No,2.7,2.8,0.0,0,1,0,3.8,5,8.6,11.4,No,4.5,4.1,4.5,4.4,3.2,2,8.2,6.03,0.652,No,No,0,Churned,No,Yes,No,No,Poor Customer Service,1772582400000000000,20.9
CUST11541,51,Female,Enugu,New Customer,Google,2024-09-09,24,12,2,614788.54,104221.06,47926.79,38,Shoes,4,7,Wrong Product,High,Resolved,7,1,No,4.7,0,0.0,No Return,0,0.0,No,No,5.9,4.1,1.8,2,0,2,2.6,7,2.9,7.0,No,4.7,4.4,4.7,4.4,4.1,33,9.8,3.84,0.17,No,No,0,At Risk,Yes,No,Yes,No,Not Churned,,5.0
CUST11542,47,Male,Plateau,High Value,Google,2024-02-06,31,12,1,394445.58,32010.59,34741.57,162,Electronics,4,1,Refund Delayed,High,Resolved,4,1,No,4.4,0,0.0,No Return,0,0.0,No,No,7.1,4.9,2.2,2,0,0,3.4,2,4.2,8.3,No,3.5,4.5,3.5,3.9,3.6,1,7.1,7.16,0.426,Yes,No,0,At Risk,Yes,No,Yes,No,Not Churned,,53.6
CUST11543,30,Male,Kano,Regular,Instagram,2025-10-02,11,13,3,643338.4,134442.09,44523.07,32,Dresses,4,1,Missing Product,High,Resolved,2,1,No,3.6,2,0.154,Defective,7,72790.03,No,No,4.6,4.0,0.6,1,0,1,3.8,1,10.6,18.5,Yes,3.8,3.8,3.8,3.8,3.8,1,6.9,6.77,0.125,No,No,0,Retained,Yes,No,No,No,Not Churned,,20.9
CUST11544,30,Female,Abuja,Loyal,Instagram,2025-04-21,16,6,2,172406.71,51898.79,25693.01,42,Electronics,1,1,Price Increase,Medium,Closed,2,4,Yes,4.6,2,0.333,Changed Mind,6,27037.22,No,No,2.7,2.7,0.0,0,0,0,4.7,1,2.1,5.7,No,4.7,4.4,4.7,4.5,4.0,60,9.0,14.86,0.341,Yes,No,0,Retained,Yes,No,No,No,Not Churned,,5.5
CUST11545,35,Female,Delta,New Customer,Instagram,2025-04-18,16,6,1,80491.78,12071.25,13743.16,13,Dresses,3,1,Issue Not Resolved,Medium,Closed,2,1,No,4.1,0,0.0,No Return,0,0.0,No,No,6.0,4.9,1.1,2,0,0,3.9,1,3.8,8.3,Yes,5.0,5.0,5.0,4.2,4.0,41,10.0,2.45,0.436,Yes,No,0,Retained,Yes,No,No,No,Not Churned,,4.9
CUST11546,49,Female,Anambra,Regular,Google,2024-06-02,27,8,5,479089.65,328755.82,64214.05,152,Accessories,4,0,No Complaint,None,No Complaint,0,0,No,,2,0.25,Defective,8,93119.93,Yes,Yes,3.9,3.2,0.7,1,0,0,4.5,0,8.2,10.4,Yes,4.4,3.8,4.4,4.6,4.7,28,9.4,4.87,0.174,No,No,0,At Risk,Yes,No,Yes,No,Not Churned,,42.7
CUST11547,49,Female,Abuja,Regular,Email,2023-07-16,38,11,3,392011.31,103615.87,35121.83,54,Tops,2,0,No Complaint,None,No Complaint,0,0,No,,1,0.091,Defective,6,30943.04,No,No,3.5,4.9,0.0,0,0,0,4.4,2,4.4,6.2,Yes,4.3,3.7,4.3,4.1,4.4,22,8.9,4.84,0.269,No,No,0,Retained,Yes,No,No,No,Not Churned,,7.1
CUST11548,52,Female,Enugu,Loyal,Instagram,2023-02-15,43,14,1,534695.32,34806.65,34712.01,65,Tops,1,3,Missing Product,Low,Resolved,6,1,No,3.8,2,0.143,Late Delivery,6,25495.2,No,No,5.2,5.3,0.0,0,0,0,4.9,3,15.0,16.2,No,2.7,4.3,2.7,3.5,3.5,59,7.5,2.32,0.276,No,No,0,Retained,Yes,No,No,No,Not Churned,,12.8
CUST11549,56,Male,Oyo,Regular,Email,2024-06-13,27,12,4,629524.63,189508.16,49262.24,53,Dresses,5,2,Unexpected Charge,Medium,Resolved,3,1,No,4.2,0,0.0,No Return,0,0.0,No,No,5.7,4.8,0.9,2,0,0,4.2,3,5.2,6.2,No,3.5,3.8,3.5,3.5,3.1,-14,4.9,4.78,0.303,No,Yes,4,Retained,Yes,No,No,No,Not Churned,,8.2
CUST11550,63,Female,Ogun,High Value,TikTok,2025-09-26,11,7,2,144493.23,48923.81,23272.88,39,Dresses,4,0,No Complaint,None,No Complaint,0,0,No,,0,0.0,No Return,0,0.0,No,No,1.0,2.6,0.0,0,0,0,3.8,0,13.4,14.2,Yes,3.8,5.0,3.8,4.1,3.1,13,7.1,1.81,0.328,Yes,No,0,Retained,Yes,No,No,No,Not Churned,,4.8
CUST11551,46,,Kano,Regular,Referral,2025-02-14,18,19,6,509416.21,184008.05,30400.78,89,Shoes,2,3,Product Not as Described,Medium,Pending,2,6,Yes,4.5,1,0.053,Wrong Item,4,21783.95,No,No,4.6,4.5,0.1,0,0,0,4.4,3,10.4,12.8,No,3.7,4.8,3.7,4.5,3.4,31,10.0,3.47,0.297,Yes,No,0,Churned,No,Yes,No,No,Poor Customer Service,1779753600000000000,13.7
CUST11552,46,Female,Ogun,Regular,Referral,2023-03-15,42,10,2,220170.88,43430.04,24175.29,55,Electronics,2,1,Price Increase,Low,Resolved,1,0,No,5.0,0,0.0,No Return,0,0.0,No,No,3.5,3.3,0.2,0,0,0,5.0,2,8.6,13.8,Yes,4.8,4.7,4.8,5.0,5.0,40,9.7,3.29,0.548,Yes,Yes,7,Retained,Yes,No,No,No,Not Churned,,20.4
CUST11553,61,Female,Kano,New Customer,Website,2023-12-01,33,16,4,454373.14,121461.44,29248.61,86,Tops,5,1,Issue Not Resolved,Low,Resolved,1,3,No,5.0,2,0.125,Poor Quality,2,22628.35,No,No,4.5,3.1,1.4,1,0,0,4.2,1,7.7,13.6,No,4.4,3.7,4.4,4.7,4.2,26,9.5,5.06,0.348,Yes,Yes,1,Dormant,Yes,No,No,Yes,Not Churned,,11.9
CUST11554,33,Female,Anambra,Loyal,Instagram,2024-09-24,23,11,5,299069.35,129399.6,26526.08,8,Trousers,1,0,No Complaint,None,No Complaint,0,0,No,,0,0.0,No Return,0,0.0,No,No,3.5,4.8,0.0,0,0,0,4.0,0,5.0,9.8,Yes,4.1,4.2,4.1,4.0,3.4,3,7.7,9.22,0.098,No,Yes,2,Retained,Yes,No,No,No,Not Churned,,2.1
CUST11555,61,Male,Ogun,Regular,Referral,2024-11-18,21,10,1,269991.34,21077.36,24527.99,57,Electronics,2,2,Late Delivery,Low,Resolved,1,2,No,4.6,1,0.1,Product Description Inaccurate,4,18011.68,No,No,3.9,3.4,0.5,0,0,0,4.2,2,3.9,7.9,No,3.2,3.8,3.2,3.4,3.4,-4,6.7,5.04,0.369,Yes,No,0,Retained,Yes,No,No,No,Not Churned,,17.7
CUST11556,64,Female,Kano,Loyal,TikTok,2024-07-28,25,9,2,318608.0,73126.26,38539.8,24,Shoes,3,1,Late Delivery,Low,Pending,11,1,No,3.7,1,0.111,Defective,1,21297.1,Yes,Yes,1.0,2.9,0.0,0,1,0,3.5,1,2.2,11.0,No,4.1,4.5,4.1,4.3,5.0,43,6.4,1.82,0.142,No,Yes,5,Retained,Yes,No,No,No,Not Churned,,3.3
CUST11557,27,Female,Ogun,High Value,Referral,2023-10-23,34,10,3,120617.54,37334.75,13093.96,71,Dresses,4,1,Poor Customer Service,Medium,Resolved,5,3,No,3.4,1,0.1,Not as Expected,5,6622.68,No,No,2.5,3.0,0.0,0,1,0,3.8,2,4.4,7.1,No,3.6,3.7,3.6,3.6,3.4,21,9.5,8.85,0.259,No,No,0,Retained,Yes,No,No,No,Not Churned,,31.5
CUST11558,47,Female,Cross River,High Value,Website,2026-01-12,7,7,3,469362.5,189803.25,60234.44,25,Beauty,1,1,Exchange Difficulty,High,Closed,6,1,No,5.0,0,0.0,No Return,0,0.0,No,No,4.9,4.5,0.4,0,1,0,4.5,1,2.7,6.0,No,4.6,5.0,4.6,4.8,4.2,29,10.0,2.1,0.179,Yes,No,0,Retained,Yes,No,No,No,Not Churned,,3.8
CUST11559,42,Female,Abuja,Regular,Instagram,2025-11-04,10,10,3,256832.52,61974.22,22738.87,55,Tops,4,3,Missing Product,High,Closed,9,1,No,3.8,0,0.0,No Return,0,0.0,No,No,2.1,3.9,0.0,0,0,0,3.4,3,2.7,9.0,No,3.7,3.8,3.7,3.6,3.3,-21,8.8,1.19,0.148,No,No,0,Retained,Yes,No,No,No,Not Churned,,8.2
CUST11560,56,Female,Kaduna,Loyal,TikTok,2026-03-03,6,11,4,457325.25,155678.21,40409.29,76,Accessories,4,3,Delivery Fee,Low,Pending,5,0,No,4.6,0,0.0,No Return,0,0.0,No,No,2.5,3.1,0.0,0,0,2,3.5,3,7.0,7.2,No,4.4,3.3,4.4,3.7,3.0,29,8.1,4.56,0.444,No,No,0,Dormant,Yes,No,No,Yes,Not Churned,,13.9
CUST11561,37,Male,Kano,Loyal,Referral,2024-04-22,28,2,2,90691.03,71727.65,41528.2,28,Shoes,5,2,Damaged Product,Low,Closed,2,0,No,5.0,1,0.5,Late Delivery,1,34474.24,No,No,3.7,2.7,1.0,1,1,0,2.9,2,2.4,8.3,Yes,4.6,4.8,4.6,3.1,2.9,-7,6.7,2.7,0.218,No,Yes,7,Churned,No,Yes,No,No,Price Too High,1771632000000000000,57.9
CUST11562,22,Male,Anambra,New Customer,Google,2024-09-24,23,7,4,188892.02,118797.24,27747.03,15,Tops,3,1,Poor Customer Service,Low,Resolved,3,0,No,4.6,3,0.429,Not as Expected,10,47138.56,No,No,6.6,5.3,1.3,1,0,1,3.0,2,1.0,3.0,No,4.7,4.3,4.7,4.1,4.2,4,7.3,3.82,0.19,No,Yes,7,Churned,No,Yes,No,No,Too Many Delivery Problems,1778716800000000000,30.8
CUST11563,18,Female,Kano,Loyal,Google,2023-11-15,34,11,3,492316.61,113629.88,39415.56,192,Electronics,3,2,Order Cancellation,Medium,Resolved,8,2,No,4.3,0,0.0,No Return,0,0.0,No,No,6.7,5.5,1.2,1,0,0,3.5,3,14.1,17.0,No,4.2,4.3,4.2,3.5,3.4,14,6.7,4.58,0.026,No,No,0,At Risk,Yes,No,Yes,No,Not Churned,,36.6
CUST11564,47,Female,Kano,New Customer,Referral,2024-04-23,28,8,1,171154.44,20249.36,19028.7,46,Beauty,5,2,Order Cancellation,Medium,Resolved,5,2,No,5.0,1,0.125,Duplicate Order,7,8309.54,No,No,1.9,3.7,0.0,0,0,0,4.2,2,7.2,8.7,No,3.3,4.0,3.3,3.4,3.0,0,5.4,15.4,0.19,No,No,0,Retained,Yes,No,No,No,Not Churned,,7.4
CUST11565,20,Female,Edo,Regular,Website,2024-01-03,32,10,2,272960.79,50159.21,24604.51,86,Trousers,4,1,App Crash,Medium,Resolved,3,3,No,4.1,1,0.1,Wrong Item,1,11079.0,No,No,1.9,3.2,0.0,1,1,1,4.0,1,1.1,3.0,No,3.6,4.3,3.6,2.9,2.9,2,7.0,9.4,0.161,No,No,0,Churned,No,Yes,No,No,Poor Customer Service,1770768000000000000,40.4
CUST11566,62,Female,Cross River,New Customer,Google,2024-01-02,32,10,1,251709.7,26494.56,28489.9,109,Bags,3,1,Missing Product,High,Escalated,3,1,Yes,5.0,0,0.0,No Return,0,0.0,No,No,2.7,2.6,0.1,1,0,0,4.2,1,11.7,17.8,No,3.8,4.7,3.8,3.5,2.8,24,8.6,15.05,0.126,No,No,0,Dormant,Yes,No,No,Yes,Not Churned,,48.6
CUST11567,31,Male,Abuja,Regular,Website,2024-01-13,32,13,2,528418.75,81843.34,39800.23,52,Dresses,4,1,Order Cancellation,Medium,Resolved,3,2,No,4.3,0,0.0,No Return,0,0.0,No,No,3.1,3.4,0.0,0,0,1,4.4,2,9.7,17.5,No,3.8,4.8,3.8,4.6,4.8,13,9.8,6.9,0.126,Yes,No,0,Retained,Yes,No,No,No,Not Churned,,13.2
CUST11568,47,Male,Abia,Regular,Google,2024-04-07,29,6,2,144697.14,52582.31,27182.4,29,Beauty,1,1,Poor Customer Service,Medium,Resolved,8,0,No,5.0,1,0.167,Damaged,3,20934.82,Yes,Yes,4.2,4.2,0.0,0,0,0,4.2,1,5.8,11.1,No,3.7,3.9,3.7,3.9,3.7,37,8.1,2.63,0.405,No,No,0,Retained,Yes,No,No,No,Not Churned,,6.2
CUST11569,21,Female,Enugu,Regular,Instagram,2023-01-13,44,6,5,188820.51,138460.61,29607.47,109,Bags,5,2,Issue Not Resolved,Medium,Closed,4,0,No,5.0,0,0.0,No Return,0,0.0,No,No,3.3,4.1,0.0,0,0,0,4.4,2,2.0,5.6,No,4.3,5.0,4.3,4.3,4.2,43,8.8,8.92,0.125,No,Yes,3,Dormant,Yes,No,No,Yes,Not Churned,,38.8
CUST11570,35,Female,Lagos,Loyal,Instagram,2024-06-19,26,10,3,442840.44,145351.15,47641.34,22,Electronics,5,4,Order Cancellation,Low,Resolved,7,1,No,5.0,2,0.2,Changed Mind,9,69074.52,No,No,6.5,3.7,2.8,3,0,0,3.1,4,7.7,15.8,No,4.5,3.6,4.5,3.7,3.4,16,9.0,5.14,0.811,Yes,No,0,Churned,No,Yes,No,No,Price Too High,1773446400000000000,43.1
CUST11571,54,Female,Kaduna,New Customer,Instagram,2026-04-06,4,11,3,448180.18,121177.14,38705.44,156,Shoes,3,0,No Complaint,None,No Complaint,0,0,No,,0,0.0,No Return,0,0.0,No,No,2.3,3.6,0.0,1,0,0,3.4,1,1.7,7.0,Yes,3.7,3.6,3.7,3.1,2.9,1,5.6,3.64,0.178,No,Yes,7,At Risk,Yes,No,Yes,No,Not Churned,,22.8
CUST11572,42,Male,Kano,Regular,Google,2023-09-27,35,12,2,1069034.81,200915.41,98280.49,29,Beauty,1,2,Product Not as Described,Low,Resolved,7,1,No,3.9,1,0.083,Damaged,2,65507.19,No,No,6.8,5.4,1.4,1,0,0,3.2,2,3.0,14.0,No,4.2,4.4,4.2,4.1,4.1,28,7.7,2.37,0.164,No,No,0,Retained,Yes,No,No,No,Not Churned,,14.5
CUST11573,65,Male,Delta,Regular,Google,2025-12-29,8,13,2,292052.38,40017.73,20719.22,94,Bags,4,1,Poor Product Quality,Medium,Resolved,4,0,No,4.0,0,0.0,No Return,0,0.0,No,No,6.1,4.0,2.1,3,0,0,3.0,2,9.7,12.3,No,4.5,3.8,4.5,3.9,4.1,18,7.8,17.42,0.168,Yes,Yes,5,Dormant,Yes,No,No,Yes,Not Churned,,14.0
CUST11574,18,Female,Kano,Regular,TikTok,2024-01-11,32,12,1,222967.15,15795.36,17265.95,55,Beauty,3,3,Order Cancellation,High,Closed,6,3,No,4.1,0,0.0,No Return,0,0.0,No,No,1.5,2.5,0.0,0,0,1,4.2,3,1.8,6.0,No,3.3,4.7,3.3,4.3,4.0,9,7.7,2.66,0.296,No,No,0,Retained,Yes,No,No,No,Not Churned,,12.1
CUST11575,63,Female,Edo,Loyal,TikTok,2026-01-17,7,8,6,564618.82,505804.92,80088.26,89,Bags,4,1,Account Issue,High,Resolved,4,0,No,5.0,1,0.125,Defective,3,51740.54,No,No,6.9,4.6,2.3,1,0,0,3.9,2,12.8,19.2,No,3.6,4.9,3.6,4.2,4.7,12,8.0,3.62,0.606,Yes,No,0,Dormant,Yes,No,No,Yes,Not Churned,,11.2
CUST11576,32,Male,Ogun,Regular,Instagram,2023-09-14,36,7,2,277910.49,67992.38,36295.05,71,Shoes,1,6,Product Not as Described,Low,Closed,3,3,No,3.1,2,0.286,Damaged,5,47027.65,Yes,Yes,7.0,4.2,2.8,1,0,0,3.6,6,0.9,12.9,No,3.8,4.5,3.8,3.2,2.0,-4,6.9,1.21,0.34,Yes,No,0,Churned,No,Yes,No,No,Too Many Delivery Problems,1784160000000000000,53.3
CUST11577,26,Female,Enugu,Loyal,Facebook,2023-08-05,37,12,2,672634.66,121690.24,60648.69,97,Shoes,2,0,No Complaint,None,No Complaint,0,0,No,,3,0.25,Poor Quality,10,88117.58,No,No,2.8,3.0,0.0,0,0,0,3.7,1,4.3,12.2,Yes,3.7,4.1,3.7,3.4,3.4,39,7.2,11.31,0.494,Yes,Yes,2,Dormant,Yes,No,No,Yes,Not Churned,,14.8
CUST11578,32,Female,Delta,Regular,Facebook,2024-03-25,29,10,1,179624.8,17356.74,19749.66,38,Shoes,3,2,Refund Rejected,Medium,Resolved,6,4,Yes,4.1,1,0.1,Late Delivery,4,13882.84,No,No,5.5,4.6,0.9,1,0,0,4.5,2,9.3,9.8,No,4.5,3.4,4.5,4.4,3.4,35,9.6,1.84,0.186,No,Yes,2,Retained,Yes,No,No,No,Not Churned,,24.7
CUST11579,41,Female,Kaduna,Loyal,Referral,2025-06-12,14,10,3,256974.3,78611.46,25316.0,67,Electronics,3,2,Refund Delayed,High,Resolved,5,1,No,4.4,1,0.1,Not as Expected,4,22526.58,Yes,Yes,1.8,2.6,0.0,0,0,0,4.5,2,1.7,9.8,No,3.8,4.6,3.8,4.7,4.2,45,7.8,1.49,0.037,No,No,0,Retained,Yes,No,No,No,Not Churned,,10.2
CUST11580,21,Male,Delta,Regular,Instagram,2026-03-10,5,11,1,390108.59,37133.13,34122.56,187,Shoes,5,3,Damaged Product,Medium,Resolved,14,1,No,3.6,0,0.0,No Return,0,0.0,No,No,7.0,4.7,2.3,1,0,0,3.1,3,3.7,14.0,No,4.2,3.6,4.2,4.2,3.9,-4,8.1,14.79,0.043,No,Yes,3,At Risk,Yes,No,Yes,No,Not Churned,,26.9
CUST11581,29,Female,Abia,Regular,Instagram,2026-03-30,5,12,6,348660.99,184792.86,32004.68,16,Shoes,2,0,No Complaint,None,No Complaint,0,0,No,,0,0.0,No Return,0,0.0,No,No,1.0,2.9,0.0,0,0,0,3.8,2,6.2,7.6,Yes,5.0,4.1,5.0,4.8,4.4,68,8.5,3.5,0.174,Yes,No,0,Retained,Yes,No,No,No,Not Churned,,2.1
CUST11582,54,Female,Abuja,Loyal,Email,2023-02-01,43,8,3,237507.7,91361.46,30852.14,93,Trousers,3,2,Long Waiting Time,Low,Pending,4,1,No,5.0,0,0.0,No Return,0,0.0,No,No,4.4,5.5,0.0,1,0,0,3.8,2,9.9,12.9,No,4.1,3.4,4.1,3.2,3.3,-10,7.0,2.75,0.31,No,No,0,Dormant,Yes,No,No,Yes,Not Churned,,16.1
CUST11583,54,Male,Anambra,New Customer,Website,2026-03-21,5,9,8,133343.33,128675.13,14964.0,274,Bags,4,0,No Complaint,None,No Complaint,0,0,No,,0,0.0,No Return,0,0.0,No,No,5.5,4.0,1.5,0,0,1,3.9,0,3.4,7.7,Yes,4.3,3.8,4.3,4.2,4.9,32,8.4,5.69,0.182,No,No,0,At Risk,Yes,No,Yes,No,Not Churned,,67.5
CUST11584,60,Female,Plateau,Loyal,Facebook,2024-09-01,24,11,4,378054.68,127061.65,30286.68,188,Shoes,1,3,Exchange Difficulty,Medium,Resolved,10,3,No,3.8,1,0.091,Product Description Inaccurate,13,25716.0,No,No,3.8,2.5,1.3,3,0,1,3.6,3,13.1,25.3,No,2.8,4.3,2.8,3.0,3.0,-13,5.1,3.27,0.333,Yes,No,0,At Risk,Yes,No,Yes,No,Not Churned,,36.9
CUST11585,23,Female,Anambra,Loyal,Google,2025-07-05,14,16,0,571662.42,0.0,37694.4,79,Beauty,2,2,Poor Customer Service,Low,Resolved,2,1,No,4.9,0,0.0,No Return,0,0.0,No,No,5.5,5.0,0.5,1,0,1,3.0,3,2.1,6.5,Yes,4.3,4.3,4.3,4.0,3.8,45,7.8,3.77,0.314,Yes,No,0,Dormant,Yes,No,No,Yes,Not Churned,,11.2
CUST11586,56,Female,Plateau,Regular,Google,2024-06-25,26,8,4,206933.53,99785.12,27218.59,108,Beauty,5,3,Long Waiting Time,High,Resolved,9,3,No,4.2,0,0.0,No Return,0,0.0,No,No,6.6,5.0,1.6,0,1,0,2.8,3,10.7,16.9,No,3.3,4.4,3.3,3.5,4.0,53,6.3,2.74,0.257,No,Yes,7,Churned,No,Yes,No,No,Lack of Product Availability,1782086400000000000,34.0
CUST11587,63,Female,Kaduna,New Customer,Website,2023-05-28,39,8,1,433547.39,49555.98,51220.74,204,Shoes,5,0,No Complaint,None,No Complaint,0,0,No,,0,0.0,No Return,0,0.0,No,No,2.4,4.8,0.0,1,0,0,4.5,1,3.7,17.7,Yes,3.5,3.2,3.5,3.4,3.2,19,5.7,1.25,0.095,No,No,0,At Risk,Yes,No,Yes,No,Not Churned,,29.0
CUST11588,41,Male,Imo,New Customer,Referral,2024-10-17,22,11,2,607451.7,98909.95,51306.59,119,Beauty,4,2,Poor Customer Service,Medium,Closed,4,1,No,4.7,0,0.0,No Return,0,0.0,No,No,5.6,4.1,1.5,2,0,2,3.4,2,1.6,16.2,No,3.7,4.6,3.7,3.5,3.9,-5,8.7,11.47,0.252,No,No,0,Churned,No,Yes,No,No,Refund Problems,1771545600000000000,66.4
CUST11589,28,Female,Enugu,High Value,Instagram,2023-03-08,42,8,2,250983.99,68811.75,35533.15,55,Shoes,1,1,Discount Not Applied,Medium,Resolved,4,6,Yes,5.0,1,0.125,Late Delivery,3,27426.43,No,No,3.9,3.2,0.7,0,0,1,4.2,1,1.1,4.6,No,4.7,5.0,4.7,4.4,3.8,38,9.4,4.46,0.445,No,No,0,Retained,Yes,No,No,No,Not Churned,,7.1
CUST11590,30,Female,Imo,Loyal,TikTok,2024-07-23,25,9,3,186165.2,73033.92,22577.26,53,Trousers,5,2,Refund Delayed,Medium,Resolved,4,0,No,4.1,1,0.111,Wrong Color,7,18760.99,No,No,5.8,4.4,1.4,1,0,1,3.4,2,12.5,14.6,No,3.2,3.6,3.2,3.6,2.3,13,5.9,6.22,0.541,No,No,0,Retained,Yes,No,No,No,Not Churned,,17.6
CUST11591,51,Male,Anambra,New Customer,Google,2025-01-17,19,9,3,333964.76,102749.66,37997.22,24,Beauty,5,0,No Complaint,None,No Complaint,0,0,No,,0,0.0,No Return,0,0.0,No,No,4.8,5.0,0.0,0,0,0,5.0,1,6.9,8.6,Yes,5.0,4.1,5.0,5.0,5.0,55,10.0,6.05,0.46,No,No,0,Churned,No,Yes,No,No,Competitor,1776124800000000000,8.3
CUST11592,42,Male,Plateau,Regular,Facebook,2024-03-18,29,11,3,469527.34,130866.08,40626.84,113,Tops,1,2,Return Difficulty,Low,Resolved,6,0,No,4.1,2,0.182,Damaged,11,32224.44,No,No,6.0,4.0,2.0,1,0,0,3.6,2,5.2,6.0,No,4.9,3.2,4.9,4.0,3.8,14,9.6,12.57,0.056,No,Yes,7,Dormant,Yes,No,No,Yes,Not Churned,,19.0
CUST11593,24,Male,Rivers,Regular,Google,2025-06-15,14,13,5,399626.65,166547.77,33551.74,250,Electronics,2,2,Issue Not Resolved,Low,Resolved,7,0,No,3.9,0,0.0,No Return,0,0.0,No,No,4.3,2.7,1.6,1,0,0,3.3,2,7.7,10.7,No,4.8,4.5,4.8,5.0,5.0,21,10.0,2.73,0.169,No,No,0,Churned,No,Yes,No,No,Relocated,1785715200000000000,81.5
CUST11594,21,Female,Edo,Loyal,Google,2024-02-03,31,9,5,196567.86,110080.61,22369.32,77,Accessories,3,0,No Complaint,None,No Complaint,0,0,No,,1,0.111,Defective,2,19935.64,Yes,Yes,5.4,5.4,0.0,0,0,0,3.1,0,2.6,3.6,Yes,3.8,5.0,3.8,3.3,3.7,-11,6.0,3.85,0.319,No,Yes,4,Churned,No,Yes,No,No,No Longer Needed,1776902400000000000,30.3
CUST11595,25,Female,Kaduna,New Customer,Google,2026-02-25,6,9,0,389451.54,0.0,47992.2,48,Accessories,3,0,No Complaint,None,No Complaint,0,0,No,,0,0.0,No Return,0,0.0,No,No,4.0,4.5,0.0,0,0,0,4.5,0,5.7,15.7,Yes,4.7,4.1,4.7,5.0,5.0,33,7.9,5.45,0.369,No,No,0,Retained,Yes,No,No,No,Not Churned,,6.3
CUST11596,37,Male,Kaduna,Regular,Facebook,2024-04-26,28,9,0,365864.47,0.0,39307.27,64,Dresses,1,0,No Complaint,None,No Complaint,0,0,No,,0,0.0,No Return,0,0.0,No,No,5.9,5.4,0.5,1,0,0,2.8,1,3.0,6.2,Yes,4.8,4.6,4.8,4.4,5.0,9,6.7,4.89,0.259,No,No,0,Churned,No,Yes,No,No,Relocated,1786406400000000000,18.8
CUST11597,46,Female,Lagos,Loyal,Google,2025-08-05,13,10,4,262929.05,111058.83,26421.88,45,Accessories,1,3,Stock Availability,Medium,Closed,9,3,No,4.4,2,0.2,Wrong Size,8,41835.09,Yes,No,2.0,3.1,0.0,0,1,0,4.2,3,8.1,14.2,No,3.2,4.1,3.2,3.9,2.8,33,8.1,2.86,0.534,No,No,0,Retained,Yes,No,No,No,Not Churned,,9.7
CUST11598,62,Male,Lagos,New Customer,Instagram,2023-07-05,38,14,3,527472.97,100646.55,34477.73,20,Beauty,1,2,Unexpected Charge,Medium,Closed,6,0,No,4.4,1,0.071,Wrong Item,6,16069.0,No,No,3.0,3.1,0.0,0,0,1,3.9,2,7.4,11.5,No,4.4,4.4,4.4,5.0,4.6,42,9.3,1.23,0.185,No,No,0,Retained,Yes,No,No,No,Not Churned,,2.7
CUST11599,63,Male,Abuja,Regular,Website,2023-06-18,39,14,1,297829.84,21459.7,20555.16,21,Beauty,4,1,Product Not as Described,Medium,Resolved,3,1,No,5.0,2,0.143,Not as Expected,3,14745.68,No,No,4.7,2.8,1.9,0,0,0,2.8,1,5.5,9.9,No,3.8,3.4,3.8,2.9,2.8,22,5.8,4.71,0.263,No,No,0,At Risk,Yes,No,Yes,No,Not Churned,,17.4
CUST11600,27,Male,Plateau,High Value,Instagram,2024-05-21,27,11,0,150541.48,0.0,12935.84,29,Accessories,4,0,No Complaint,None,No Complaint,0,0,No,,2,0.182,Product Description Inaccurate,3,22306.0,No,No,2.4,3.1,0.0,0,1,0,3.4,0,1.2,4.3,Yes,4.6,3.7,4.6,3.4,3.5,23,5.6,10.42,0.475,Yes,Yes,6,Retained,Yes,No,No,No,Not Churned,,7.4
CUST11601,60,Female,Cross River,Loyal,Instagram,2024-06-04,27,8,1,130512.02,13769.95,15372.98,42,Trousers,1,1,Account Issue,High,Resolved,1,0,No,5.0,0,0.0,No Return,0,0.0,No,No,1.7,2.8,0.0,0,1,0,3.8,1,0.8,4.4,Yes,4.6,3.7,4.6,4.4,4.5,22,9.4,2.84,0.159,Yes,Yes,2,Retained,Yes,No,No,No,Not Churned,,7.1
CUST11602,51,Female,Abuja,Regular,Referral,2023-06-10,39,12,5,452527.14,173034.53,36288.3,108,Accessories,4,1,Poor Customer Service,Critical,Resolved,2,3,No,5.0,0,0.0,No Return,0,0.0,No,No,5.7,3.3,2.4,2,0,0,3.8,1,3.0,3.4,No,3.2,3.8,3.2,3.4,3.2,-2,7.7,3.68,0.138,No,No,0,Churned,No,Yes,No,No,No Longer Needed,1780531200000000000,18.3
CUST11603,43,Male,Lagos,New Customer,Website,2023-12-06,33,10,1,245165.24,28577.67,27722.81,60,Dresses,3,2,Wrong Product,High,Resolved,3,1,No,4.3,1,0.1,Defective,5,19321.35,Yes,Yes,5.1,4.2,0.9,0,0,0,3.5,2,3.2,12.6,No,4.5,4.1,4.5,3.7,3.7,48,8.1,1.3,0.102,Yes,No,0,Retained,Yes,No,No,No,Not Churned,,15.6
CUST11604,58,Female,Imo,New Customer,Website,2026-02-03,7,9,2,389195.82,83221.69,39147.01,10,Accessories,1,0,No Complaint,None,No Complaint,0,0,No,,0,0.0,No Return,0,0.0,No,No,5.8,5.0,0.8,2,0,0,4.7,1,3.9,7.2,Yes,4.2,4.7,4.2,4.5,5.0,27,8.4,24.49,0.032,No,No,0,Retained,Yes,No,No,No,Not Churned,,1.5
CUST11605,20,Female,Anambra,Regular,Google,2024-12-04,21,6,4,322545.36,198895.46,47678.17,111,Tops,3,1,Return Difficulty,Low,Escalated,4,1,Yes,4.6,5,0.833,Duplicate Order,5,222826.36,No,No,3.3,2.8,0.5,0,0,0,4.5,2,6.2,6.7,No,4.1,3.2,4.1,3.6,3.1,14,7.6,2.94,0.218,No,No,0,Churned,No,Yes,No,No,Negative Overall Experience,1771459200000000000,16.4
CUST11606,23,Male,Oyo,Loyal,Facebook,2026-03-22,5,7,0,271091.34,0.0,37810.62,45,Dresses,3,1,Repeated Issue,Low,Closed,7,2,No,3.9,2,0.286,Defective,3,55055.19,No,No,2.2,3.0,0.0,1,1,0,5.0,2,2.6,12.6,No,4.1,4.1,4.1,4.2,2.9,35,9.1,2.99,0.107,Yes,No,0,Retained,Yes,No,No,No,Not Churned,,9.9
CUST11607,22,Male,Kaduna,Regular,TikTok,2025-04-02,17,10,0,213855.27,0.0,23493.28,85,Beauty,4,3,Refund Delayed,High,Closed,3,2,No,5.0,2,0.2,Late Delivery,9,20383.22,Yes,No,5.9,3.4,2.5,3,1,2,3.7,3,6.5,10.6,No,3.7,4.3,3.7,3.8,4.5,54,7.8,6.35,0.09,No,No,0,Dormant,Yes,No,No,Yes,Not Churned,,44.7
CUST11608,22,Female,Abia,Loyal,TikTok,2025-02-23,18,12,2,494484.01,73316.36,38993.37,160,Accessories,5,1,Missing Product,Low,Resolved,4,2,No,4.8,1,0.083,Not as Expected,4,19906.81,Yes,Yes,3.4,3.5,0.0,0,1,0,4.9,1,2.5,4.0,No,2.9,4.1,2.9,3.8,3.4,-7,6.8,20.62,0.393,No,Yes,5,Churned,No,Yes,No,No,Better Alternative,1774137600000000000,49.6
CUST11609,64,Female,Rivers,High Value,Facebook,2026-03-18,5,13,0,337772.41,0.0,26561.34,55,Shoes,5,2,Refund Delayed,High,Closed,6,3,No,3.8,1,0.077,Defective,3,13716.27,No,No,2.6,5.2,0.0,1,0,1,3.9,2,7.2,8.1,No,3.9,4.7,3.9,4.1,3.4,47,7.4,0.6,0.184,No,No,0,Retained,Yes,No,No,No,Not Churned,,20.2
CUST11610,40,Female,Kaduna,Regular,Website,2023-05-11,40,7,4,172634.25,105152.51,27408.79,126,Tops,2,2,Product Not as Described,Medium,Resolved,7,0,No,5.0,0,0.0,No Return,0,0.0,No,No,2.9,3.2,0.0,0,0,0,5.0,2,4.1,7.6,No,3.2,4.3,3.2,4.0,3.0,27,5.7,2.14,0.319,Yes,No,0,At Risk,Yes,No,Yes,No,Not Churned,,48.3
CUST11611,26,Male,Kano,Regular,Instagram,2024-05-30,27,12,6,706146.8,331002.55,52983.67,107,Accessories,2,2,Order Cancellation,Critical,Resolved,3,1,No,4.2,1,0.083,Not as Expected,2,46015.0,Yes,Yes,5.2,2.9,2.3,3,0,2,4.0,4,7.5,13.9,No,5.0,3.3,5.0,4.0,3.9,35,8.5,13.82,0.418,No,No,0,Dormant,Yes,No,No,Yes,Not Churned,,14.5
CUST11612,52,Male,Enugu,Regular,Email,2024-06-19,26,11,2,496262.34,71802.3,42078.28,63,Accessories,5,0,No Complaint,None,No Complaint,0,0,No,,2,0.182,Poor Quality,6,55752.06,No,No,5.2,5.1,0.1,0,0,0,4.2,1,6.9,9.7,Yes,3.7,4.5,3.7,4.1,3.9,10,8.5,1.32,0.124,Yes,No,0,Retained,Yes,No,No,No,Not Churned,,23.3
CUST11613,37,Female,Edo,High Value,Website,2025-01-10,19,9,1,258659.36,24489.99,26191.43,51,Beauty,1,2,App Crash,Low,Resolved,19,2,No,2.1,0,0.0,No Return,0,0.0,No,No,7.2,5.1,2.1,1,0,0,3.9,2,7.2,19.0,No,4.7,3.8,4.7,4.0,4.6,37,7.2,7.11,0.474,No,Yes,3,Retained,Yes,No,No,No,Not Churned,,17.2
CUST11614,59,Female,Oyo,Loyal,TikTok,2025-02-19,18,12,4,283982.81,92465.18,21612.99,27,Shoes,5,1,Coupon Expired,Low,Resolved,2,0,No,4.9,3,0.25,Poor Quality,3,61090.14,No,No,5.4,4.9,0.5,1,0,1,3.6,1,6.4,19.7,Yes,4.6,4.4,4.6,4.4,4.2,26,8.2,4.42,0.213,No,No,0,Retained,Yes,No,No,No,Not Churned,,7.5
CUST11615,52,Male,Rivers,New Customer,Website,2024-08-10,25,7,1,425641.9,57961.3,62264.65,69,Shoes,4,0,No Complaint,None,No Complaint,0,0,No,,1,0.143,Changed Mind,1,23304.35,Yes,Yes,3.1,3.6,0.0,0,0,0,4.3,1,2.8,5.7,Yes,4.3,4.7,4.3,4.1,4.6,22,9.0,15.94,0.31,No,No,0,Retained,Yes,No,No,No,Not Churned,,15.5
CUST11616,35,Female,Kano,Loyal,TikTok,2024-12-26,20,9,2,284923.22,59461.23,31338.56,125,Accessories,5,3,Wrong Product,Medium,Closed,4,0,No,4.0,0,0.0,No Return,0,0.0,No,No,4.5,5.2,0.0,0,0,0,4.2,3,0.9,6.2,No,3.4,3.9,3.4,4.0,3.7,32,8.5,0.91,0.611,No,No,0,At Risk,Yes,No,Yes,No,Not Churned,,17.7
CUST11617,34,Female,Abuja,Regular,Facebook,2025-07-31,13,9,2,156754.02,38697.63,18468.2,42,Trousers,1,2,Late Delivery,Low,Resolved,1,0,No,4.2,4,0.444,Duplicate Order,3,35349.75,Yes,No,5.6,3.8,1.8,2,0,0,4.8,2,3.2,7.7,Yes,4.1,4.6,4.1,4.5,3.7,46,8.5,3.83,0.221,No,No,0,Retained,Yes,No,No,No,Not Churned,,8.2
CUST11618,41,Male,Rivers,High Value,Google,2025-09-23,11,14,3,392793.74,67848.34,25886.81,118,Tops,1,1,Missing Product,High,Pending,1,0,No,4.0,0,0.0,No Return,0,0.0,No,No,6.1,4.9,1.2,0,0,1,3.1,1,7.1,16.3,Yes,4.1,5.0,4.1,3.7,3.2,-21,7.8,3.94,0.075,No,Yes,4,Dormant,Yes,No,No,Yes,Not Churned,,38.5
CUST11619,20,Female,Imo,New Customer,Instagram,2024-01-11,32,8,2,112843.88,25628.78,13809.01,103,Beauty,2,2,Poor Customer Service,Medium,Closed,4,0,No,4.9,1,0.125,Defective,3,6174.88,Yes,No,2.4,3.8,0.0,1,1,1,4.6,2,1.2,10.4,No,3.7,3.2,3.7,3.9,3.6,23,7.4,1.21,0.463,No,No,0,Churned,No,Yes,No,No,Negative Overall Experience,1772582400000000000,28.6
CUST11620,49,Male,Lagos,Regular,Google,2026-03-27,5,9,2,86770.55,19065.23,9134.21,38,Bags,2,0,No Complaint,None,No Complaint,0,0,No,,0,0.0,No Return,0,0.0,No,No,5.2,3.9,1.3,2,0,0,3.8,0,4.8,11.2,Yes,3.8,4.0,3.8,4.1,3.8,14,10.0,2.3,0.319,No,No,0,Retained,Yes,No,No,No,Not Churned,,9.8
CUST11621,52,Female,Kaduna,Loyal,TikTok,2023-07-23,37,11,5,543389.35,275574.98,50598.83,32,Shoes,1,2,Product Not as Described,High,Closed,4,2,No,4.8,0,0.0,No Return,0,0.0,No,No,5.0,5.1,0.0,1,0,1,3.8,2,10.3,12.9,No,3.7,4.2,3.7,3.8,3.3,34,5.8,6.95,0.213,No,No,0,Retained,Yes,No,No,No,Not Churned,,4.8
CUST11622,55,Female,Rivers,Regular,Google,2025-09-15,11,6,4,133831.07,87738.13,20975.75,134,Accessories,3,0,No Complaint,None,No Complaint,0,0,No,,0,0.0,No Return,0,0.0,No,No,2.5,2.5,0.0,0,0,1,3.6,1,5.7,15.3,Yes,4.9,4.2,4.9,3.6,4.0,18,9.2,2.97,0.319,No,No,0,At Risk,Yes,No,Yes,No,Not Churned,,18.3
CUST11623,30,Male,Enugu,Regular,Google,2024-10-22,22,13,1,245931.33,15920.79,17826.37,113,Trousers,2,4,Late Delivery,Medium,Closed,1,3,No,4.6,0,0.0,No Return,0,0.0,No,No,5.8,3.3,2.5,4,1,1,2.1,4,7.5,10.3,No,3.4,5.0,3.4,3.5,2.7,-11,7.6,3.02,0.353,No,Yes,1,Dormant,Yes,No,No,Yes,Not Churned,,23.8
CUST11624,64,Female,Delta,New Customer,Referral,2023-03-16,42,12,2,318444.17,51650.12,24391.92,92,Dresses,4,1,Product Not as Described,High,Resolved,3,0,No,5.0,0,0.0,No Return,0,0.0,No,No,7.5,4.4,3.1,5,0,0,3.5,1,1.2,3.0,No,5.0,3.6,5.0,4.2,3.9,18,7.2,2.15,0.352,No,Yes,2,Dormant,Yes,No,No,Yes,Not Churned,,17.3
CUST11625,42,Other,Abia,Regular,Website,2025-01-10,19,12,2,301154.54,52749.8,27220.26,7,Bags,3,2,Unexpected Charge,Medium,Escalated,7,2,Yes,5.0,0,0.0,No Return,0,0.0,No,No,4.6,5.3,0.0,0,0,2,4.3,2,7.9,13.7,No,5.0,4.2,5.0,4.5,4.8,62,10.0,8.8,0.314,No,No,0,Retained,Yes,No,No,No,Not Churned,,8.0
CUST11626,26,Female,Abuja,Regular,Instagram,2023-10-31,34,6,3,151332.56,75475.81,24057.92,38,Electronics,4,5,Repeated Issue,High,Resolved,8,2,No,5.0,0,0.0,No Return,0,0.0,No,No,1.0,2.5,0.0,0,0,0,4.7,5,2.9,8.0,No,3.4,5.0,3.4,3.7,3.4,20,8.2,2.47,0.172,No,No,0,At Risk,Yes,No,Yes,No,Not Churned,,5.6
CUST11627,21,Female,Ogun,High Value,Google,2025-12-21,8,10,5,231468.7,94231.31,20713.85,69,Trousers,4,4,Late Delivery,Medium,Resolved,5,0,No,4.1,3,0.3,Wrong Size,6,53245.07,No,No,4.4,3.9,0.5,0,2,0,4.2,4,2.9,7.7,No,3.7,3.7,3.7,3.8,3.5,39,9.4,1.56,0.353,No,Yes,2,Retained,Yes,No,No,No,Not Churned,,15.6
CUST11628,31,Female,Cross River,Regular,Instagram,2024-07-23,25,12,2,340848.06,58681.46,31370.96,26,Electronics,1,2,Poor Product Quality,Medium,Closed,2,0,No,5.0,2,0.167,Not as Expected,1,58130.38,No,No,5.8,4.0,1.8,1,1,0,3.8,2,2.2,4.7,Yes,2.9,4.5,2.9,3.6,4.7,19,7.6,4.41,0.35,Yes,No,0,Churned,No,Yes,No,No,Inactive,1782864000000000000,9.5
CUST11629,54,Female,Edo,Regular,TikTok,2025-02-24,18,10,0,324945.15,0.0,28518.93,21,Electronics,3,1,Price Increase,Low,Closed,2,2,No,4.1,1,0.1,Late Delivery,3,19497.28,No,No,5.5,5.5,0.0,0,0,0,4.3,1,3.5,5.3,No,3.4,3.3,3.4,3.2,2.6,9,3.5,3.53,0.269,No,No,0,Retained,Yes,No,No,No,Not Churned,,15.8
CUST11630,51,Female,Cross River,Loyal,Instagram,2026-02-05,6,13,0,878460.41,0.0,72186.49,76,Dresses,2,3,Rude Staff,High,Resolved,8,0,No,3.5,1,0.077,Wrong Color,3,38775.22,No,No,4.0,4.6,0.0,0,0,1,3.8,3,7.0,8.0,No,4.0,5.0,4.0,4.6,3.6,37,10.0,4.55,0.213,Yes,No,0,Dormant,Yes,No,No,Yes,Not Churned,,21.1
CUST11631,28,Female,Imo,New Customer,TikTok,2025-09-13,11,12,4,365022.96,98950.5,26850.96,84,Tops,1,5,Repeated Issue,Low,Resolved,10,2,No,3.2,1,0.083,Defective,3,19680.94,No,No,1.8,2.9,0.0,0,0,0,4.1,5,3.3,10.4,No,3.0,4.9,3.0,4.4,4.6,4,8.6,8.41,0.387,No,No,0,At Risk,Yes,No,Yes,No,Not Churned,,10.8
CUST11632,58,Female,Edo,Regular,Facebook,2023-08-17,37,9,2,314572.64,54631.5,31365.4,81,Trousers,5,1,Late Delivery,Medium,Closed,7,1,No,4.5,1,0.111,Changed Mind,5,22153.45,Yes,Yes,4.6,4.2,0.4,1,0,0,4.0,3,7.4,11.7,No,2.4,4.1,2.4,3.1,2.6,11,5.7,9.92,0.332,No,No,0,Churned,No,Yes,No,No,Poor Product Quality,1786233600000000000,61.1
CUST11633,20,Female,Rivers,Loyal,Facebook,2025-12-07,8,11,2,246819.62,44641.3,20624.23,37,Accessories,2,4,Failed Payment,Low,Escalated,5,1,Yes,4.4,0,0.0,No Return,0,0.0,No,No,1.3,3.0,0.0,0,0,0,4.4,4,5.9,13.0,No,3.4,4.0,3.4,4.2,4.1,36,8.2,17.7,0.098,No,No,0,Retained,Yes,No,No,No,Not Churned,,20.8
CUST11634,45,Male,Delta,Loyal,Website,2023-09-25,35,8,3,327167.27,121188.27,43666.68,100,Shoes,5,1,Return Difficulty,High,Closed,3,1,No,5.0,0,0.0,No Return,0,0.0,No,No,4.5,4.7,0.0,0,0,0,4.7,4,12.6,16.9,No,4.1,4.5,4.1,4.5,4.6,40,10.0,3.23,0.126,No,No,0,Dormant,Yes,No,No,Yes,Not Churned,,18.1
CUST11635,46,Male,Kaduna,Loyal,Instagram,2024-12-27,20,13,3,868325.78,187911.04,71176.01,33,Shoes,1,1,Wrong Product,Low,Resolved,4,1,No,2.7,1,0.077,Changed Mind,2,62426.74,No,No,3.4,3.6,0.0,0,0,0,4.6,2,8.2,16.4,No,5.0,3.9,5.0,4.3,4.2,50,9.3,26.98,0.293,Yes,No,0,Retained,Yes,No,No,No,Not Churned,,4.6
CUST11636,26,Male,Ogun,Loyal,Google,2025-03-12,17,9,1,261245.81,28630.6,30554.67,53,Tops,4,1,Late Delivery,Medium,Closed,11,5,Yes,3.6,0,0.0,No Return,0,0.0,No,No,5.5,4.5,1.0,1,0,0,3.0,1,5.5,16.9,No,3.4,4.7,3.4,4.1,4.0,44,9.6,2.72,0.145,No,No,0,Retained,Yes,No,No,No,Not Churned,,15.7
CUST11637,20,Female,Imo,New Customer,Instagram,2023-09-11,36,12,3,311835.49,65307.25,23649.2,115,Shoes,4,1,Failed Payment,Medium,Resolved,4,1,No,4.0,0,0.0,No Return,0,0.0,No,No,6.7,5.2,1.5,0,0,0,3.5,2,2.9,7.4,No,3.8,4.0,3.8,3.7,3.9,6,8.8,2.09,0.03,No,No,0,Churned,No,Yes,No,No,Competitor,1777507200000000000,28.5
CUST11638,42,Female,Kano,High Value,Google,2025-08-14,12,9,1,292295.13,30364.72,34896.39,68,Trousers,3,2,Delivery Fee,Medium,Closed,3,0,No,3.2,0,0.0,No Return,0,0.0,No,No,4.6,4.9,0.0,0,0,0,3.8,3,3.1,5.3,No,4.2,3.6,4.2,3.8,4.0,2,7.3,2.52,0.348,Yes,No,0,Retained,Yes,No,No,No,Not Churned,,15.6
CUST11639,51,Male,Oyo,New Customer,Referral,2025-05-19,15,7,1,292031.3,44097.07,40236.95,46,Bags,2,3,Refund Delayed,Low,Pending,4,1,No,4.1,0,0.0,No Return,0,0.0,No,No,3.5,4.9,0.0,1,0,0,4.2,3,7.3,10.0,No,4.4,4.7,4.4,4.1,3.5,28,7.2,1.33,0.206,Yes,Yes,4,Retained,Yes,No,No,No,Not Churned,,6.3
CUST11640,29,Female,Kaduna,Loyal,Google,2023-03-28,41,11,3,1536608.58,355060.23,128165.41,38,Trousers,5,1,Long Waiting Time,Medium,Resolved,4,0,No,4.4,0,0.0,No Return,0,0.0,No,No,1.8,3.3,0.0,0,0,0,4.5,1,10.6,18.0,No,3.8,3.8,3.8,3.9,4.2,48,10.0,7.4,0.439,No,No,0,Retained,Yes,No,No,No,Not Churned,,4.8
CUST11641,59,Female,Kano,Regular,Instagram,2025-11-14,9,10,0,299175.44,0.0,29787.37,55,Bags,5,2,Website Error,Low,Resolved,3,0,No,5.0,1,0.1,Not as Expected,4,21710.97,No,No,5.9,4.3,1.6,1,0,0,3.2,2,7.1,7.7,No,4.3,4.2,4.3,3.9,3.6,25,7.5,4.3,0.254,No,Yes,2,Retained,Yes,No,No,No,Not Churned,,21.0
CUST11642,26,Male,Oyo,High Value,Google,2023-08-10,37,10,2,300760.0,51891.64,27168.89,54,Trousers,3,1,Repeated Issue,Low,Resolved,3,0,No,4.3,1,0.1,Wrong Item,4,9720.87,Yes,No,5.5,3.1,2.4,0,0,0,3.5,2,4.0,9.3,No,3.9,4.9,3.9,4.1,4.5,30,7.2,2.5,0.35,Yes,No,0,Retained,Yes,No,No,No,Not Churned,,18.2
CUST11643,32,Male,Delta,Loyal,TikTok,2025-09-16,11,13,1,246514.77,17527.98,18378.82,36,Tops,2,1,Unexpected Charge,Medium,Escalated,3,0,Yes,4.2,0,0.0,No Return,0,0.0,No,No,1.8,3.2,0.0,0,0,0,4.2,2,1.9,3.3,No,4.7,3.6,4.7,4.1,3.6,17,8.2,2.46,0.377,No,Yes,2,Retained,Yes,No,No,No,Not Churned,,14.2
CUST11644,57,Female,Oyo,Loyal,Website,2024-02-01,31,8,1,230766.57,26566.64,27718.14,51,Trousers,4,3,Wrong Product,Medium,Closed,1,0,No,4.7,0,0.0,No Return,0,0.0,No,No,7.5,4.6,2.9,1,0,0,3.4,3,6.7,11.9,Yes,4.4,3.5,4.4,3.6,3.6,2,6.4,8.28,0.334,No,Yes,3,Retained,Yes,No,No,No,Not Churned,,8.6
CUST11645,42,Female,Abia,Regular,Referral,2025-07-26,13,11,0,305615.46,0.0,26143.22,39,Accessories,1,0,No Complaint,None,No Complaint,0,0,No,,0,0.0,No Return,0,0.0,No,No,6.6,3.7,2.9,3,1,0,2.8,0,3.2,8.9,Yes,5.0,4.2,5.0,3.9,4.0,20,9.3,5.47,0.23,Yes,No,0,Retained,Yes,No,No,No,Not Churned,,4.9
CUST11646,22,Male,Kaduna,Regular,Referral,2024-05-25,27,12,2,553335.73,71974.91,41601.15,144,Beauty,3,2,Damaged Product,High,Resolved,9,1,No,5.0,1,0.083,Defective,8,25335.86,Yes,Yes,4.3,5.2,0.0,0,0,0,3.5,3,5.1,16.1,No,4.2,4.1,4.2,3.8,3.6,31,5.7,1.3,0.068,Yes,No,0,At Risk,Yes,No,Yes,No,Not Churned,,25.4
CUST11647,28,Male,Imo,Loyal,Facebook,2024-07-14,25,9,3,222996.59,91552.79,28116.16,16,Accessories,1,2,Issue Not Resolved,Low,Resolved,1,1,No,4.5,1,0.111,Duplicate Order,4,11815.57,No,No,4.1,4.0,0.1,0,0,1,2.7,2,4.0,6.3,Yes,4.0,4.5,4.0,4.1,4.0,28,9.0,4.37,0.396,No,No,0,Retained,Yes,No,No,No,Not Churned,,6.5
CUST11648,51,Male,Abia,Loyal,Facebook,2025-04-25,16,13,2,251425.19,39876.94,19615.21,19,Shoes,1,4,Coupon Expired,Medium,Resolved,9,1,No,3.5,3,0.231,Wrong Item,1,24334.23,No,No,4.0,2.7,1.3,4,0,1,3.2,4,1.3,9.0,No,4.4,4.8,4.4,3.9,3.1,2,7.4,5.91,0.307,No,Yes,2,Retained,Yes,No,No,No,Not Churned,,2.4
CUST11649,41,Male,Plateau,New Customer,Instagram,2024-03-15,30,5,0,109777.21,0.0,19259.03,34,Trousers,3,2,Discount Not Applied,Medium,Resolved,8,1,No,4.4,0,0.0,No Return,0,0.0,No,No,3.9,3.7,0.2,0,1,0,3.8,2,5.5,9.5,No,2.7,3.5,2.7,2.8,2.8,3,7.6,1.87,0.32,No,No,0,Churned,No,Yes,No,No,Website/App Problems,1767830400000000000,20.4
CUST11650,32,Male,Enugu,High Value,Facebook,2026-04-13,4,10,2,236892.43,46480.79,26128.57,47,Trousers,5,1,Wrong Product,Medium,Resolved,5,0,No,4.2,3,0.3,Wrong Size,3,41062.6,Yes,Yes,2.7,2.9,0.0,0,1,0,3.8,1,4.7,15.4,No,2.8,3.8,2.8,3.0,2.7,-1,5.9,3.4,0.027,No,No,0,Retained,Yes,No,No,No,Not Churned,,33.9
CUST11651,55,Female,Rivers,Loyal,Facebook,2023-11-07,34,9,2,390341.21,85753.7,45991.32,38,Accessories,2,0,No Complaint,None,No Complaint,0,0,No,,0,0.0,No Return,0,0.0,No,No,7.3,5.5,1.8,1,0,0,4.1,3,2.5,5.1,Yes,5.0,3.4,5.0,4.7,4.5,31,10.0,8.97,0.498,No,No,0,Retained,Yes,No,No,No,Not Churned,,4.7
CUST11652,25,Female,Kano,Regular,Referral,2023-02-04,43,9,1,324463.41,30086.9,34860.94,333,Bags,5,2,Damaged Product,Medium,Escalated,4,3,Yes,5.0,1,0.111,Wrong Size,4,12700.31,No,No,3.9,2.6,1.3,2,0,0,4.3,2,9.8,12.7,No,4.4,4.4,4.4,4.7,3.6,80,10.0,1.41,0.492,No,No,0,Churned,No,Yes,No,No,Poor Customer Service,1778284800000000000,61.6
CUST11653,22,Male,Enugu,Loyal,Referral,2023-08-05,37,7,6,312024.82,243785.65,40098.84,63,Dresses,4,2,Long Waiting Time,High,Escalated,3,0,Yes,4.2,1,0.143,Defective,1,24953.66,No,No,3.3,4.2,0.0,0,0,1,3.0,2,10.4,11.4,No,3.2,3.8,3.2,3.0,2.7,24,6.1,1.99,0.336,No,No,0,Retained,Yes,No,No,No,Not Churned,,8.7
CUST11654,65,Male,Kano,Regular,Email,2024-12-21,20,10,1,291903.2,30115.31,32210.19,65,Shoes,2,3,Poor Customer Service,High,Closed,1,1,No,4.7,1,0.1,Wrong Size,3,13781.21,No,No,4.7,3.6,1.1,1,1,0,3.1,3,5.8,8.2,Yes,4.3,4.3,4.3,3.9,4.1,-5,7.8,16.61,0.117,No,No,0,Retained,Yes,No,No,No,Not Churned,,10.3
CUST11655,43,Male,Imo,Regular,Facebook,2025-10-12,10,15,4,511831.45,153021.06,38727.22,40,Electronics,3,2,Website Error,Low,Resolved,2,1,No,4.6,2,0.133,Poor Quality,7,52191.55,No,No,5.1,4.3,0.8,3,1,1,3.9,2,5.0,6.6,Yes,4.9,4.2,4.9,4.0,3.4,61,8.0,8.97,0.359,Yes,No,0,Churned,No,Yes,No,No,Poor Product Quality,1767657600000000000,33.1
CUST11656,35,Female,Rivers,Regular,Referral,2024-06-02,27,9,2,259069.61,56095.2,27016.07,36,Bags,3,1,Wrong Product,High,Closed,8,2,No,3.9,1,0.111,Late Delivery,9,19430.82,Yes,Yes,4.2,4.1,0.1,0,1,0,4.5,1,1.3,8.0,No,5.0,4.4,5.0,4.5,4.2,45,7.9,3.46,0.275,No,No,0,Retained,Yes,No,No,No,Not Churned,,6.1
CUST11657,23,Female,Plateau,Regular,Website,2023-09-26,35,12,5,264463.27,104596.13,21165.09,45,Bags,3,2,Missing Product,Medium,Resolved,6,0,No,4.6,0,0.0,No Return,0,0.0,No,No,5.0,5.3,0.0,0,0,0,5.0,2,0.6,6.0,No,3.5,4.2,3.5,4.8,4.0,61,7.9,14.06,0.137,No,No,0,Retained,Yes,No,No,No,Not Churned,,6.3
CUST11658,54,Male,Anambra,Loyal,Referral,2024-09-29,23,10,2,203882.36,37126.87,21389.56,48,Accessories,1,2,Poor Product Quality,Medium,Resolved,5,0,No,4.1,0,0.0,No Return,0,0.0,No,No,2.0,3.0,0.0,1,0,0,4.1,2,2.5,7.9,No,3.0,3.2,3.0,3.8,3.0,22,6.0,2.64,0.328,No,No,0,Retained,Yes,No,No,No,Not Churned,,7.4
CUST11659,65,Male,Oyo,Regular,Facebook,2024-04-19,28,13,4,309068.89,72283.55,20881.3,66,Bags,3,1,Issue Not Resolved,High,Pending,3,2,No,5.0,2,0.154,Late Delivery,8,18685.85,No,No,2.8,2.9,0.0,0,0,1,2.9,1,6.6,13.5,No,4.6,3.3,4.6,3.6,3.5,15,5.6,2.51,0.102,No,No,0,Churned,No,Yes,No,No,Poor Product Quality,1787443200000000000,61.2
CUST11660,30,Male,Delta,Loyal,Facebook,2023-03-31,41,11,3,665723.04,187868.79,58702.24,54,Beauty,4,1,Poor Customer Service,Low,Resolved,3,3,No,5.0,0,0.0,No Return,0,0.0,No,No,4.7,5.1,0.0,0,0,0,3.4,3,6.8,12.5,No,4.1,4.5,4.1,3.1,2.7,2,4.1,0.4,0.299,No,No,0,Churned,No,Yes,No,No,Payment Problems,1772928000000000000,50.3
CUST11661,45,Male,Anambra,Loyal,Instagram,2025-12-01,9,13,0,704347.03,0.0,51156.11,29,Tops,4,4,Stock Availability,High,Pending,3,1,No,,0,0.0,No Return,0,0.0,No,No,6.3,5.3,1.0,2,0,0,3.8,4,6.6,7.4,No,2.8,4.8,2.8,3.9,3.6,28,4.8,1.98,0.394,No,No,0,Churned,No,Yes,No,No,Refund Problems,1772668800000000000,36.5
CUST11662,22,Male,Anambra,Loyal,Google,2025-09-08,11,11,1,281702.55,24521.66,26071.54,122,Beauty,3,0,No Complaint,None,No Complaint,0,0,No,,0,0.0,No Return,0,0.0,No,No,5.7,3.6,2.1,1,0,0,2.8,2,4.6,10.8,Yes,3.7,3.3,3.7,3.3,4.0,-7,6.8,3.78,0.205,No,No,0,At Risk,Yes,No,Yes,No,Not Churned,,18.7
CUST11663,30,Male,Edo,New Customer,TikTok,2023-10-15,35,7,3,273968.74,94091.91,34671.68,115,Electronics,2,4,Issue Not Resolved,Medium,Escalated,3,2,Yes,4.5,1,0.143,Wrong Color,4,19398.34,No,No,5.2,5.4,0.0,0,0,0,3.7,4,6.3,12.7,No,3.8,3.0,3.8,3.5,3.5,-6,7.5,14.94,0.221,No,No,0,Dormant,Yes,No,No,Yes,Not Churned,,16.2
CUST11664,34,Male,Lagos,Loyal,Instagram,2024-04-25,28,7,2,298827.66,91656.57,44722.73,122,Accessories,4,3,Late Delivery,Medium,Closed,2,1,No,4.8,0,0.0,No Return,0,0.0,No,No,4.2,3.5,0.7,1,0,0,3.7,3,0.9,4.6,Yes,3.3,5.0,3.3,3.7,2.6,22,5.2,9.92,0.133,Yes,No,0,At Risk,Yes,No,Yes,No,Not Churned,,16.5
CUST11665,57,Male,Kaduna,Regular,Facebook,2024-09-28,23,9,1,234693.05,22808.31,24096.9,156,Accessories,2,1,Poor Customer Service,Medium,Closed,10,2,No,4.4,1,0.111,Not as Expected,2,14818.22,No,No,3.3,4.3,0.0,0,1,0,3.0,3,4.4,10.0,No,3.3,4.2,3.3,3.9,3.4,12,7.5,11.46,0.297,No,No,0,At Risk,Yes,No,Yes,No,Not Churned,,36.1
CUST11666,62,Male,Enugu,Regular,TikTok,2024-05-15,27,6,2,164958.79,58158.25,30162.52,109,Trousers,2,1,Account Issue,Low,Resolved,5,1,No,3.9,0,0.0,No Return,0,0.0,No,No,4.7,4.5,0.2,0,0,0,4.3,1,9.9,12.8,No,4.4,3.4,4.4,3.8,3.9,21,8.4,4.81,0.233,No,No,0,Dormant,Yes,No,No,Yes,Not Churned,,13.9
CUST11667,49,Female,Enugu,Regular,Website,2023-02-21,42,11,4,228760.22,82651.11,20285.15,224,Dresses,2,0,No Complaint,None,No Complaint,0,0,No,,2,0.182,Wrong Item,2,32222.05,No,No,6.8,5.5,1.3,2,0,0,5.0,1,2.0,7.2,Yes,4.4,3.3,4.4,4.5,5.0,40,9.0,22.28,0.074,No,No,0,At Risk,Yes,No,Yes,No,Not Churned,,30.7
CUST11668,46,Female,Enugu,Regular,Google,2023-04-13,41,13,4,283525.84,84692.55,21051.75,13,Dresses,3,0,No Complaint,None,No Complaint,0,0,No,,2,0.154,Damaged,10,23427.45,Yes,Yes,3.1,3.0,0.1,1,0,1,4.4,3,13.5,19.4,Yes,4.3,3.7,4.3,4.3,4.0,47,7.4,13.12,0.289,No,No,0,Retained,Yes,No,No,No,Not Churned,,5.2
CUST11669,20,Male,Abia,Loyal,TikTok,2024-11-29,21,5,2,205622.06,92209.51,44179.16,20,Tops,1,4,Refund Delayed,High,Resolved,9,1,No,3.8,0,0.0,No Return,0,0.0,No,No,3.2,3.4,0.0,0,0,0,4.6,4,2.4,9.0,No,4.1,3.7,4.1,4.0,3.7,19,7.9,0.56,0.14,No,Yes,6,Retained,Yes,No,No,No,Not Churned,,6.1
CUST11670,57,Female,Imo,Regular,Google,2025-11-03,10,9,3,287430.05,102721.33,33012.22,34,Trousers,3,1,Login Problem,Medium,Escalated,6,0,Yes,5.0,1,0.111,Wrong Item,4,19068.72,No,No,3.9,4.1,0.0,0,0,0,4.9,1,3.0,10.1,No,5.0,3.7,5.0,4.9,3.9,37,9.9,11.5,0.091,No,No,0,Churned,No,Yes,No,No,Too Many Delivery Problems,1781049600000000000,11.5
CUST11671,51,Female,Enugu,Loyal,Instagram,2024-04-14,29,11,5,331294.0,155734.94,32445.67,8,Tops,4,3,Login Problem,Medium,Resolved,2,1,No,5.0,2,0.182,Not as Expected,9,29526.13,No,No,3.9,3.1,0.8,0,0,1,4.9,3,3.2,5.0,Yes,3.9,4.2,3.9,4.0,3.1,17,8.6,3.45,0.155,No,No,0,Churned,No,Yes,No,No,Negative Overall Experience,1776643200000000000,29.2
CUST11672,57,Female,Imo,New Customer,Google,2024-03-02,30,4,3,244848.72,148804.67,55237.82,145,Electronics,4,0,No Complaint,None,No Complaint,0,0,No,,2,0.5,Damaged,4,95209.25,Yes,No,4.4,4.2,0.2,0,1,0,4.1,1,1.8,4.3,Yes,2.0,3.9,2.0,3.4,3.2,0,7.7,7.92,0.074,Yes,No,0,At Risk,Yes,No,Yes,No,Not Churned,,52.8
CUST11673,44,Female,Kaduna,Regular,Referral,2023-04-20,41,12,0,330496.43,0.0,26045.3,25,Bags,4,1,Poor Customer Service,Medium,Resolved,4,0,No,5.0,0,0.0,No Return,0,0.0,No,No,3.9,4.8,0.0,0,1,0,4.5,1,3.3,4.3,No,3.9,4.4,3.9,4.9,4.6,56,7.6,1.9,0.152,No,No,0,Retained,Yes,No,No,No,Not Churned,,3.2
CUST11674,30,Female,Anambra,High Value,Email,2024-05-29,27,9,4,406022.69,185170.4,45089.41,91,Electronics,4,2,Poor Customer Service,Low,Resolved,6,2,No,5.0,1,0.111,Not as Expected,7,25671.34,Yes,Yes,6.9,5.1,1.8,3,0,0,3.9,2,10.4,12.0,No,4.7,4.4,4.7,3.9,3.6,12,10.0,3.03,0.291,No,Yes,6,Dormant,Yes,No,No,Yes,Not Churned,,16.3
CUST11675,62,Female,Plateau,Loyal,Instagram,2023-03-09,42,16,3,354705.73,59095.99,21521.01,34,Electronics,1,3,Website Error,Medium,Escalated,1,0,Yes,4.9,0,0.0,No Return,0,0.0,No,No,2.9,3.5,0.0,0,0,0,4.7,3,1.8,3.2,Yes,4.7,3.9,4.7,4.4,4.1,65,10.0,10.88,0.118,No,No,0,Retained,Yes,No,No,No,Not Churned,,31.8
CUST11676,50,Male,Kaduna,Regular,Referral,2024-01-24,31,9,2,229325.88,50292.0,26190.65,28,Dresses,2,2,Wrong Product,Medium,Closed,2,2,No,5.0,0,0.0,No Return,0,0.0,No,No,5.1,3.0,2.1,1,0,1,2.8,2,15.9,20.0,No,3.9,5.0,3.9,4.0,4.0,8,7.3,13.3,0.057,Yes,No,0,Retained,Yes,No,No,No,Not Churned,,8.5
CUST11677,23,Female,Enugu,Regular,Google,2023-11-04,34,8,5,180123.83,99148.15,22611.36,60,Bags,3,1,Product Not as Described,Low,Closed,9,2,No,2.7,2,0.25,Wrong Color,2,20199.34,No,No,3.2,4.6,0.0,0,2,0,4.8,2,9.0,11.4,No,3.5,4.2,3.5,4.3,4.2,24,10.0,10.22,0.042,No,Yes,3,Churned,No,Yes,No,No,Payment Problems,1774137600000000000,37.9
CUST11678,41,Female,Lagos,Regular,Referral,2025-12-25,8,8,2,183272.1,38526.13,21875.81,72,Tops,4,1,Refund Rejected,High,Resolved,2,1,No,4.9,1,0.125,Duplicate Order,4,8917.3,No,No,7.8,4.6,3.2,3,0,0,3.0,1,8.9,11.0,Yes,3.7,4.3,3.7,3.8,3.8,-13,7.2,9.42,0.3,Yes,Yes,2,Churned,No,Yes,No,No,Price Too High,1770422400000000000,15.9
CUST11679,36,Female,Abuja,Regular,Instagram,2024-04-04,29,15,2,1056879.53,137216.17,75188.02,96,Dresses,2,0,No Complaint,None,No Complaint,0,0,No,,0,0.0,No Return,0,0.0,No,No,5.9,3.8,2.1,4,1,1,2.3,4,1.4,2.9,Yes,4.5,3.9,4.5,3.2,3.4,-7,7.4,1.99,0.177,Yes,No,0,Dormant,Yes,No,No,Yes,Not Churned,,15.4
CUST11680,33,Male,Rivers,Loyal,Google,2023-12-13,33,9,2,143400.6,30301.72,17390.63,10,Bags,3,1,Missing Product,Medium,Resolved,2,3,No,3.8,2,0.222,Changed Mind,3,17519.81,No,No,3.0,4.3,0.0,0,0,0,4.7,1,2.4,10.0,No,2.8,4.3,2.8,3.9,3.8,25,7.7,7.21,0.24,No,No,0,Retained,Yes,No,No,No,Not Churned,,1.3
CUST11681,57,Female,Enugu,Loyal,Website,2023-11-21,33,14,1,363541.09,21017.14,22878.53,58,Shoes,1,0,No Complaint,None,No Complaint,0,0,No,,3,0.214,Changed Mind,3,52612.33,Yes,Yes,5.2,4.9,0.3,1,1,2,3.8,1,3.9,4.4,Yes,5.0,4.1,5.0,4.1,4.1,29,10.0,17.26,0.2,No,No,0,Churned,No,Yes,No,No,Negative Overall Experience,1787529600000000000,37.5
CUST11682,45,Male,Delta,Regular,Referral,2024-10-28,22,15,3,169586.17,35645.43,11977.05,66,Trousers,5,2,Issue Not Resolved,High,Resolved,1,0,No,4.2,1,0.067,Duplicate Order,2,5899.89,Yes,No,5.1,4.7,0.4,2,1,1,3.2,2,1.7,5.3,Yes,4.3,4.4,4.3,4.6,4.2,30,10.0,2.83,0.242,Yes,No,0,Retained,Yes,No,No,No,Not Churned,,18.0
CUST11683,50,Male,Abuja,High Value,Google,2025-11-22,9,13,4,328030.98,103171.05,24891.87,69,Shoes,1,2,Login Problem,Medium,Closed,8,1,No,3.2,3,0.231,Damaged,2,54093.9,Yes,No,3.8,4.5,0.0,0,0,0,3.8,2,9.6,13.7,No,3.0,4.2,3.0,3.6,3.4,28,7.4,10.23,0.387,No,No,0,Retained,Yes,No,No,No,Not Churned,,15.0
CUST11684,65,Male,Kaduna,Regular,Facebook,2023-03-09,42,9,0,286566.61,0.0,29329.78,227,Bags,5,2,Poor Customer Service,Low,Resolved,11,1,No,4.6,1,0.111,Damaged,5,21809.74,No,No,6.6,4.5,2.1,1,0,0,2.5,2,5.9,11.0,No,3.3,4.4,3.3,2.7,2.0,-16,3.6,5.95,0.382,No,No,0,At Risk,Yes,No,Yes,No,Not Churned,,31.9
CUST11685,58,Female,Delta,Regular,Facebook,2023-07-06,38,9,2,445323.91,96080.03,48032.61,36,Electronics,4,2,Missing Product,Critical,Resolved,2,2,No,4.8,0,0.0,No Return,0,0.0,No,No,6.2,4.7,1.5,0,0,0,4.3,2,0.4,5.7,No,3.1,4.4,3.1,4.1,4.3,5,7.6,4.55,0.503,No,Yes,1,Retained,Yes,No,No,No,Not Churned,,11.7
CUST11686,30,Male,Delta,Regular,Google,2023-07-11,38,8,1,211530.89,23659.46,25148.33,122,Beauty,2,0,No Complaint,None,No Complaint,0,0,No,,2,0.25,Product Description Inaccurate,6,35813.93,No,No,5.9,4.3,1.6,1,1,0,3.8,1,3.5,9.8,Yes,4.0,4.6,4.0,4.6,5.0,47,6.0,1.27,0.244,No,No,0,At Risk,Yes,No,Yes,No,Not Churned,,26.4
CUST11687,60,Female,Kano,Loyal,Website,2024-03-03,30,9,2,152229.4,33189.37,18303.09,98,Bags,2,1,Wrong Product,Medium,Closed,9,1,No,4.0,2,0.222,Late Delivery,2,33040.37,No,No,4.3,2.8,1.5,0,0,0,4.4,4,1.7,9.0,No,3.7,3.3,3.7,3.9,4.4,26,7.0,4.05,0.433,No,No,0,Dormant,Yes,No,No,Yes,Not Churned,,16.5
CUST11688,62,Male,Delta,Regular,Email,2026-02-05,6,11,7,272547.11,150820.93,25112.75,29,Dresses,3,0,No Complaint,None,No Complaint,0,0,No,,0,0.0,No Return,0,0.0,No,No,3.7,4.2,0.0,1,0,0,4.4,0,1.3,9.8,Yes,4.1,5.0,4.1,4.3,4.4,25,8.9,3.88,0.185,Yes,No,0,Retained,Yes,No,No,No,Not Churned,,4.3
CUST11689,42,Male,Enugu,Regular,Google,2023-08-04,37,11,2,425869.61,67636.96,36306.01,51,Tops,5,1,Repeated Issue,Low,Closed,1,2,No,4.0,1,0.091,Defective,3,17988.39,No,No,6.0,5.2,0.8,1,1,0,3.8,1,4.4,9.1,No,4.3,4.2,4.3,3.9,3.4,19,6.7,1.35,0.304,No,No,0,Retained,Yes,No,No,No,Not Churned,,6.3
CUST11690,59,Female,Kano,Regular,Google,2023-06-26,38,8,2,345153.06,96493.63,46062.55,70,Bags,5,0,No Complaint,None,No Complaint,0,0,No,,3,0.375,Duplicate Order,7,126292.42,No,No,3.7,2.6,1.1,1,0,0,4.6,1,2.9,6.8,Yes,4.1,3.2,4.1,4.0,3.8,34,8.3,10.48,0.555,No,Yes,4,Retained,Yes,No,No,No,Not Churned,,13.2
CUST11691,53,Female,Edo,New Customer,Website,2024-07-14,25,16,3,381080.17,69468.91,23568.62,127,Dresses,3,2,Late Delivery,Low,Resolved,2,2,No,3.7,0,0.0,No Return,0,0.0,No,No,2.5,3.7,0.0,0,0,0,4.4,3,6.8,11.4,No,3.2,5.0,3.2,4.6,4.3,69,10.0,4.6,0.457,Yes,No,0,At Risk,Yes,No,Yes,No,Not Churned,,16.5
CUST11692,44,Female,Plateau,Loyal,Google,2025-05-30,15,7,2,147895.12,42451.5,20332.91,161,Dresses,2,1,Missing Product,High,Resolved,4,1,No,4.3,2,0.286,Damaged,2,18771.24,No,No,3.4,3.7,0.0,0,1,2,3.3,2,3.8,5.4,No,4.0,4.0,4.0,4.1,5.0,19,8.0,2.25,0.353,Yes,No,0,Churned,No,Yes,No,No,Inactive,1768867200000000000,49.6
CUST11693,55,Male,Anambra,Regular,Referral,2024-09-17,23,13,2,378457.15,50765.54,26632.11,56,Shoes,2,2,Failed Payment,Medium,Resolved,6,2,No,4.6,1,0.077,Not as Expected,2,21182.43,No,No,4.2,3.3,0.9,0,0,0,4.7,2,10.2,23.7,No,3.4,4.3,3.4,4.2,3.4,61,5.6,15.15,0.382,Yes,No,0,Retained,Yes,No,No,No,Not Churned,,9.8
CUST11694,24,Female,Delta,New Customer,Facebook,2024-08-29,24,10,0,354041.87,0.0,37727.75,131,Bags,3,3,Poor Customer Service,Low,Escalated,2,5,Yes,4.1,1,0.1,Wrong Color,5,24953.27,No,No,2.7,4.2,0.0,0,0,0,4.0,3,7.7,9.1,No,3.3,3.9,3.3,3.4,2.9,34,9.3,7.95,0.128,No,No,0,At Risk,Yes,No,Yes,No,Not Churned,,19.9
CUST11695,22,Male,Lagos,Loyal,TikTok,2023-06-28,38,5,1,268412.54,41647.25,46921.79,31,Trousers,5,0,No Complaint,None,No Complaint,0,0,No,,0,0.0,No Return,0,0.0,No,No,3.6,3.0,0.6,0,0,0,4.0,2,1.9,4.7,Yes,4.0,4.6,4.0,4.2,4.4,21,8.4,9.35,0.55,No,Yes,2,Retained,Yes,No,No,No,Not Churned,,10.1
CUST11696,60,Female,Ogun,High Value,Referral,2024-01-30,31,9,1,201049.55,20651.56,19574.78,85,Electronics,4,5,Missing Product,Low,Closed,2,1,No,5.0,0,0.0,No Return,0,0.0,No,No,5.4,5.2,0.2,0,0,0,3.8,5,14.0,15.2,Yes,4.0,4.7,4.0,4.2,3.5,25,7.3,7.16,0.398,No,Yes,4,At Risk,Yes,No,Yes,No,Not Churned,,11.6
CUST11697,62,Male,Rivers,High Value,Website,2026-03-14,5,14,2,279978.11,43876.52,22640.1,81,Electronics,3,3,Discount Not Applied,Low,Resolved,3,2,No,4.7,0,0.0,No Return,0,0.0,No,No,1.3,3.0,0.0,0,0,1,3.4,3,1.8,4.6,No,3.7,3.9,3.7,3.5,3.7,59,6.8,5.76,0.179,No,No,0,Dormant,Yes,No,No,Yes,Not Churned,,30.0
CUST11698,48,Male,Delta,Regular,Website,2025-05-25,15,11,1,125506.9,12075.49,11650.25,35,Beauty,2,1,Website Error,Medium,Resolved,7,1,No,4.0,4,0.364,Not as Expected,5,42214.91,No,No,6.8,5.4,1.4,2,0,0,3.6,1,9.7,22.1,No,4.6,3.1,4.6,3.2,3.4,-19,4.5,2.51,0.342,No,No,0,Churned,No,Yes,No,No,Competitor,1769904000000000000,30.9
CUST11699,40,Male,Imo,New Customer,Facebook,2025-08-19,12,9,4,96473.28,43439.7,11932.6,20,Beauty,4,3,Late Delivery,Low,Resolved,5,2,No,3.6,0,0.0,No Return,0,0.0,No,No,5.3,2.5,2.8,1,0,1,3.9,3,0.8,8.0,No,3.9,4.6,3.9,4.3,4.0,22,10.0,1.87,0.168,No,No,0,Retained,Yes,No,No,No,Not Churned,,3.1
CUST11700,59,Male,Edo,Regular,TikTok,2023-07-17,38,15,3,272293.86,54790.53,18798.53,104,Tops,4,2,Refund Delayed,Medium,Pending,2,1,No,4.4,0,0.0,No Return,0,0.0,No,No,3.9,4.0,0.0,0,0,0,5.0,2,18.4,21.0,Yes,4.2,3.7,4.2,4.7,4.7,31,10.0,6.36,0.077,No,No,0,Dormant,Yes,No,No,Yes,Not Churned,,19.4
CUST11701,27,Female,Oyo,New Customer,Website,2025-08-26,12,7,3,145437.36,61690.88,19902.89,52,Tops,5,1,Poor Customer Service,Low,Resolved,5,2,No,5.0,1,0.143,Wrong Item,4,8494.77,No,No,2.2,2.6,0.0,0,0,0,3.2,3,9.7,12.5,No,3.5,4.4,3.5,4.4,4.6,-6,7.4,6.58,0.345,No,No,0,Retained,Yes,No,No,No,Not Churned,,6.7
CUST11702,49,Female,Imo,High Value,Google,2026-01-12,7,11,1,291704.26,24654.27,25392.2,13,Shoes,3,1,Unexpected Charge,Low,Closed,10,0,No,3.5,2,0.182,Wrong Size,4,29332.04,Yes,Yes,5.6,5.1,0.5,1,0,0,4.0,1,12.5,15.4,No,2.9,4.0,2.9,3.4,3.6,31,7.5,5.38,0.535,No,Yes,3,Retained,Yes,No,No,No,Not Churned,,31.6
CUST11703,60,Male,Kaduna,Regular,Instagram,2024-10-30,22,10,2,334935.5,71306.5,36964.55,46,Bags,4,2,Poor Product Quality,High,Closed,4,1,No,3.9,0,0.0,No Return,0,0.0,No,No,6.0,4.9,1.1,1,0,0,3.6,2,3.9,5.0,No,3.2,4.3,3.2,3.4,3.3,23,5.8,6.81,0.406,No,No,0,Retained,Yes,No,No,No,Not Churned,,23.0
CUST11704,47,Female,Ogun,Regular,Instagram,2026-01-13,7,10,2,326395.81,64655.33,30710.3,14,Tops,1,5,Wrong Product,Medium,Resolved,3,2,No,2.9,0,0.0,No Return,0,0.0,No,No,1.9,3.2,0.0,0,0,1,4.5,5,2.9,6.2,No,4.0,3.5,4.0,4.0,4.3,33,8.9,2.11,0.319,No,No,0,At Risk,Yes,No,Yes,No,Not Churned,,4.8
CUST11705,56,Female,Kaduna,Regular,Google,2024-04-01,29,11,4,445822.76,130246.43,36561.95,60,Bags,4,2,Return Difficulty,High,Resolved,5,1,No,4.2,0,0.0,No Return,0,0.0,No,No,4.1,2.9,1.2,4,0,1,3.6,2,1.8,5.8,No,4.3,4.3,4.3,4.3,4.6,49,7.7,11.36,0.143,No,No,0,Retained,Yes,No,No,No,Not Churned,,10.9
CUST11706,48,Female,Plateau,Regular,Google,2023-03-13,42,7,2,363189.7,95703.52,49394.07,66,Trousers,4,3,Price Increase,Critical,Pending,7,0,No,4.3,2,0.286,Damaged,3,40252.36,No,No,3.5,3.1,0.4,0,0,0,4.3,3,3.0,25.1,No,4.9,3.8,4.9,4.2,3.9,36,8.8,6.67,0.423,No,No,0,Retained,Yes,No,No,No,Not Churned,,29.0
CUST11707,35,Female,Edo,Loyal,Referral,2023-08-11,37,8,2,277640.94,76029.58,36012.71,61,Beauty,4,0,No Complaint,None,No Complaint,0,0,No,,1,0.125,Duplicate Order,7,27359.79,No,No,1.0,2.7,0.0,0,1,1,4.2,1,10.0,11.1,Yes,5.0,3.0,5.0,4.0,4.1,43,7.3,3.2,0.273,No,No,0,Retained,Yes,No,No,No,Not Churned,,7.6
CUST11708,53,Female,Oyo,Regular,Facebook,2023-10-03,35,17,3,435303.06,92574.78,29075.54,67,Dresses,3,0,No Complaint,None,No Complaint,0,0,No,,0,0.0,No Return,0,0.0,No,No,2.8,3.2,0.0,0,0,1,3.7,1,6.9,10.0,Yes,3.5,3.9,3.5,4.4,3.8,67,7.6,5.23,0.173,No,No,0,Churned,No,Yes,No,No,No Longer Needed,1777248000000000000,9.2
CUST11709,19,Male,Kaduna,New Customer,Website,2024-07-26,25,10,3,421037.2,105300.38,39906.08,22,Beauty,5,0,No Complaint,None,No Complaint,0,0,No,,0,0.0,No Return,0,0.0,No,No,3.0,2.7,0.3,0,0,1,4.4,4,2.8,9.4,Yes,5.0,4.0,5.0,3.9,2.7,25,9.2,2.68,0.178,No,Yes,6,Retained,Yes,No,No,No,Not Churned,,3.5
CUST11710,31,Female,Kaduna,Regular,Facebook,2025-07-12,13,8,1,109685.88,13704.86,12898.23,73,Shoes,5,0,No Complaint,None,No Complaint,0,0,No,,3,0.375,Wrong Color,11,35065.52,Yes,Yes,4.8,5.1,0.0,0,1,0,3.8,2,4.2,7.1,Yes,4.4,3.8,4.4,3.8,3.7,77,9.4,5.65,0.225,Yes,No,0,Retained,Yes,No,No,No,Not Churned,,12.7
CUST11711,30,Female,Kaduna,Regular,Facebook,2024-04-15,28,12,2,363582.4,48248.5,28280.38,33,Bags,1,1,Long Waiting Time,Medium,Resolved,2,1,No,4.2,0,0.0,No Return,0,0.0,No,No,5.8,5.1,0.7,1,0,1,4.8,1,6.4,17.3,Yes,3.1,4.1,3.1,3.6,4.1,14,6.6,1.59,0.27,No,No,0,Retained,Yes,No,No,No,Not Churned,,18.4
CUST11712,46,Female,Edo,New Customer,Google,2024-03-29,29,5,3,193858.18,138946.98,43534.27,127,Dresses,1,3,Failed Payment,High,Resolved,3,1,No,4.7,0,0.0,No Return,0,0.0,No,No,4.4,4.1,0.3,0,0,1,3.6,3,2.9,11.9,No,3.4,3.7,3.4,3.5,2.9,-11,6.2,12.39,0.418,No,Yes,3,At Risk,Yes,No,Yes,No,Not Churned,,23.3
CUST11713,29,Male,Ogun,Loyal,Google,2025-08-26,12,7,2,212897.0,54667.09,29833.86,185,Accessories,4,4,Late Delivery,Low,Resolved,3,4,Yes,4.2,0,0.0,No Return,0,0.0,No,No,4.7,5.3,0.0,0,0,1,4.2,4,14.2,25.3,No,2.8,3.2,2.8,2.8,3.1,0,6.9,2.35,0.508,No,Yes,4,Churned,No,Yes,No,No,Price Too High,1778544000000000000,38.7
CUST11714,56,Female,Anambra,Regular,Facebook,2023-01-07,44,9,3,318598.96,106511.91,35698.81,131,Accessories,4,4,Discount Not Applied,Medium,Closed,2,0,No,4.3,0,0.0,No Return,0,0.0,No,No,6.0,3.6,2.4,2,0,0,2.8,4,4.0,5.6,Yes,4.3,3.9,4.3,4.4,4.0,62,7.6,4.61,0.173,Yes,No,0,At Risk,Yes,No,Yes,No,Not Churned,,16.3
CUST11715,19,Male,Rivers,Loyal,Facebook,2023-07-07,38,8,5,252813.34,123886.54,29067.45,77,Electronics,4,2,Poor Customer Service,High,Resolved,3,1,No,3.9,1,0.125,Wrong Item,6,17849.61,No,No,1.1,3.0,0.0,0,1,0,3.3,2,8.3,11.2,No,4.5,4.9,4.5,4.1,3.3,40,10.0,12.36,0.244,Yes,Yes,7,Churned,No,Yes,No,No,Better Alternative,1784937600000000000,27.4
CUST11716,49,Male,Edo,High Value,Instagram,2023-01-04,44,11,1,506546.27,44239.89,42831.87,24,Dresses,1,2,Product Not as Described,Medium,Escalated,5,1,Yes,5.0,3,0.273,Poor Quality,5,81381.44,Yes,Yes,2.7,3.4,0.0,0,0,0,3.8,2,5.0,10.5,No,3.2,4.6,3.2,4.1,3.8,26,9.9,0.52,0.306,Yes,No,0,Retained,Yes,No,No,No,Not Churned,,6.0
CUST11717,30,Female,Oyo,High Value,TikTok,2025-06-25,14,13,1,724239.7,46948.01,49011.88,107,Shoes,5,2,Issue Not Resolved,Medium,Resolved,9,1,No,2.3,0,0.0,No Return,0,0.0,No,No,4.5,2.9,1.6,1,0,0,4.1,3,2.2,9.0,No,3.8,4.6,3.8,4.9,4.1,62,10.0,2.2,0.139,No,No,0,Dormant,Yes,No,No,Yes,Not Churned,,17.0
CUST11718,63,Male,,High Value,Website,2026-02-22,6,19,0,248895.94,0.0,11671.98,105,Dresses,1,1,Product Not as Described,Low,Resolved,4,1,No,5.0,1,0.053,Product Description Inaccurate,3,8710.55,Yes,Yes,6.2,5.0,1.2,0,0,1,3.8,1,0.5,9.4,No,4.7,3.9,4.7,4.4,4.8,37,7.7,2.39,0.123,No,No,0,Dormant,Yes,No,No,Yes,Not Churned,,24.3
CUST11719,44,Other,Plateau,Regular,Google,2025-11-04,10,10,2,240056.91,46065.06,23291.53,26,Bags,5,2,Damaged Product,Medium,Resolved,4,2,No,5.0,0,0.0,No Return,0,0.0,No,No,5.0,4.8,0.2,1,0,0,4.7,2,4.1,23.5,No,5.0,4.8,5.0,4.8,4.8,34,7.3,10.08,0.115,No,No,0,Retained,Yes,No,No,No,Not Churned,,3.4
CUST11720,58,Male,Anambra,New Customer,TikTok,2025-08-17,12,9,6,124791.0,76939.25,12112.63,35,Beauty,1,3,Issue Not Resolved,Low,Resolved,2,2,No,4.3,0,0.0,No Return,0,0.0,No,No,5.5,3.1,2.4,1,0,0,3.6,3,4.3,4.9,No,4.7,3.5,4.7,4.0,3.3,58,5.2,3.8,0.266,No,Yes,2,Retained,Yes,No,No,No,Not Churned,,6.8
CUST11721,34,Male,Abia,Regular,TikTok,2024-06-08,27,8,3,35192.84,14378.03,4778.74,185,Accessories,5,1,Wrong Product,Low,Escalated,3,0,Yes,4.2,0,0.0,No Return,0,0.0,No,No,3.3,4.1,0.0,1,0,0,5.0,2,13.2,15.3,No,4.0,4.5,4.0,4.3,4.1,51,7.6,2.31,0.046,No,No,0,At Risk,Yes,No,Yes,No,Not Churned,,27.8
CUST11722,57,Female,Cross River,Loyal,Instagram,2024-09-21,23,10,4,373540.19,175597.15,42354.72,132,Bags,1,3,Poor Product Quality,Medium,Closed,3,2,No,5.0,0,0.0,No Return,0,0.0,No,No,4.7,3.3,1.4,2,1,0,2.9,3,13.5,14.2,No,5.0,4.1,5.0,3.9,4.2,42,6.6,0.47,0.111,No,No,0,Churned,No,Yes,No,No,Poor Product Quality,1775260800000000000,36.6
CUST11723,48,Male,Anambra,High Value,Email,2025-02-13,18,6,4,255444.79,194251.03,46830.31,45,Tops,5,1,Rude Staff,Low,Escalated,3,0,Yes,5.0,0,0.0,No Return,0,0.0,No,No,1.2,2.9,0.0,0,0,0,4.4,2,5.5,10.7,No,4.4,4.0,4.4,5.0,5.0,62,9.1,2.66,0.127,No,No,0,Retained,Yes,No,No,No,Not Churned,,5.8
CUST11724,51,Female,Delta,Loyal,Website,2023-12-26,32,18,2,440954.14,45770.91,25102.93,93,Accessories,3,3,Exchange Difficulty,Medium,Resolved,3,3,No,3.3,0,0.0,No Return,0,0.0,No,No,3.3,3.2,0.1,0,0,0,5.0,3,0.9,5.8,No,3.4,4.4,3.4,4.5,4.2,83,9.1,13.86,0.181,No,Yes,2,Dormant,Yes,No,No,Yes,Not Churned,,13.8
CUST11725,41,Female,Lagos,New Customer,Facebook,2024-06-01,27,7,2,174204.36,45657.98,22959.57,49,Dresses,3,0,No Complaint,None,No Complaint,0,0,No,,0,0.0,No Return,0,0.0,No,No,5.1,4.3,0.8,0,0,0,4.2,2,10.4,26.6,Yes,3.3,4.3,3.3,3.7,3.3,34,7.5,3.51,0.332,Yes,No,0,Retained,Yes,No,No,No,Not Churned,,20.1
CUST11726,62,Other,Kano,High Value,Facebook,2025-11-19,9,8,1,231472.84,31436.06,29421.68,146,Dresses,2,1,App Crash,Medium,Closed,3,1,No,3.9,2,0.25,Late Delivery,2,33222.16,Yes,Yes,5.6,4.5,1.1,1,1,0,4.0,2,2.8,4.1,No,4.6,3.2,4.6,4.6,5.0,15,10.0,1.47,0.548,Yes,No,0,At Risk,Yes,No,Yes,No,Not Churned,,20.3
CUST11727,52,Female,Rivers,Regular,Instagram,2025-07-09,13,10,5,1338281.86,656231.6,122692.32,32,Accessories,5,0,No Complaint,None,No Complaint,0,0,No,,0,0.0,No Return,0,0.0,No,No,2.7,3.1,0.0,0,0,1,5.0,2,2.8,5.8,Yes,3.5,5.0,3.5,4.4,4.1,38,8.5,3.65,0.251,No,No,0,Retained,Yes,No,No,No,Not Churned,,11.9
CUST11728,65,Male,Rivers,New Customer,Instagram,2026-03-25,5,8,6,167515.08,110012.48,19378.42,101,Electronics,5,4,Discount Not Applied,Medium,Closed,7,1,No,3.8,1,0.125,Late Delivery,3,11425.76,No,No,3.4,4.8,0.0,1,0,0,3.4,4,6.8,10.8,No,3.2,4.1,3.2,4.0,3.4,33,8.1,15.1,0.354,No,Yes,3,Churned,No,Yes,No,No,Negative Overall Experience,1783641600000000000,54.3
CUST11729,23,Male,Cross River,Regular,TikTok,2025-05-01,16,15,1,274869.65,15591.35,16742.87,7,Bags,5,3,Unexpected Charge,High,Pending,4,2,No,5.0,2,0.133,Poor Quality,9,13794.42,No,No,7.0,4.2,2.8,2,0,3,3.8,3,6.4,7.4,No,3.5,4.9,3.5,4.3,2.9,39,8.3,9.09,0.298,No,No,0,Churned,No,Yes,No,No,Lack of Product Availability,1770336000000000000,55.6
CUST11730,36,Male,Lagos,New Customer,Google,2025-07-23,13,12,4,476499.15,172987.66,42671.2,107,Electronics,2,1,Refund Delayed,Low,Closed,1,1,No,5.0,1,0.083,Product Description Inaccurate,7,31057.39,No,No,4.1,3.8,0.3,0,0,0,4.6,1,3.0,3.6,Yes,4.5,3.8,4.5,4.2,3.7,41,8.1,3.09,0.288,Yes,No,0,Churned,No,Yes,No,No,No Longer Needed,1777248000000000000,38.3
CUST11731,47,Other,Kano,Regular,Website,2025-06-19,14,12,1,535568.04,45738.18,43784.36,36,Accessories,1,6,Long Waiting Time,Low,Pending,2,0,No,5.0,1,0.083,Duplicate Order,7,21235.72,No,No,3.3,4.4,0.0,0,0,0,4.0,6,12.3,17.0,Yes,3.2,4.9,3.2,3.8,2.9,10,7.9,6.91,0.22,No,No,0,At Risk,Yes,No,Yes,No,Not Churned,,22.1
CUST11732,24,Female,Rivers,Regular,TikTok,2024-02-03,31,12,2,495554.99,66145.3,38507.29,120,Trousers,3,0,No Complaint,None,No Complaint,0,0,No,,0,0.0,No Return,0,0.0,No,No,3.1,3.5,0.0,0,0,0,5.0,1,1.2,6.4,Yes,3.1,4.4,3.1,4.4,4.0,42,9.1,17.87,0.213,No,No,0,Dormant,Yes,No,No,Yes,Not Churned,,33.7
CUST11733,27,Female,Oyo,Regular,Referral,2023-06-17,39,12,1,380817.06,28969.39,33170.12,34,Shoes,2,2,Coupon Expired,High,Escalated,11,1,Yes,3.6,0,0.0,No Return,0,0.0,No,No,4.9,3.3,1.6,2,0,0,3.3,3,10.7,17.3,No,3.7,4.9,3.7,4.6,4.4,35,10.0,5.38,0.375,No,No,0,Retained,Yes,No,No,No,Not Churned,,5.5
CUST11734,58,Female,Abuja,Loyal,TikTok,2024-01-12,32,11,1,335025.24,28761.36,27531.18,15,Trousers,3,1,Delivery Fee,Medium,Closed,10,1,No,3.0,1,0.091,Poor Quality,12,19036.68,No,No,7.3,5.3,2.0,3,0,2,3.7,3,4.7,15.8,No,4.0,3.7,4.0,3.7,3.3,6,8.6,3.98,0.378,No,No,0,Retained,Yes,No,No,No,Not Churned,,17.0
CUST11735,49,Female,Abuja,Loyal,Instagram,2024-08-29,24,8,2,135899.11,29886.44,15578.84,174,Bags,4,4,Damaged Product,Low,Closed,3,3,No,3.5,2,0.25,Defective,1,13425.57,Yes,Yes,4.7,5.2,0.0,1,0,0,3.5,4,0.3,4.2,No,3.7,3.4,3.7,3.8,3.6,47,6.7,6.7,0.182,No,Yes,3,At Risk,Yes,No,Yes,No,Not Churned,,29.2
CUST11736,51,Female,Rivers,Loyal,Google,2025-10-07,10,11,3,784285.89,238405.88,78147.0,44,Accessories,2,1,Product Not as Described,Medium,Escalated,1,0,Yes,5.0,1,0.091,Not as Expected,9,31830.36,No,No,7.0,3.9,3.1,3,0,0,2.4,1,5.3,15.0,Yes,3.9,5.0,3.9,3.4,3.5,-14,5.9,5.63,0.438,No,No,0,Churned,No,Yes,No,No,Relocated,1772150400000000000,57.3
CUST11737,45,Female,Abia,Regular,Referral,2024-08-11,25,8,3,606605.92,255647.14,80766.23,42,Beauty,2,3,Issue Not Resolved,Medium,Resolved,3,2,No,4.3,2,0.25,Wrong Item,9,119939.68,No,No,3.9,4.3,0.0,0,0,0,4.3,5,5.9,9.1,No,3.2,2.4,3.2,3.5,3.1,-17,4.7,1.14,0.127,No,No,0,Retained,Yes,No,No,No,Not Churned,,6.5
CUST11738,32,Male,Enugu,Loyal,Instagram,2026-04-09,4,15,3,356719.33,78531.21,25189.62,39,Shoes,3,2,Price Increase,Medium,Resolved,8,0,No,4.1,0,0.0,No Return,0,0.0,No,No,4.0,4.5,0.0,0,0,1,4.3,2,12.9,17.3,No,3.8,3.7,3.8,4.1,3.9,11,6.3,6.32,0.064,No,No,0,Retained,Yes,No,No,No,Not Churned,,10.5
CUST11739,47,Male,Rivers,High Value,Instagram,2026-03-23,5,8,0,561986.66,0.0,62879.56,83,Dresses,5,2,Repeated Issue,Medium,Resolved,2,1,No,5.0,2,0.25,Changed Mind,7,58865.56,No,No,3.8,4.5,0.0,0,0,1,3.8,2,5.1,9.7,Yes,3.5,4.7,3.5,3.9,3.3,18,9.9,4.06,0.149,Yes,No,0,Dormant,Yes,No,No,Yes,Not Churned,,26.7
CUST11740,54,Female,Plateau,New Customer,Website,2023-02-17,43,7,1,245634.54,36903.0,37715.0,48,Trousers,4,4,Return Difficulty,Medium,Closed,6,2,No,5.0,1,0.143,Product Description Inaccurate,8,26818.08,Yes,Yes,3.2,4.1,0.0,0,0,0,3.6,4,1.6,6.0,No,3.5,4.6,3.5,3.7,2.8,48,7.7,10.67,0.094,Yes,No,0,Retained,Yes,No,No,No,Not Churned,,7.8
CUST11741,46,Male,Plateau,Regular,TikTok,2025-10-21,10,5,4,71853.0,48787.2,13712.85,73,Trousers,3,2,Issue Not Resolved,Low,Closed,4,1,No,5.0,0,0.0,No Return,0,0.0,No,No,4.1,3.4,0.7,0,0,0,3.3,2,8.8,11.8,No,2.4,4.9,2.4,3.8,4.4,25,7.5,3.7,0.275,No,No,0,Retained,Yes,No,No,No,Not Churned,,9.6
CUST11742,39,Female,Delta,Regular,Facebook,2026-02-04,6,10,1,128639.21,13879.4,14332.64,14,Dresses,2,2,Damaged Product,Low,Resolved,5,0,No,4.5,0,0.0,No Return,0,0.0,No,No,4.8,5.2,0.0,1,0,1,2.7,2,0.4,10.4,No,4.4,4.2,4.4,4.1,4.0,36,9.3,0.64,0.07,No,No,0,Retained,Yes,No,No,No,Not Churned,,2.0
CUST11743,21,Female,Delta,New Customer,TikTok,2023-06-22,38,6,0,284815.57,0.0,46123.54,121,Shoes,5,0,No Complaint,None,No Complaint,0,0,No,,1,0.167,Wrong Item,6,29103.49,No,No,3.2,4.2,0.0,0,0,0,5.0,0,0.7,9.4,Yes,4.1,4.2,4.1,4.6,4.5,29,9.0,5.43,0.444,No,Yes,1,At Risk,Yes,No,Yes,No,Not Churned,,16.9
CUST11744,37,Male,Abia,Loyal,Website,2024-05-20,27,13,6,708548.41,329952.04,59363.32,87,Shoes,4,5,Order Cancellation,Low,Resolved,9,1,No,4.0,0,0.0,No Return,0,0.0,No,No,4.9,5.2,0.0,0,0,0,4.1,5,6.2,9.0,No,1.9,4.5,1.9,3.7,3.9,29,10.0,4.48,0.057,No,No,0,At Risk,Yes,No,Yes,No,Not Churned,,20.4
CUST11745,49,Male,Plateau,Loyal,Google,2026-02-27,6,9,4,353574.13,144916.24,37943.43,71,Electronics,5,3,Damaged Product,Medium,Pending,9,0,No,4.0,2,0.222,Not as Expected,9,39924.54,No,No,6.6,5.0,1.6,2,0,0,4.4,3,16.3,16.7,No,4.8,3.7,4.8,5.0,4.0,74,10.0,3.77,0.141,No,Yes,6,Churned,No,Yes,No,No,Better Alternative,1775433600000000000,38.1
CUST11746,53,Male,Imo,New Customer,Instagram,2024-02-02,31,9,3,318753.27,112983.71,36165.48,49,Shoes,3,1,Poor Product Quality,Medium,Resolved,2,2,No,4.1,1,0.111,Wrong Item,5,13408.29,No,No,1.9,4.4,0.0,1,0,1,3.1,1,7.9,15.2,No,4.3,3.8,4.3,4.1,4.3,7,7.7,7.72,0.017,No,No,0,Retained,Yes,No,No,No,Not Churned,,12.6
CUST11747,21,Female,Kano,Loyal,Website,2023-10-21,34,5,2,109467.74,36463.29,20980.19,58,Dresses,5,0,No Complaint,None,No Complaint,0,0,No,,2,0.4,Not as Expected,1,28726.61,Yes,No,5.7,4.6,1.1,0,0,1,2.7,2,2.3,6.8,Yes,3.4,4.0,3.4,3.0,2.9,7,5.3,4.03,0.219,No,No,0,Retained,Yes,No,No,No,Not Churned,,11.8
CUST11748,44,Male,Kaduna,Loyal,Google,2024-07-05,26,7,4,128773.79,77520.66,18648.01,271,Dresses,2,2,Poor Customer Service,Low,Resolved,8,1,No,4.2,1,0.143,Defective,2,8002.56,No,No,4.2,5.2,0.0,1,0,0,3.0,2,4.4,8.0,No,3.4,4.1,3.4,3.5,3.1,20,7.4,15.01,0.637,No,No,0,Churned,No,Yes,No,No,Competitor,1775952000000000000,82.4
CUST11749,34,Male,Anambra,High Value,Instagram,2025-04-29,16,8,7,410960.8,297393.68,46251.88,41,Trousers,2,1,Poor Customer Service,Low,Resolved,1,1,No,5.0,0,0.0,No Return,0,0.0,No,No,6.7,4.4,2.3,3,0,0,3.4,1,4.7,19.5,Yes,3.0,4.3,3.0,3.4,3.3,28,6.7,0.87,0.172,No,No,0,Retained,Yes,No,No,No,Not Churned,,8.9
CUST11750,29,Male,Oyo,Regular,Google,2025-11-05,10,8,2,284079.2,60046.27,32746.61,34,Accessories,1,1,Price Increase,Low,Resolved,10,2,No,3.4,2,0.25,Late Delivery,6,26735.91,Yes,No,6.7,3.9,2.8,3,0,1,3.4,2,4.8,11.7,No,3.4,5.0,3.4,3.8,3.8,-11,9.1,5.25,0.575,Yes,No,0,Churned,No,Yes,No,No,Price Too High,1777680000000000000,28.5
CUST11751,39,Male,Lagos,High Value,Website,2025-06-03,15,5,2,167505.88,60201.93,30233.82,101,Trousers,4,1,Wrong Product,Low,Escalated,3,0,Yes,4.7,1,0.2,Not as Expected,1,12583.31,No,No,3.7,3.8,0.0,0,1,0,3.8,1,11.7,14.8,No,4.0,3.8,4.0,3.8,3.8,9,8.1,4.9,0.448,No,No,0,Dormant,Yes,No,No,Yes,Not Churned,,23.5
CUST11752,34,Male,Ogun,Regular,Facebook,2025-09-30,11,10,6,549270.54,320399.94,58435.89,35,Dresses,3,2,Coupon Expired,Medium,Resolved,7,1,No,4.4,1,0.1,Duplicate Order,1,43441.01,No,No,8.1,5.4,2.7,2,0,0,2.8,2,8.0,14.8,No,3.8,5.0,3.8,4.4,4.0,28,10.0,2.84,0.286,No,Yes,4,Churned,No,Yes,No,No,Price Too High,1773878400000000000,20.1
CUST11753,27,Male,Rivers,Regular,Facebook,2023-05-14,40,14,1,928641.03,72827.0,72085.33,53,Dresses,5,3,Poor Product Quality,Medium,Resolved,5,1,No,5.0,2,0.143,Product Description Inaccurate,11,100837.82,Yes,Yes,4.0,4.8,0.0,0,0,1,4.2,3,3.8,6.3,No,3.3,3.7,3.3,3.2,3.3,18,6.7,7.19,0.199,No,No,0,Retained,Yes,No,No,No,Not Churned,,36.5
CUST11754,18,Male,Kaduna,New Customer,Facebook,2025-02-09,18,11,3,479788.68,136785.6,42327.01,67,Dresses,2,3,Refund Delayed,Medium,Closed,16,2,No,4.2,0,0.0,No Return,0,0.0,No,No,3.0,4.5,0.0,0,0,0,4.2,3,7.9,16.0,No,3.2,4.6,3.2,3.8,3.5,37,8.8,10.11,0.22,No,No,0,Retained,Yes,No,No,No,Not Churned,,13.2
CUST11755,39,Other,Kaduna,New Customer,Email,2024-05-22,27,9,2,205454.41,38924.41,20461.58,47,Bags,1,1,Product Not as Described,Low,Escalated,3,5,Yes,3.9,1,0.111,Wrong Item,3,10145.81,No,No,1.0,2.8,0.0,1,0,0,4.5,2,1.7,8.6,No,4.3,4.0,4.3,4.2,3.1,7,5.9,6.4,0.347,No,No,0,Retained,Yes,No,No,No,Not Churned,,6.1
CUST11756,43,Male,Oyo,Loyal,Facebook,2025-12-25,8,10,5,298605.55,178186.35,32818.54,173,Bags,3,2,Delivery Fee,Medium,Closed,3,2,No,3.7,0,0.0,No Return,0,0.0,No,No,2.5,4.3,0.0,0,0,1,3.3,2,0.6,8.7,No,,3.8,4.0,3.3,2.9,-22,6.5,3.2,0.383,No,No,0,Churned,No,Yes,No,No,Poor Product Quality,1767225600000000000,49.3
CUST11757,35,Female,Lagos,Regular,Referral,2024-04-24,28,4,1,98492.0,28341.08,26107.2,20,Bags,2,0,No Complaint,None,No Complaint,0,0,No,,0,0.0,No Return,0,0.0,No,No,3.4,3.1,0.3,0,0,0,4.2,2,1.4,3.6,Yes,5.0,4.6,5.0,4.2,4.0,56,9.0,16.39,0.373,No,Yes,5,Churned,No,Yes,No,No,Lack of Product Availability,1771200000000000000,21.1
CUST11758,31,Male,Cross River,Regular,Website,2025-05-12,15,12,5,388644.4,135052.19,29948.63,194,Shoes,3,2,Return Difficulty,Medium,Escalated,2,1,Yes,5.0,2,0.167,Damaged,10,41647.05,No,No,2.4,3.7,0.0,0,0,0,4.5,2,2.9,5.2,Yes,2.9,3.9,2.9,3.6,3.0,4,6.5,4.1,0.321,No,No,0,At Risk,Yes,No,Yes,No,Not Churned,,32.1
CUST11759,64,Female,Abia,Regular,Instagram,2024-04-03,29,9,2,162684.46,34437.3,17974.54,110,Dresses,2,1,Poor Customer Service,Medium,Escalated,6,1,Yes,4.4,0,0.0,No Return,0,0.0,No,No,8.0,4.2,3.8,2,1,0,2.8,1,6.1,8.2,No,3.9,4.1,3.9,3.8,3.8,52,10.0,4.28,0.562,Yes,No,0,Dormant,Yes,No,No,Yes,Not Churned,,40.3
CUST11760,46,Female,Delta,Loyal,Email,2024-09-17,23,14,4,852660.95,256369.79,58397.07,34,Trousers,3,0,No Complaint,None,No Complaint,0,0,No,,0,0.0,No Return,0,0.0,No,No,2.1,2.5,0.0,0,0,0,4.3,0,12.8,14.4,Yes,5.0,3.2,5.0,4.0,3.9,35,8.2,8.87,0.101,No,No,0,Retained,Yes,No,No,No,Not Churned,,5.3
CUST11761,29,Male,Edo,New Customer,Email,2023-06-08,39,9,3,238633.02,67483.79,25500.53,59,Trousers,2,3,Unexpected Charge,High,Closed,10,1,No,4.9,0,0.0,No Return,0,0.0,No,No,4.3,5.1,0.0,0,0,0,4.1,3,2.3,10.0,No,5.0,4.0,5.0,4.7,4.3,40,10.0,3.56,0.43,Yes,No,0,Retained,Yes,No,No,No,Not Churned,,14.9
CUST11762,53,Male,Oyo,Loyal,Website,2023-06-10,39,6,3,411046.62,200859.13,69106.52,54,Bags,5,1,Poor Customer Service,Medium,Closed,1,2,No,4.1,0,0.0,No Return,0,0.0,No,No,3.3,3.8,0.0,0,0,0,4.3,1,1.4,4.2,No,3.4,4.4,3.4,3.9,3.0,38,7.4,0.73,0.068,Yes,No,0,Retained,Yes,No,No,No,Not Churned,,22.4
CUST11763,52,Male,Kaduna,New Customer,Facebook,2025-07-28,13,11,2,354508.66,57678.39,30104.5,25,Shoes,4,2,Poor Customer Service,Medium,Resolved,3,2,No,4.7,2,0.182,Defective,6,42090.18,Yes,Yes,5.3,4.4,0.9,0,0,0,4.4,2,12.5,19.4,No,4.1,4.2,4.1,4.3,3.8,54,8.1,1.19,0.292,No,No,0,Churned,No,Yes,No,No,Refund Problems,1771027200000000000,22.7
CUST11764,29,Female,Abuja,Regular,Referral,2023-06-04,39,17,4,479586.13,106987.28,25412.69,144,Beauty,2,1,Stock Availability,Medium,Resolved,3,0,No,3.6,2,0.118,Poor Quality,5,26110.86,No,No,4.2,3.1,1.1,1,0,0,4.1,1,1.7,6.1,No,4.1,3.4,4.1,4.2,4.5,26,9.1,0.66,0.082,No,No,0,At Risk,Yes,No,Yes,No,Not Churned,,21.9
CUST11765,24,Female,Rivers,Regular,Website,2024-04-30,28,14,1,365491.3,20663.53,23203.85,55,Accessories,3,2,Long Waiting Time,Medium,Resolved,4,2,No,4.4,0,0.0,No Return,0,0.0,No,No,6.3,4.6,1.7,3,0,1,3.3,2,4.2,9.4,No,2.6,4.1,2.6,3.5,3.3,3,5.9,6.63,0.192,No,Yes,3,Retained,Yes,No,No,No,Not Churned,,8.4
CUST11766,46,Female,Kano,Regular,Email,2024-03-07,30,9,6,187317.2,126675.53,23319.1,70,Accessories,2,1,Issue Not Resolved,Low,Resolved,1,1,No,4.8,3,0.333,Wrong Size,5,58038.3,No,No,4.1,3.4,0.7,0,0,1,3.6,1,5.8,9.1,Yes,3.7,3.5,3.7,3.4,2.9,11,5.1,9.99,0.334,No,No,0,Retained,Yes,No,No,No,Not Churned,,10.6
CUST11767,28,Other,Plateau,Regular,Facebook,2025-11-16,9,11,2,402261.88,63505.92,35522.29,19,Tops,1,1,Issue Not Resolved,Medium,Resolved,4,2,No,3.8,0,0.0,No Return,0,0.0,No,No,6.2,4.0,2.2,3,0,0,3.8,1,4.6,5.8,No,4.6,3.5,4.6,4.0,3.8,47,7.7,0.29,0.202,No,No,0,Retained,Yes,No,No,No,Not Churned,,3.3
CUST11768,50,Other,Abuja,Regular,Website,2025-09-30,11,7,0,194300.1,0.0,31156.3,29,Beauty,5,3,Poor Product Quality,Medium,Closed,3,0,No,4.0,0,0.0,No Return,0,0.0,No,No,3.9,3.5,0.4,0,0,0,4.0,3,1.2,7.2,No,2.9,4.0,2.9,3.8,3.6,14,6.9,7.19,0.31,No,Yes,4,Retained,Yes,No,No,No,Not Churned,,8.0
CUST11769,23,Male,Kaduna,High Value,Google,2025-11-01,10,13,2,686595.42,85994.19,47019.79,43,Electronics,1,3,Issue Not Resolved,Medium,Pending,8,1,No,3.7,1,0.077,Wrong Size,7,27951.66,No,No,5.0,4.4,0.6,1,0,0,5.0,3,5.7,8.5,No,4.4,3.5,4.4,4.4,3.5,30,9.3,4.06,0.348,No,Yes,4,Retained,Yes,No,No,No,Not Churned,,11.8
CUST11770,64,Male,Anambra,Loyal,Instagram,2023-03-08,42,12,6,263856.09,130093.78,22078.49,6,Beauty,3,1,Damaged Product,Medium,Resolved,1,2,No,3.6,0,0.0,No Return,0,0.0,No,No,6.0,5.1,0.9,1,0,1,3.7,4,1.0,1.9,No,4.0,3.8,4.0,4.2,4.2,20,8.1,3.12,0.341,No,No,0,Retained,Yes,No,No,No,Not Churned,,1.2
CUST11771,32,Male,Ogun,New Customer,Google,2024-06-25,26,6,5,241020.4,183607.86,35765.8,91,Tops,2,2,Late Delivery,High,Closed,2,2,No,3.6,0,0.0,No Return,0,0.0,No,No,4.6,4.4,0.2,0,0,0,3.8,2,5.3,19.8,No,3.7,3.9,3.7,3.6,3.6,-2,6.0,3.07,0.365,No,No,0,Dormant,Yes,No,No,Yes,Not Churned,,12.2
CUST11772,49,Male,Enugu,Regular,Website,2023-04-06,41,10,5,532699.2,270471.53,57237.97,189,Trousers,2,3,App Crash,Critical,Resolved,3,1,No,4.9,0,0.0,No Return,0,0.0,No,No,3.3,3.0,0.3,0,0,1,4.6,3,4.8,16.5,No,4.3,4.7,4.3,4.7,4.2,49,8.5,5.12,0.309,No,No,0,At Risk,Yes,No,Yes,No,Not Churned,,38.4
CUST11773,28,Female,Lagos,Loyal,Google,2023-08-03,37,11,2,631137.86,119437.27,62106.16,30,Shoes,1,0,No Complaint,None,No Complaint,0,0,No,,0,0.0,No Return,0,0.0,No,No,2.4,3.2,0.0,0,0,1,4.6,1,10.1,14.0,Yes,5.0,3.9,5.0,4.7,3.7,32,10.0,6.68,0.457,No,Yes,1,Retained,Yes,No,No,No,Not Churned,,3.9
CUST11774,40,Female,Imo,Regular,Referral,2023-07-13,38,5,4,126950.71,94597.38,22564.05,63,Tops,4,3,Poor Customer Service,High,Escalated,11,1,Yes,4.5,1,0.2,Damaged,4,13612.87,Yes,Yes,2.4,4.1,0.0,0,0,0,4.2,3,11.3,12.0,No,5.0,4.5,5.0,4.4,3.5,60,8.3,2.25,0.101,No,No,0,Retained,Yes,No,No,No,Not Churned,,26.7
CUST11775,43,Male,Delta,New Customer,Email,2025-06-03,15,16,1,491968.79,26622.75,27129.96,36,Shoes,5,1,Poor Product Quality,Low,Closed,4,1,No,5.0,0,0.0,No Return,0,0.0,No,No,5.3,3.3,2.0,4,0,1,3.6,1,6.7,16.8,No,3.7,3.8,3.7,3.9,4.0,49,7.2,8.61,0.414,No,No,0,Retained,Yes,No,No,No,Not Churned,,8.6
CUST11776,51,Male,Rivers,Loyal,Google,2023-02-08,43,6,2,154853.25,47363.63,23742.49,70,Beauty,2,1,Poor Product Quality,Low,Closed,8,2,No,4.5,1,0.167,Wrong Color,2,22177.3,No,No,3.1,3.1,0.0,0,0,0,5.0,2,4.0,8.0,No,4.0,4.5,4.0,4.6,4.5,9,8.6,10.76,0.352,Yes,Yes,2,Retained,Yes,No,No,No,Not Churned,,8.8
CUST11777,63,Female,Kano,Loyal,Referral,2025-07-27,13,10,0,198765.2,0.0,21146.43,34,Tops,2,3,Stock Availability,Low,Closed,1,1,No,4.6,2,0.2,Wrong Size,10,15324.52,Yes,Yes,1.7,2.6,0.0,0,1,2,3.8,3,0.2,6.1,Yes,3.5,3.4,3.5,3.6,2.7,17,6.8,1.03,0.296,No,No,0,Churned,No,Yes,No,No,Better Alternative,1782950400000000000,22.6
CUST11778,51,Male,Edo,Regular,Google,2025-07-27,13,9,4,368170.31,185001.89,44156.11,11,Electronics,3,2,Poor Customer Service,Medium,Resolved,4,3,No,5.0,2,0.222,Damaged,5,37490.57,No,No,3.5,2.8,0.7,2,0,0,4.0,2,4.4,8.3,No,4.2,3.5,4.2,3.8,3.9,42,8.0,0.75,0.231,No,No,0,Churned,No,Yes,No,No,Poor Customer Service,1775606400000000000,16.9
CUST11779,46,Female,Delta,New Customer,Google,2023-07-25,37,13,1,262439.79,16715.48,18658.37,123,Beauty,1,1,Late Delivery,Medium,Resolved,5,1,No,4.2,1,0.077,Not as Expected,3,14509.3,Yes,Yes,6.3,4.2,2.1,3,0,2,3.6,1,4.9,9.6,No,5.0,4.0,5.0,3.5,3.9,25,2.6,8.88,0.266,No,No,0,Churned,No,Yes,No,No,Negative Overall Experience,1775606400000000000,55.8
CUST11780,21,Female,Rivers,New Customer,TikTok,2025-07-30,13,11,2,1044275.47,197800.38,90294.0,109,Tops,3,3,Unexpected Charge,High,Pending,3,1,No,5.0,0,0.0,No Return,0,0.0,No,No,4.5,3.1,1.4,1,0,0,3.9,3,6.9,15.6,No,3.2,4.5,3.2,3.6,2.9,39,7.9,8.49,0.099,No,Yes,1,Dormant,Yes,No,No,Yes,Not Churned,,15.3
CUST11781,34,Male,Edo,Loyal,Website,2024-07-08,26,13,3,519023.32,114877.84,35792.27,140,Accessories,5,2,Account Issue,Medium,Closed,6,4,Yes,4.5,2,0.154,Late Delivery,4,31772.74,No,No,5.6,4.0,1.6,1,0,1,3.2,2,5.2,13.1,No,3.3,4.5,3.3,3.5,3.2,-1,5.7,5.26,0.456,No,No,0,At Risk,Yes,No,Yes,No,Not Churned,,19.8
CUST11782,52,Male,Kano,Regular,Referral,2024-04-28,28,17,2,476660.35,55803.15,29368.07,96,Tops,2,2,Poor Customer Service,High,Resolved,8,2,No,5.0,2,0.118,Wrong Color,2,42894.49,Yes,Yes,3.3,4.4,0.0,1,0,1,4.3,2,14.6,18.7,No,3.7,3.6,3.7,4.2,4.0,1,9.1,8.35,0.362,Yes,Yes,1,Churned,No,Yes,No,No,Website/App Problems,1783555200000000000,36.9
CUST11783,30,Male,Kaduna,Regular,Website,2025-02-09,18,9,3,726355.11,240611.43,84091.09,87,Dresses,1,2,Return Difficulty,Critical,Resolved,1,1,No,4.1,0,0.0,No Return,0,0.0,No,No,2.4,3.3,0.0,0,0,1,3.7,2,10.8,11.7,Yes,3.4,4.6,3.4,3.4,3.8,12,5.5,0.24,0.118,No,No,0,Dormant,Yes,No,No,Yes,Not Churned,,12.3
CUST11784,58,Female,Plateau,Regular,Instagram,2023-09-06,36,8,2,146883.61,36199.69,17039.18,53,Accessories,1,0,No Complaint,None,No Complaint,0,0,No,,2,0.25,Wrong Size,14,28292.53,No,No,4.8,5.3,0.0,0,0,0,4.9,1,2.5,3.9,Yes,2.9,2.9,2.9,3.3,2.9,13,6.9,1.7,0.109,No,No,0,Retained,Yes,No,No,No,Not Churned,,26.5
CUST11785,56,Female,Enugu,Regular,Facebook,2026-01-02,8,8,4,167933.21,84766.01,22042.54,139,Bags,1,0,No Complaint,None,No Complaint,0,0,No,,1,0.125,Wrong Item,2,7774.11,No,No,4.3,3.3,1.0,1,0,0,3.9,2,7.6,9.5,Yes,4.5,5.0,4.5,4.5,4.0,56,9.3,7.18,0.18,No,Yes,4,At Risk,Yes,No,Yes,No,Not Churned,,41.7
CUST11786,32,Male,Abia,High Value,Referral,2024-01-08,32,9,2,158676.88,34285.95,17545.81,163,Electronics,5,3,Late Delivery,Low,Resolved,5,1,No,5.0,0,0.0,No Return,0,0.0,No,No,4.1,3.0,1.1,2,0,0,2.7,3,2.6,14.1,No,3.7,3.6,3.7,3.4,3.1,6,8.8,4.85,0.334,No,No,0,Churned,No,Yes,No,No,Inactive,1776384000000000000,35.2
CUST11787,46,Male,Abuja,Loyal,Instagram,2025-05-28,15,8,3,258264.38,98372.97,31636.45,26,Accessories,4,2,Issue Not Resolved,High,Resolved,4,1,No,3.9,2,0.25,Damaged,8,39853.8,Yes,Yes,4.3,3.9,0.4,1,0,0,4.2,2,2.6,9.3,No,5.0,3.8,5.0,3.8,2.8,52,8.2,2.96,0.352,Yes,No,0,Retained,Yes,No,No,No,Not Churned,,13.6
CUST11788,46,Female,Abia,Loyal,Facebook,2025-04-14,16,17,5,424474.75,111464.73,23540.66,47,Bags,4,2,Long Waiting Time,High,Closed,5,3,No,4.7,1,0.059,Changed Mind,8,13212.54,No,No,6.0,3.8,2.2,2,0,1,3.6,3,7.3,13.8,No,3.0,3.6,3.0,4.3,4.5,44,8.5,5.0,0.19,No,No,0,Retained,Yes,No,No,No,Not Churned,,7.1
CUST11789,28,Male,Abuja,New Customer,Referral,2025-05-20,15,11,1,183360.27,16506.72,17131.96,49,Beauty,4,1,Product Not as Described,Medium,Resolved,8,4,Yes,4.2,0,0.0,No Return,0,0.0,No,No,5.6,5.1,0.5,0,0,0,5.0,3,7.0,10.3,No,3.7,4.4,3.7,5.0,5.0,42,8.8,11.11,0.132,No,Yes,3,Retained,Yes,No,No,No,Not Churned,,10.2
CUST11790,49,Female,Kaduna,New Customer,Instagram,2024-12-02,21,15,4,302320.67,62310.84,18128.8,113,Beauty,3,3,Late Delivery,Low,Resolved,5,2,No,4.1,0,0.0,No Return,0,0.0,No,No,4.2,2.6,1.6,4,0,0,3.2,3,13.8,25.5,No,3.5,3.8,3.5,3.4,3.1,-15,5.8,5.09,0.287,No,Yes,6,Dormant,Yes,No,No,Yes,Not Churned,,39.1
CUST11791,19,Male,Delta,Regular,Facebook,2023-05-18,40,8,3,296705.15,99409.72,37514.73,21,Electronics,3,0,No Complaint,None,No Complaint,0,0,No,,2,0.25,Defective,4,68711.6,Yes,Yes,1.0,3.3,0.0,0,0,0,4.4,1,6.3,9.1,Yes,4.2,3.0,4.2,3.9,3.9,39,7.9,11.65,0.336,Yes,No,0,Retained,Yes,No,No,No,Not Churned,,3.6
CUST11792,64,Male,Ogun,New Customer,Referral,2025-08-05,13,12,4,463839.85,167364.1,43373.64,19,Beauty,5,0,No Complaint,None,No Complaint,0,0,No,,1,0.083,Changed Mind,5,24755.32,No,No,6.2,5.1,1.1,5,1,1,2.9,1,6.8,8.2,Yes,3.7,3.5,3.7,3.4,3.5,10,8.8,6.56,0.254,No,No,0,Retained,Yes,No,No,No,Not Churned,,11.4
CUST11793,31,Female,Kaduna,High Value,Referral,2024-04-01,29,5,3,74077.56,42631.52,16496.68,109,Dresses,1,4,Damaged Product,Low,Pending,1,1,No,4.7,1,0.2,Damaged,8,7964.22,No,No,8.1,4.8,3.3,1,0,0,2.7,4,4.0,15.0,Yes,4.2,4.0,4.2,3.0,2.9,15,5.4,12.2,0.163,No,No,0,Churned,No,Yes,No,No,Website/App Problems,1773964800000000000,47.4
CUST11794,37,Female,Kaduna,New Customer,Website,2025-03-24,17,9,3,299806.01,81076.24,29161.39,95,Electronics,4,4,Refund Delayed,Medium,Resolved,7,1,No,3.7,0,0.0,No Return,0,0.0,No,No,3.2,2.5,0.7,2,0,0,2.7,4,8.1,10.1,No,3.5,3.4,3.5,3.3,2.8,20,5.1,22.48,0.309,No,Yes,2,Churned,No,Yes,No,No,Payment Problems,1769731200000000000,40.3
CUST11795,39,Male,Cross River,Regular,Referral,2025-04-02,17,7,1,192476.44,25170.84,26238.46,6,Dresses,2,3,Late Delivery,Medium,Closed,5,3,No,3.8,2,0.286,Damaged,1,36951.96,No,No,4.3,4.1,0.2,0,1,1,3.5,3,8.1,8.6,No,3.0,4.3,3.0,3.7,4.3,12,8.1,5.65,0.292,No,Yes,4,Retained,Yes,No,No,No,Not Churned,,1.2
CUST11796,28,Male,Imo,Regular,Google,2025-07-30,13,11,4,260236.9,81814.1,23364.66,64,Beauty,4,1,Refund Delayed,Low,Resolved,2,1,No,4.9,1,0.091,Not as Expected,1,14689.06,Yes,Yes,3.8,3.2,0.6,2,1,0,3.7,1,7.7,8.6,Yes,4.5,5.0,4.5,4.5,4.6,16,9.9,11.01,0.244,No,No,0,Retained,Yes,No,No,No,Not Churned,,8.5
CUST11797,44,Male,Rivers,Loyal,Website,2024-03-19,29,10,4,772725.92,240196.79,69314.35,135,Dresses,5,2,Stock Availability,Medium,Resolved,9,0,No,4.3,1,0.1,Poor Quality,3,38447.42,No,No,5.9,5.5,0.4,0,0,0,4.8,2,4.9,10.1,No,3.4,5.0,3.4,4.6,4.8,46,10.0,8.14,0.187,Yes,Yes,4,At Risk,Yes,No,Yes,No,Not Churned,,18.8
CUST11798,20,Male,Ogun,New Customer,Website,2023-12-19,32,14,3,468904.21,79936.48,31198.25,2,Tops,4,0,No Complaint,None,No Complaint,0,0,No,,1,0.071,Wrong Size,1,17810.45,Yes,Yes,4.3,5.5,0.0,0,0,0,5.0,6,2.1,3.7,Yes,4.3,3.5,4.3,3.9,4.0,26,5.7,0.6,0.622,No,No,0,Churned,No,Yes,No,No,Payment Problems,1774828800000000000,0.6
CUST11799,34,Male,Imo,Regular,Facebook,2025-09-22,11,9,1,289906.8,33680.5,34674.6,36,Tops,2,1,Late Delivery,Low,Resolved,1,0,No,5.0,3,0.333,Poor Quality,3,49026.43,No,No,6.1,5.3,0.8,1,0,0,3.6,1,5.5,14.2,Yes,4.4,2.7,4.4,3.1,3.0,1,7.4,11.65,0.414,No,No,0,Retained,Yes,No,No,No,Not Churned,,4.4
CUST11800,61,Male,Imo,Regular,Instagram,2025-03-04,18,9,2,352548.93,78765.24,44414.38,290,Tops,2,2,Late Delivery,High,Escalated,3,1,Yes,4.4,0,0.0,No Return,0,0.0,No,No,2.2,2.5,0.0,0,0,1,4.2,2,1.0,8.0,No,3.4,3.7,3.4,3.9,4.1,21,8.1,5.88,0.147,Yes,No,0,Churned,No,Yes,No,No,Payment Problems,1787529600000000000,81.8
CUST11801,45,Female,Rivers,Loyal,TikTok,2024-02-15,30,11,5,419311.64,170120.47,33286.82,152,Bags,2,1,Exchange Difficulty,Medium,Resolved,2,2,No,3.4,1,0.091,Duplicate Order,4,26602.95,No,No,5.3,5.2,0.1,0,0,1,3.7,1,2.8,4.6,No,4.2,4.3,4.2,4.4,3.8,18,9.9,3.13,0.259,No,No,0,Churned,No,Yes,No,No,Lack of Product Availability,1768608000000000000,42.8
CUST11802,46,Female,Abia,New Customer,Referral,2024-11-08,22,9,6,299539.76,185113.41,31700.7,23,Tops,5,2,Poor Product Quality,Low,Resolved,1,1,No,5.0,0,0.0,No Return,0,0.0,No,No,2.8,3.5,0.0,1,0,0,4.9,2,3.4,4.7,Yes,2.9,3.9,2.9,3.6,3.0,53,8.8,2.4,0.457,No,Yes,6,Retained,Yes,No,No,No,Not Churned,,3.1
CUST11803,38,Female,Kano,High Value,Website,2024-03-28,29,9,2,431892.86,81317.73,47569.01,60,Accessories,4,0,No Complaint,None,No Complaint,0,0,No,,2,0.222,Poor Quality,5,45585.15,No,No,5.7,4.4,1.3,0,0,0,3.9,1,5.7,11.7,Yes,3.0,4.3,3.0,3.8,3.5,33,8.7,8.35,0.379,No,No,0,Retained,Yes,No,No,No,Not Churned,,9.3
CUST11804,64,Female,Enugu,Loyal,TikTok,2024-02-23,30,10,3,275076.79,62871.3,24234.62,38,Bags,5,0,No Complaint,None,No Complaint,0,0,No,,0,0.0,No Return,0,0.0,No,No,2.2,3.8,0.0,0,0,0,4.6,1,3.8,4.6,Yes,4.5,3.6,4.5,4.4,4.8,23,8.3,3.82,0.291,Yes,No,0,Retained,Yes,No,No,No,Not Churned,,8.7
CUST11805,33,Male,Imo,Regular,Referral,2024-03-25,29,8,3,201952.88,83444.03,25767.55,95,Tops,2,0,No Complaint,None,No Complaint,0,0,No,,0,0.0,No Return,0,0.0,No,No,3.4,3.6,0.0,0,0,0,4.8,3,5.5,7.0,Yes,4.2,4.5,4.2,4.5,4.9,47,9.8,11.05,0.348,No,No,0,Dormant,Yes,No,No,Yes,Not Churned,,19.2
CUST11806,54,Female,Rivers,Loyal,Email,2025-09-21,11,7,1,149352.19,17485.83,19845.82,109,Beauty,4,2,Product Not as Described,Critical,Resolved,10,1,No,4.0,1,0.143,Wrong Color,5,18345.86,Yes,Yes,5.2,3.4,1.8,1,0,0,4.6,2,5.9,13.7,No,4.3,3.8,4.3,4.4,4.0,24,10.0,5.43,0.286,Yes,No,0,Dormant,Yes,No,No,Yes,Not Churned,,23.9
CUST11807,37,Male,Cross River,New Customer,Referral,2026-02-12,6,7,1,468280.3,65535.2,63055.18,42,Bags,3,0,No Complaint,None,No Complaint,0,0,No,,1,0.143,Poor Quality,11,39285.31,Yes,Yes,5.6,3.8,1.8,1,0,0,2.6,0,2.5,5.0,Yes,2.7,3.1,2.7,2.5,2.8,-11,4.0,2.51,0.41,No,No,0,Churned,No,Yes,No,No,Inactive,1778544000000000000,53.2
CUST11808,23,Male,Kano,High Value,Instagram,2023-02-20,42,3,3,133202.44,114248.72,41777.37,151,Dresses,5,3,Poor Customer Service,Low,Resolved,2,1,No,4.6,2,0.667,Wrong Item,2,39242.02,No,No,3.4,3.4,0.0,0,0,0,4.0,3,7.6,10.6,Yes,4.4,4.1,4.4,3.8,3.7,27,6.4,5.04,0.25,No,No,0,At Risk,Yes,No,Yes,No,Not Churned,,54.9
CUST11809,36,Male,Anambra,Regular,Website,2023-07-29,37,8,2,304252.09,66585.13,35783.39,105,Trousers,3,1,Login Problem,High,Resolved,5,0,No,5.0,2,0.25,Wrong Size,8,66507.0,No,No,3.1,5.3,0.0,0,0,1,4.3,3,1.6,5.6,No,3.8,4.7,3.8,4.3,3.7,52,9.0,4.9,0.26,No,No,0,Churned,No,Yes,No,No,Too Many Delivery Problems,1785801600000000000,38.7
CUST11810,22,Female,Kaduna,Regular,Facebook,2025-06-06,15,6,1,358007.79,57868.92,67588.27,143,Bags,3,4,Late Delivery,Low,Resolved,5,1,No,5.0,0,0.0,No Return,0,0.0,No,No,6.2,3.8,2.4,1,0,0,2.9,4,6.1,7.6,No,3.3,3.7,3.3,4.3,4.0,12,8.7,3.6,0.022,Yes,No,0,Churned,No,Yes,No,No,Refund Problems,1778716800000000000,65.0
CUST11811,20,Female,Kaduna,Regular,Website,2025-09-24,11,12,2,235205.22,35164.58,17777.18,35,Electronics,1,0,No Complaint,None,No Complaint,0,0,No,,0,0.0,No Return,0,0.0,No,No,5.2,5.3,0.0,0,1,1,4.2,1,2.4,8.3,Yes,5.0,4.1,5.0,4.5,5.0,25,8.5,0.29,0.215,Yes,No,0,Retained,Yes,No,No,No,Not Churned,,4.7
CUST11812,18,Female,Delta,New Customer,Email,2025-09-19,11,9,2,312466.6,59448.42,30746.18,81,Shoes,2,1,Stock Availability,High,Resolved,18,1,No,3.7,2,0.222,Changed Mind,2,56844.93,No,No,3.2,3.6,0.0,0,0,1,3.7,1,4.8,18.0,No,3.5,3.4,3.5,4.0,3.7,31,8.6,13.58,0.318,No,Yes,7,Dormant,Yes,No,No,Yes,Not Churned,,10.7
CUST11813,55,Female,Imo,High Value,TikTok,2025-04-29,16,11,0,172754.35,0.0,15684.17,52,Bags,3,2,Issue Not Resolved,Medium,Resolved,20,3,No,3.5,3,0.273,Poor Quality,4,42717.66,No,No,3.9,3.3,0.6,1,1,0,3.8,2,3.1,20.0,No,3.2,4.2,3.2,3.4,3.2,1,7.2,2.72,0.222,No,No,0,Retained,Yes,No,No,No,Not Churned,,8.9
CUST11814,32,Female,Anambra,New Customer,Referral,2024-09-18,23,14,4,235107.5,70110.53,16283.23,39,Tops,5,1,Late Delivery,Medium,Resolved,3,2,No,4.5,1,0.071,Wrong Color,2,15121.86,Yes,Yes,5.5,4.9,0.6,0,0,0,4.7,1,3.9,6.1,No,3.7,4.5,3.7,4.0,3.5,29,7.2,6.11,0.362,No,No,0,Retained,Yes,No,No,No,Not Churned,,5.2
CUST11815,51,Male,Delta,Loyal,Google,2024-11-09,22,4,2,212713.31,108472.85,54954.84,82,Tops,2,2,Long Waiting Time,Medium,Closed,6,0,No,4.2,0,0.0,No Return,0,0.0,No,No,4.1,4.1,0.0,0,0,1,3.2,2,15.2,18.2,No,3.1,4.1,3.1,3.2,2.7,-34,6.7,2.47,0.505,No,No,0,Dormant,Yes,No,No,Yes,Not Churned,,14.2
CUST11816,52,Male,Plateau,Regular,Google,2025-02-15,18,11,3,864990.21,235063.27,72012.52,83,Tops,2,1,Repeated Issue,Medium,Pending,3,1,No,3.8,1,0.091,Duplicate Order,6,55485.37,Yes,Yes,3.4,3.0,0.4,0,0,0,4.7,2,5.9,7.3,No,4.0,3.8,4.0,4.0,3.7,8,9.7,4.93,0.363,No,No,0,Dormant,Yes,No,No,Yes,Not Churned,,12.0
CUST11817,42,Male,Imo,High Value,Google,2024-10-24,22,13,2,367528.2,46488.43,26204.34,64,Dresses,5,3,Poor Product Quality,Medium,Pending,10,0,No,4.8,1,0.077,Changed Mind,4,12461.41,No,No,6.1,5.3,0.8,0,0,0,3.0,3,2.4,10.0,No,4.8,4.5,4.8,3.6,2.7,34,6.0,4.08,0.201,Yes,No,0,Retained,Yes,No,No,No,Not Churned,,18.4
CUST11818,41,Male,Edo,Regular,Referral,2023-09-25,35,10,6,283922.08,147747.67,26303.81,49,Beauty,4,6,Exchange Difficulty,Low,Closed,5,1,No,5.0,3,0.3,Wrong Size,2,36272.99,No,No,4.0,5.4,0.0,1,0,0,4.6,6,1.8,5.0,No,2.1,3.7,2.1,3.7,3.0,29,7.9,22.24,0.335,No,No,0,Churned,No,Yes,No,No,No Longer Needed,1775001600000000000,35.6
CUST11819,29,Female,Cross River,Regular,TikTok,2023-04-26,40,9,2,251300.89,54758.81,25891.66,160,Electronics,5,3,Repeated Issue,Low,Resolved,5,1,No,4.3,1,0.111,Poor Quality,6,14539.89,No,No,4.1,4.6,0.0,1,0,0,4.5,3,2.1,5.0,No,4.3,4.6,4.3,4.7,4.4,32,8.5,7.7,0.208,Yes,No,0,At Risk,Yes,No,Yes,No,Not Churned,,30.4
CUST11820,35,Male,Kano,Regular,TikTok,2025-01-23,19,13,3,878044.93,213268.76,71929.1,25,Bags,4,1,Repeated Issue,Medium,Resolved,3,1,No,4.2,1,0.077,Changed Mind,1,64034.94,Yes,No,6.8,5.4,1.4,1,0,2,2.9,1,7.3,11.8,No,4.0,4.1,4.0,3.6,3.4,5,8.6,7.67,0.459,No,No,0,Retained,Yes,No,No,No,Not Churned,,6.4
CUST11821,32,Male,Abia,Loyal,Facebook,2025-11-29,9,8,1,176059.78,23853.43,24173.91,20,Dresses,2,2,Refund Delayed,Medium,Pending,2,1,No,4.2,1,0.125,Changed Mind,1,12044.77,No,No,6.7,4.5,2.2,3,0,1,3.9,2,3.0,6.4,Yes,3.2,4.5,3.2,3.9,2.5,59,5.9,6.39,0.053,Yes,Yes,4,Retained,Yes,No,No,No,Not Churned,,3.9
CUST11822,61,Female,Kano,New Customer,Google,2023-07-01,38,9,2,617648.38,137425.05,71197.57,30,Shoes,5,2,Exchange Difficulty,Low,Resolved,4,1,No,2.9,2,0.222,Duplicate Order,5,67789.64,Yes,No,6.1,4.4,1.7,2,0,0,2.9,2,6.2,12.1,No,4.1,4.1,4.1,4.1,3.3,52,10.0,6.02,0.336,No,No,0,Retained,Yes,No,No,No,Not Churned,,20.7
CUST11823,33,Male,Ogun,Regular,Website,2025-06-21,14,11,2,372705.65,55938.63,32725.41,82,Bags,3,4,Wrong Product,High,Closed,4,4,Yes,3.4,0,0.0,No Return,0,0.0,No,No,4.4,5.0,0.0,0,0,0,4.9,4,14.8,24.5,No,3.7,4.1,3.7,4.3,3.8,23,8.3,2.41,0.513,No,No,0,Dormant,Yes,No,No,Yes,Not Churned,,10.3
CUST11824,44,Female,Kaduna,Regular,Google,2026-02-16,6,8,2,200368.67,44119.56,25353.59,39,Trousers,5,3,Discount Not Applied,Low,Resolved,1,2,No,4.8,1,0.125,Duplicate Order,6,12395.29,Yes,No,4.1,2.7,1.4,3,0,0,3.7,3,20.4,32.1,No,3.6,2.8,3.6,2.9,3.1,8,5.5,3.32,0.198,No,Yes,7,At Risk,Yes,No,Yes,No,Not Churned,,29.4
CUST11825,25,Male,Oyo,Loyal,Referral,2025-08-03,13,9,3,310301.13,95253.57,36396.11,13,Tops,3,2,Rude Staff,Low,Resolved,5,1,No,4.2,1,0.111,Late Delivery,5,25391.28,No,No,3.1,3.8,0.0,0,0,0,3.8,2,21.9,30.2,No,4.1,4.2,4.1,3.9,4.2,4,8.7,1.93,0.237,No,No,0,Retained,Yes,No,No,No,Not Churned,,3.3
CUST11826,63,Other,Abia,Regular,Website,2023-09-15,36,11,3,772699.89,213435.09,79282.19,11,Dresses,3,3,Damaged Product,Medium,Resolved,3,3,No,2.6,0,0.0,No Return,0,0.0,No,No,3.4,3.8,0.0,0,0,0,4.8,3,6.4,6.9,No,3.8,3.4,3.8,4.1,3.5,13,10.0,0.7,0.385,Yes,No,0,Retained,Yes,No,No,No,Not Churned,,1.9
CUST11827,42,Female,Edo,Regular,TikTok,2024-05-23,27,9,3,284331.55,90713.13,34613.99,59,Dresses,2,1,Refund Rejected,Low,Resolved,1,1,No,5.0,0,0.0,No Return,0,0.0,No,No,3.3,4.4,0.0,1,0,1,4.0,1,2.2,5.0,Yes,4.4,5.0,4.4,4.6,5.0,30,10.0,1.61,0.429,No,No,0,Retained,Yes,No,No,No,Not Churned,,7.5
CUST11828,34,Male,Kano,Regular,Google,2023-04-02,41,10,3,264689.6,76628.23,29136.73,129,Bags,4,2,Account Issue,Medium,Resolved,2,1,No,3.8,1,0.1,Not as Expected,4,18140.58,No,No,3.5,3.5,0.0,0,0,0,3.9,2,4.5,8.9,Yes,4.0,3.6,4.0,4.3,4.2,24,9.2,12.54,0.649,Yes,No,0,At Risk,Yes,No,Yes,No,Not Churned,,18.5
CUST11829,46,Male,Plateau,Loyal,Website,2026-03-30,5,14,4,658826.91,166892.32,41341.8,95,Trousers,4,2,Late Delivery,Low,Resolved,7,2,No,4.4,0,0.0,No Return,0,0.0,No,No,3.5,3.9,0.0,1,0,1,4.4,2,1.4,7.0,No,2.7,4.3,2.7,3.5,3.3,23,7.4,1.02,0.6,Yes,No,0,Churned,No,Yes,No,No,Price Too High,1784851200000000000,61.6
CUST11830,25,Male,Rivers,High Value,Instagram,2023-05-29,39,12,2,374620.98,50370.98,28633.32,50,Dresses,3,1,Late Delivery,Medium,Closed,4,3,No,5.0,1,0.083,Poor Quality,11,12091.37,No,No,6.9,5.0,1.9,7,0,0,3.7,1,7.6,9.6,No,2.9,3.2,2.9,3.2,2.3,-7,7.4,1.55,0.342,No,Yes,1,Churned,No,Yes,No,No,Too Many Delivery Problems,1778803200000000000,25.7
CUST11831,32,Female,Cross River,Regular,Email,2023-04-27,40,9,4,153079.57,71992.81,18626.7,72,Dresses,4,2,Rude Staff,Medium,Resolved,6,2,No,4.1,1,0.111,Wrong Color,2,7776.35,No,No,3.9,5.3,0.0,0,1,0,4.5,2,4.0,8.2,No,3.5,2.8,3.5,3.6,3.6,0,7.0,1.1,0.233,No,No,0,Retained,Yes,No,No,No,Not Churned,,12.3
CUST11832,44,Male,Kaduna,Regular,Instagram,2024-04-02,29,10,7,310809.53,187214.59,30891.07,46,Dresses,5,1,Price Increase,Low,Pending,2,0,No,5.0,0,0.0,No Return,0,0.0,No,No,5.2,4.0,1.2,0,0,1,3.0,3,2.3,7.7,Yes,3.6,3.8,3.6,3.0,3.3,-15,3.1,3.17,0.163,No,No,0,Retained,Yes,No,No,No,Not Churned,,7.2
CUST11833,63,Female,Delta,Regular,Instagram,2024-07-18,25,12,5,616153.28,222872.81,48590.48,196,Accessories,3,2,Long Waiting Time,Critical,Resolved,6,0,No,5.0,0,0.0,No Return,0,0.0,No,No,7.2,4.6,2.6,1,0,0,3.4,4,6.1,8.4,No,3.9,4.7,3.9,4.4,3.8,19,9.4,9.3,0.138,Yes,Yes,7,Churned,No,Yes,No,No,Lack of Product Availability,1782777600000000000,50.3
CUST11834,24,Female,Cross River,New Customer,Website,2025-03-24,17,10,1,450276.08,42720.2,39515.96,40,Bags,3,3,Price Increase,Low,Resolved,4,1,No,3.7,0,0.0,No Return,0,0.0,No,No,4.0,4.1,0.0,0,0,0,5.0,3,7.4,16.8,No,3.2,3.7,3.2,5.0,4.3,72,9.8,12.07,0.147,No,No,0,Retained,Yes,No,No,No,Not Churned,,6.8
CUST11835,20,Female,Anambra,Regular,Facebook,2023-02-14,43,11,3,180732.97,44382.09,17247.45,42,Tops,1,3,Missing Product,Low,Closed,3,1,No,4.8,3,0.273,Poor Quality,2,31440.97,No,No,7.5,5.1,2.4,4,1,0,4.0,3,4.2,8.8,No,3.5,3.9,3.5,3.1,2.7,-23,4.8,7.09,0.082,Yes,No,0,Retained,Yes,No,No,No,Not Churned,,22.4
CUST11836,46,Male,Delta,Loyal,TikTok,2025-02-12,18,14,1,624981.78,50176.52,46927.26,70,Trousers,5,1,Repeated Issue,Medium,Resolved,3,1,No,3.8,1,0.071,Damaged,2,17184.84,No,No,1.6,3.3,0.0,0,0,0,4.7,1,4.4,5.3,No,4.4,4.0,4.4,4.4,4.2,8,7.7,4.28,0.149,No,Yes,3,Churned,No,Yes,No,No,Poor Product Quality,1779408000000000000,32.0
CUST11837,61,Male,Imo,Regular,Website,2023-08-22,36,4,3,168967.51,127519.36,40875.43,100,Dresses,4,4,Stock Availability,High,Resolved,10,3,No,3.3,0,0.0,No Return,0,0.0,No,No,7.3,5.1,2.2,0,0,0,3.4,4,12.8,19.5,No,2.6,4.4,2.6,2.9,2.4,19,4.7,3.88,0.297,No,No,0,At Risk,Yes,No,Yes,No,Not Churned,,40.5
CUST11838,41,Male,Abuja,High Value,Website,2023-07-16,38,17,0,641977.18,0.0,33975.38,95,Accessories,4,3,Product Not as Described,Medium,Resolved,3,0,No,4.5,0,0.0,No Return,0,0.0,No,No,2.7,4.0,0.0,0,0,0,5.0,3,3.6,13.1,No,3.9,4.3,3.9,4.9,4.2,30,9.9,3.82,0.604,No,No,0,Churned,No,Yes,No,No,No Longer Needed,1786492800000000000,63.7
CUST11839,20,Male,Cross River,Regular,Email,2023-01-25,43,11,1,565659.68,56332.95,53818.66,75,Dresses,1,2,Account Issue,Medium,Resolved,1,2,No,4.0,1,0.091,Damaged,2,26226.85,No,No,4.3,3.9,0.4,0,0,0,3.2,2,4.9,14.6,No,3.1,3.8,3.1,2.7,2.9,13,4.4,9.5,0.082,No,No,0,At Risk,Yes,No,Yes,No,Not Churned,,17.7
CUST11840,37,Female,Cross River,Loyal,Facebook,2024-01-30,31,10,2,454213.96,105013.49,49696.66,54,Beauty,5,2,Product Not as Described,Low,Resolved,10,0,No,3.8,2,0.2,Duplicate Order,3,44805.33,No,No,3.9,5.4,0.0,1,0,0,4.1,2,3.8,10.0,No,3.5,4.2,3.5,3.9,4.3,29,7.4,3.85,0.486,Yes,Yes,1,Retained,Yes,No,No,No,Not Churned,,8.5
CUST11841,63,Female,Oyo,Regular,TikTok,2024-12-14,20,6,3,279177.1,128601.0,48882.98,36,Trousers,2,3,Wrong Product,Low,Closed,2,2,No,4.2,2,0.333,Changed Mind,4,39192.66,No,No,4.4,3.4,1.0,1,0,1,3.9,3,14.2,20.1,No,3.7,4.0,3.7,4.0,3.5,38,7.3,0.84,0.304,No,No,0,Retained,Yes,No,No,No,Not Churned,,14.2
CUST11842,32,Female,Kano,Regular,Instagram,2025-11-25,9,13,6,179707.22,87716.47,13806.4,41,Electronics,2,1,Issue Not Resolved,Low,Resolved,1,1,No,4.9,0,0.0,No Return,0,0.0,No,No,5.8,2.7,3.1,5,0,0,3.1,1,7.6,11.7,Yes,3.5,4.5,3.5,4.1,4.4,5,6.3,5.94,0.19,No,No,0,Retained,Yes,No,No,No,Not Churned,,5.7
CUST11843,42,Female,Enugu,Regular,Google,2023-08-11,37,9,4,382899.98,168800.74,43537.65,141,Accessories,5,2,Stock Availability,Low,Pending,1,0,No,5.0,0,0.0,No Return,0,0.0,No,No,4.1,4.5,0.0,0,0,0,4.4,2,4.3,8.8,Yes,4.5,4.0,4.5,4.2,4.0,51,8.8,1.31,0.432,Yes,No,0,At Risk,Yes,No,Yes,No,Not Churned,,45.8
CUST11844,47,Female,Lagos,Regular,Website,2025-05-13,15,12,4,371182.83,104306.17,27803.27,154,Electronics,4,3,Wrong Product,Low,Resolved,7,2,No,5.0,0,0.0,No Return,0,0.0,No,No,1.6,3.3,0.0,1,0,0,4.4,3,13.4,16.3,No,4.9,4.0,4.9,4.2,3.2,29,8.6,3.4,0.223,No,No,0,At Risk,Yes,No,Yes,No,Not Churned,,28.6
CUST11845,31,Female,Oyo,Regular,Google,2024-06-13,27,9,3,383992.99,100230.79,37604.5,86,Trousers,2,2,Account Issue,Medium,Closed,3,0,No,4.6,1,0.111,Poor Quality,4,32175.19,No,No,4.2,4.4,0.0,0,0,1,4.1,2,3.8,7.1,No,1.9,4.5,1.9,3.3,2.2,1,4.9,1.97,0.063,No,No,0,Dormant,Yes,No,No,Yes,Not Churned,,26.3
CUST11846,24,Female,Ogun,Loyal,Referral,2023-09-14,36,10,4,200562.04,69441.88,20420.06,71,Shoes,2,4,Price Increase,High,Resolved,7,3,No,4.2,1,0.1,Wrong Item,3,7452.33,No,No,4.3,2.7,1.6,2,0,0,3.8,4,5.6,7.5,No,4.2,4.9,4.2,4.0,3.5,34,10.0,3.92,0.267,No,No,0,Retained,Yes,No,No,No,Not Churned,,9.7
CUST11847,34,Female,Imo,High Value,Referral,2024-10-15,22,9,1,493355.24,50258.78,49728.81,173,Beauty,4,1,Poor Product Quality,Medium,Resolved,11,1,No,5.0,3,0.333,Wrong Color,4,125035.6,No,No,5.1,4.2,0.9,1,0,0,4.4,2,4.9,11.0,No,4.5,3.8,4.5,4.4,5.0,36,9.5,1.73,0.212,No,No,0,At Risk,Yes,No,Yes,No,Not Churned,,24.8
CUST11848,61,Female,Kaduna,Regular,Referral,2026-03-05,6,12,0,576139.94,0.0,53433.86,165,Tops,5,2,Long Waiting Time,Low,Resolved,2,5,Yes,4.0,0,0.0,No Return,0,0.0,No,No,7.6,3.2,4.4,5,0,0,2.7,2,3.7,10.6,No,3.9,3.6,3.9,3.2,3.3,-8,6.3,2.55,0.322,No,Yes,1,At Risk,Yes,No,Yes,No,Not Churned,,22.7
CUST11849,37,Female,Abia,New Customer,Email,2024-08-13,24,8,2,251490.11,57835.54,30535.47,44,Electronics,1,0,No Complaint,None,No Complaint,0,0,No,,2,0.25,Poor Quality,5,40639.32,No,No,3.0,2.7,0.3,0,0,0,4.4,1,11.4,17.9,Yes,4.2,3.8,4.2,3.8,3.2,43,6.4,7.88,0.441,No,No,0,Churned,No,Yes,No,No,Price Too High,1772668800000000000,19.8
CUST11850,53,Male,Kano,Regular,Instagram,2024-03-19,29,4,0,62649.8,0.0,14179.81,6,Accessories,5,1,Late Delivery,Medium,Resolved,1,1,No,5.0,3,0.75,Late Delivery,2,19066.29,Yes,No,4.9,2.7,2.2,1,2,0,2.2,1,6.7,9.2,Yes,3.7,4.0,3.7,2.9,3.2,-20,5.3,0.58,0.226,Yes,Yes,6,At Risk,Yes,No,Yes,No,Not Churned,,2.8
CUST11851,26,Male,Anambra,Regular,Referral,2024-02-22,30,10,5,410595.64,183200.13,41347.83,13,Beauty,1,3,Poor Customer Service,Low,Closed,7,0,No,4.3,0,0.0,No Return,0,0.0,No,No,3.2,5.4,0.0,1,0,0,4.9,4,8.4,16.0,No,3.7,4.5,3.7,4.3,3.6,-3,7.5,5.28,0.448,Yes,No,0,Retained,Yes,No,No,No,Not Churned,,3.6
CUST11852,55,Male,Abia,New Customer,Website,2024-07-27,25,8,1,259188.21,31458.1,35264.58,67,Electronics,5,2,Poor Product Quality,Low,Resolved,9,2,No,3.0,0,0.0,No Return,0,0.0,No,No,6.0,3.3,2.7,4,0,0,3.8,2,3.8,9.0,No,4.4,3.6,4.4,3.9,4.5,30,8.1,22.15,0.394,No,No,0,Churned,No,Yes,No,No,Competitor,1777939200000000000,47.2
CUST11853,65,Female,Kano,Loyal,Google,2023-05-09,40,6,2,73187.08,22033.09,12749.86,76,Bags,2,3,Website Error,Low,Closed,1,2,No,4.5,2,0.333,Damaged,10,23712.57,Yes,Yes,4.5,4.2,0.3,0,1,0,3.6,4,5.4,8.3,No,3.4,3.5,3.4,3.0,3.0,13,7.6,6.15,0.08,No,No,0,Churned,No,Yes,No,No,Poor Product Quality,1780790400000000000,17.3
CUST11854,39,Female,Abia,High Value,Instagram,2025-10-07,10,12,3,388311.47,90090.14,31949.85,34,Electronics,3,1,Late Delivery,Medium,Resolved,2,1,No,3.6,0,0.0,No Return,0,0.0,No,No,4.2,4.0,0.2,0,0,0,4.6,1,7.0,18.0,Yes,3.5,4.1,3.5,3.8,3.6,22,7.1,0.74,0.242,No,No,0,Retained,Yes,No,No,No,Not Churned,,9.8
CUST11855,19,Male,Abia,High Value,Referral,2023-12-07,33,9,1,471908.0,47525.48,47334.23,32,Beauty,3,1,Wrong Product,High,Resolved,7,1,No,4.4,0,0.0,No Return,0,0.0,No,No,1.6,3.6,0.0,0,0,1,4.5,2,2.2,7.0,No,4.7,5.0,4.7,4.2,4.4,21,10.0,4.18,0.398,Yes,No,0,Retained,Yes,No,No,No,Not Churned,,4.9
CUST11856,41,Female,Lagos,Regular,Google,2025-03-20,17,11,1,129974.76,10501.82,10919.19,81,Bags,4,4,Late Delivery,Low,Resolved,8,0,No,5.0,1,0.091,Duplicate Order,2,7862.64,Yes,No,3.5,4.1,0.0,0,0,0,4.4,4,4.5,10.7,No,3.9,3.1,3.9,3.9,3.6,-3,7.2,9.41,0.257,No,No,0,Churned,No,Yes,No,No,Refund Problems,1772236800000000000,38.8
CUST11857,25,Female,Ogun,Loyal,Instagram,2025-09-18,11,9,1,267563.98,29031.19,32938.7,121,Beauty,5,4,Poor Product Quality,Low,Closed,2,1,No,4.5,0,0.0,No Return,0,0.0,No,No,4.1,4.2,0.0,0,0,0,4.4,4,5.3,10.0,Yes,3.7,4.7,3.7,4.5,4.4,45,10.0,3.06,0.224,Yes,No,0,At Risk,Yes,No,Yes,No,Not Churned,,19.8
CUST11858,28,Female,Anambra,Loyal,Website,2023-04-10,41,12,2,439244.28,75100.86,35625.33,22,Beauty,5,1,Wrong Product,Low,Resolved,3,4,Yes,4.8,1,0.083,Damaged,6,21538.1,No,No,6.0,5.0,1.0,3,0,1,4.2,2,6.2,7.5,No,4.8,3.2,4.8,4.4,4.9,30,10.0,9.37,0.305,No,No,0,Churned,No,Yes,No,No,Better Alternative,1787702400000000000,30.2
CUST11859,30,Female,Delta,Regular,Referral,2023-02-08,43,12,2,478545.92,65903.59,35748.62,21,Shoes,4,0,No Complaint,None,No Complaint,0,0,No,,1,0.083,Duplicate Order,11,32646.36,Yes,Yes,3.8,3.7,0.1,0,0,0,4.4,0,22.7,24.0,Yes,3.8,4.0,3.8,4.0,3.3,19,8.9,2.31,0.2,Yes,No,0,Churned,No,Yes,No,No,Payment Problems,1770595200000000000,30.2
CUST11860,34,Female,Abia,Regular,Website,2023-09-20,35,8,2,237201.65,57288.1,28624.87,58,Accessories,4,0,No Complaint,None,No Complaint,0,0,No,,1,0.125,Product Description Inaccurate,1,24084.96,No,No,7.0,3.6,3.4,4,0,0,2.1,0,1.5,5.9,Yes,4.7,4.5,4.7,3.6,4.1,0,7.0,8.96,0.069,Yes,No,0,Retained,Yes,No,No,No,Not Churned,,7.7
CUST11861,25,Female,Anambra,Loyal,Website,2023-05-30,39,18,3,555909.55,94085.22,34409.72,33,Trousers,1,5,Poor Product Quality,Medium,Closed,3,0,No,4.0,1,0.056,Wrong Size,4,14820.15,No,No,2.1,4.5,0.0,0,0,0,5.0,5,5.0,7.3,No,4.4,3.4,4.4,3.8,2.3,-9,6.0,4.67,0.298,No,No,0,Churned,No,Yes,No,No,Website/App Problems,1777766400000000000,23.3
CUST11862,38,Male,Ogun,Regular,TikTok,2024-11-20,21,9,0,286821.74,0.0,28912.95,41,Bags,1,4,Wrong Product,High,Closed,3,3,No,4.4,1,0.111,Duplicate Order,1,12416.9,No,No,4.6,3.6,1.0,2,0,1,3.2,4,15.8,18.6,No,3.9,3.7,3.9,3.5,2.4,1,5.2,14.44,0.304,No,No,0,Churned,No,Yes,No,No,Too Many Delivery Problems,1780012800000000000,40.1
CUST11863,35,Female,Plateau,Regular,Instagram,2025-03-23,17,7,0,220979.94,0.0,28065.24,143,Tops,3,2,Damaged Product,Low,Closed,5,2,No,3.4,1,0.143,Product Description Inaccurate,6,19265.22,No,No,1.0,4.0,0.0,1,1,0,3.4,2,2.8,8.7,No,3.3,4.6,3.3,4.3,3.8,25,9.9,5.55,0.121,Yes,No,0,At Risk,Yes,No,Yes,No,Not Churned,,27.6
CUST11864,47,Female,Abia,Regular,Google,2026-02-17,6,10,0,395746.84,0.0,40174.04,18,Trousers,2,4,Product Not as Described,High,Closed,4,3,No,5.0,1,0.1,Defective,2,26978.92,No,No,3.2,3.0,0.2,1,0,0,4.4,4,7.4,13.3,No,2.9,4.6,2.9,3.8,3.9,21,8.6,5.21,0.168,No,No,0,Retained,Yes,No,No,No,Not Churned,,3.8
CUST11865,35,Male,Cross River,Regular,Facebook,2023-08-07,37,16,4,1685107.95,434195.91,109282.15,292,Dresses,5,0,No Complaint,None,No Complaint,0,0,No,,2,0.125,Late Delivery,9,78965.08,No,No,4.3,3.4,0.9,1,0,0,4.3,0,4.1,19.0,Yes,3.8,3.9,3.8,4.1,2.9,47,9.4,3.49,0.21,No,No,0,Churned,No,Yes,No,No,Poor Product Quality,1779580800000000000,41.9
CUST11866,63,Female,Oyo,Regular,Website,2025-06-24,14,10,0,320793.16,0.0,31244.93,179,Electronics,3,3,Poor Product Quality,Low,Resolved,2,1,No,5.0,0,0.0,No Return,0,0.0,No,No,3.0,3.1,0.0,0,0,0,4.2,3,16.3,30.1,Yes,4.2,4.3,4.2,4.7,5.0,31,8.6,7.65,0.372,Yes,No,0,At Risk,Yes,No,Yes,No,Not Churned,,40.7
CUST11867,64,Female,Delta,High Value,Instagram,2026-02-20,6,8,2,210714.91,41577.85,22989.68,142,Tops,3,1,Damaged Product,Medium,Closed,3,3,No,4.8,0,0.0,No Return,0,0.0,No,No,7.3,5.0,2.3,4,0,0,3.3,2,7.2,12.4,No,4.4,5.0,4.4,4.8,4.7,35,10.0,6.1,0.106,No,No,0,At Risk,Yes,No,Yes,No,Not Churned,,24.5
CUST11868,48,Male,Cross River,Loyal,Facebook,2023-09-01,36,8,1,266180.2,29547.78,30080.52,23,Beauty,2,1,Login Problem,High,Closed,6,1,No,3.4,0,0.0,No Return,0,0.0,No,No,6.2,4.9,1.3,1,0,0,4.6,1,3.6,6.0,No,3.9,5.0,3.9,4.6,4.9,20,8.7,2.45,0.214,No,Yes,7,Retained,Yes,No,No,No,Not Churned,,4.3
CUST11869,55,Female,Kano,Loyal,Referral,2025-06-04,15,9,4,303276.19,131758.89,30662.25,14,Tops,3,2,Failed Payment,Low,Resolved,8,0,No,3.4,1,0.111,Changed Mind,4,23094.8,No,No,4.6,3.7,0.9,0,0,0,4.0,4,13.6,15.6,No,3.9,4.8,3.9,4.1,3.2,25,9.1,3.03,0.108,No,No,0,Retained,Yes,No,No,No,Not Churned,,3.8
CUST11870,49,Female,Kaduna,New Customer,Facebook,2024-08-09,25,15,4,325751.17,82129.9,23297.51,85,Beauty,3,2,Website Error,High,Resolved,4,1,No,5.0,3,0.2,Damaged,3,53985.74,Yes,Yes,4.6,3.8,0.8,1,0,0,4.6,2,7.1,22.4,No,4.4,3.0,4.4,4.3,3.8,19,7.2,2.7,0.282,No,No,0,Dormant,Yes,No,No,Yes,Not Churned,,29.4
CUST11871,28,Female,Edo,Loyal,Facebook,2024-06-01,27,12,2,313027.51,47717.21,23255.55,55,Beauty,2,3,Refund Delayed,Medium,Pending,3,2,No,4.8,0,0.0,No Return,0,0.0,No,No,3.1,3.7,0.0,0,0,1,4.8,3,1.7,6.4,No,3.4,4.7,3.4,4.6,4.2,24,8.4,2.48,0.384,No,No,0,Retained,Yes,No,No,No,Not Churned,,15.5
CUST11872,62,Female,Imo,New Customer,Referral,2025-11-10,9,11,1,241107.57,18691.44,21278.28,13,Dresses,3,1,Refund Delayed,Medium,Resolved,3,0,No,5.0,0,0.0,No Return,0,0.0,No,No,3.0,3.1,0.0,0,0,1,4.1,1,1.2,3.9,No,2.6,4.2,2.6,3.2,2.4,4,6.6,4.78,0.165,No,No,0,Churned,No,Yes,No,No,Poor Product Quality,1770940800000000000,43.3
CUST11873,42,Male,Imo,New Customer,Instagram,2023-07-09,38,13,3,357106.34,68302.1,24362.15,16,Shoes,5,2,Failed Payment,Low,Resolved,3,4,Yes,4.8,0,0.0,No Return,0,0.0,No,No,8.3,4.9,3.4,5,0,1,1.8,2,12.4,16.8,No,5.0,4.6,5.0,3.7,3.8,28,4.8,2.3,0.502,Yes,No,0,Churned,No,Yes,No,No,Lack of Product Availability,1770163200000000000,21.4
CUST11874,50,Male,Kaduna,Regular,Instagram,2025-07-03,14,5,2,175024.04,67688.86,33149.69,58,Accessories,4,1,Rude Staff,Medium,Closed,5,3,No,4.1,1,0.2,Not as Expected,1,21750.68,Yes,Yes,4.9,5.0,0.0,0,0,1,5.0,1,2.1,6.6,No,4.6,3.7,4.6,4.1,3.7,42,6.3,11.87,0.111,No,Yes,5,Retained,Yes,No,No,No,Not Churned,,33.7
CUST11875,55,Female,Kano,Regular,Google,2024-09-06,24,13,0,439825.22,0.0,30611.6,100,Shoes,2,1,Duplicate Charge,High,Resolved,7,1,No,4.0,1,0.077,Not as Expected,3,28692.64,No,No,3.1,4.3,0.0,0,0,0,4.5,1,3.0,7.3,No,4.4,3.3,4.4,3.7,3.9,6,9.2,6.93,0.132,Yes,No,0,Dormant,Yes,No,No,Yes,Not Churned,,18.3
CUST11876,58,Male,Lagos,Regular,TikTok,2025-05-05,16,10,2,510600.1,112597.6,55218.4,128,Dresses,4,2,Website Error,Medium,Resolved,1,2,No,3.7,2,0.2,Duplicate Order,12,97957.5,No,No,7.2,4.7,2.5,6,2,1,2.6,2,9.3,14.2,No,5.0,3.6,5.0,4.5,3.9,30,9.0,7.6,0.205,Yes,No,0,Churned,No,Yes,No,No,Too Many Delivery Problems,1787961600000000000,65.7
CUST11877,25,Female,Imo,New Customer,Referral,2024-04-10,29,6,4,76969.11,52274.95,11980.44,45,Electronics,5,2,Return Difficulty,Medium,Resolved,1,3,No,5.0,0,0.0,No Return,0,0.0,No,No,6.2,4.5,1.7,0,0,0,3.7,2,20.0,27.2,No,4.4,5.0,4.4,3.4,3.3,41,7.1,3.52,0.152,No,No,0,Retained,Yes,No,No,No,Not Churned,,7.1
CUST11878,28,Female,Edo,Regular,Google,2023-04-09,41,12,4,335340.69,128609.16,29432.64,79,Tops,3,1,Website Error,Medium,Closed,2,2,No,4.7,2,0.167,Wrong Item,3,30027.61,Yes,Yes,2.9,2.8,0.1,0,0,0,4.2,2,2.9,3.5,No,3.7,2.8,3.7,3.4,2.4,12,5.8,5.77,0.337,No,Yes,3,Dormant,Yes,No,No,Yes,Not Churned,,11.8
CUST11879,39,Male,Imo,New Customer,Referral,2025-04-09,17,13,3,292267.38,78603.31,24289.13,76,Bags,3,2,Damaged Product,High,Resolved,3,3,No,3.3,1,0.077,Wrong Item,7,13672.64,Yes,Yes,3.1,4.2,0.0,0,0,0,3.8,2,4.2,6.4,No,5.0,4.5,5.0,4.6,4.4,41,10.0,3.53,0.173,No,No,0,Dormant,Yes,No,No,Yes,Not Churned,,25.6
CUST11880,41,Female,Kano,High Value,Google,2025-09-23,11,5,1,92492.17,17403.38,17873.31,64,Dresses,3,3,Wrong Product,Low,Resolved,5,1,No,3.7,1,0.2,Damaged,8,11714.45,Yes,Yes,5.8,3.5,2.3,1,0,0,4.0,3,5.2,19.5,No,2.7,4.3,2.7,3.9,4.7,36,7.7,3.14,0.451,No,No,0,Retained,Yes,No,No,No,Not Churned,,26.4
CUST11881,58,Female,Enugu,Regular,Website,2026-01-11,7,8,3,179784.66,60470.06,21551.95,77,Trousers,4,2,Website Error,Low,Resolved,4,3,No,4.2,0,0.0,No Return,0,0.0,No,No,3.0,3.2,0.0,0,0,0,5.0,2,4.2,12.8,No,3.2,4.0,3.2,4.1,3.3,44,8.7,3.25,0.193,No,No,0,Dormant,Yes,No,No,Yes,Not Churned,,9.6
CUST11882,34,Female,Oyo,Loyal,Instagram,2023-02-25,42,6,0,80823.77,0.0,13304.76,31,Beauty,1,3,Order Cancellation,Medium,Resolved,4,2,No,4.6,2,0.333,Wrong Item,8,17318.39,Yes,Yes,5.8,4.5,1.3,3,0,0,3.0,3,7.9,11.3,No,3.9,3.5,3.9,3.5,3.1,16,5.6,2.89,0.174,No,No,0,Churned,No,Yes,No,No,Refund Problems,1776297600000000000,44.7
CUST11883,29,Female,Enugu,Regular,TikTok,2025-11-11,9,10,2,268043.73,58938.62,29649.51,83,Trousers,4,1,Poor Product Quality,Medium,Resolved,3,3,No,5.0,2,0.2,Wrong Item,8,48629.11,No,No,6.9,5.2,1.7,3,0,0,3.3,1,3.4,4.2,No,4.5,4.0,4.5,3.5,3.2,-19,9.2,11.62,0.332,Yes,Yes,5,Dormant,Yes,No,No,Yes,Not Churned,,11.6
CUST11884,63,Female,Imo,New Customer,Website,2024-08-02,25,11,1,333384.77,30862.31,32034.96,88,Electronics,1,4,Late Delivery,Low,Resolved,4,2,No,4.8,0,0.0,No Return,0,0.0,No,No,5.7,5.5,0.2,0,0,0,4.7,4,25.2,29.3,No,3.5,4.2,3.5,3.8,4.1,-3,8.4,4.16,0.226,No,No,0,Dormant,Yes,No,No,Yes,Not Churned,,15.1
CUST11885,49,Male,Delta,High Value,Website,2023-07-04,38,7,2,107777.45,35853.94,16317.55,45,Shoes,4,1,Stock Availability,Medium,Resolved,1,2,No,3.8,4,0.571,Wrong Size,4,31810.73,No,No,5.8,4.2,1.6,0,1,1,3.3,2,10.3,12.5,No,4.1,3.0,4.1,3.6,2.7,21,8.0,5.64,0.282,No,No,0,Retained,Yes,No,No,No,Not Churned,,8.5
CUST11886,32,Female,Abuja,Regular,Facebook,2024-06-05,27,10,4,299814.83,122312.05,31078.57,70,Shoes,5,2,Wrong Product,Low,Pending,1,2,No,4.7,1,0.1,Damaged,4,18740.22,No,No,4.4,4.5,0.0,0,0,0,5.0,2,13.1,16.8,No,3.7,4.3,3.7,4.6,4.3,50,10.0,8.35,0.255,No,No,0,Retained,Yes,No,No,No,Not Churned,,10.1
CUST11887,33,Female,Kano,Regular,Facebook,2023-09-21,35,6,4,209048.6,123786.13,33195.67,68,Tops,4,3,Repeated Issue,Critical,Resolved,5,0,No,4.4,1,0.167,Late Delivery,2,19836.94,No,No,3.9,4.5,0.0,0,0,0,4.9,3,10.5,14.4,No,3.4,3.4,3.4,4.0,4.1,8,7.1,4.32,0.343,No,Yes,1,Retained,Yes,No,No,No,Not Churned,,9.8
CUST11888,39,Female,Rivers,Loyal,TikTok,2025-11-27,9,9,3,184598.71,62194.49,20546.79,31,Bags,4,5,Exchange Difficulty,High,Resolved,4,2,No,4.3,1,0.111,Product Description Inaccurate,10,19424.7,No,No,2.7,4.6,0.0,0,0,0,4.9,5,5.3,5.5,No,3.5,4.9,3.5,4.6,3.8,49,10.0,3.3,0.381,No,Yes,2,At Risk,Yes,No,Yes,No,Not Churned,,20.1
CUST11889,45,Male,Plateau,New Customer,Instagram,2025-09-29,11,12,2,458084.47,57583.71,33442.76,67,Trousers,2,0,No Complaint,None,No Complaint,0,0,No,,0,0.0,No Return,0,0.0,No,No,4.9,3.2,1.7,1,0,0,3.9,0,8.4,37.6,Yes,2.6,4.7,2.6,4.4,4.2,1,8.5,1.5,0.189,No,No,0,Retained,Yes,No,No,No,Not Churned,,11.2
CUST11890,37,Male,Rivers,Loyal,Website,2023-05-03,40,8,2,232051.43,57581.09,32802.39,95,Dresses,3,0,No Complaint,None,No Complaint,0,0,No,,1,0.125,Wrong Color,2,12970.88,Yes,Yes,2.7,3.0,0.0,0,1,0,4.4,2,5.6,11.7,Yes,3.9,3.7,3.9,3.8,4.1,-4,7.8,5.0,0.21,No,No,0,Dormant,Yes,No,No,Yes,Not Churned,,14.1
CUST11891,50,Male,Abia,Regular,TikTok,2026-03-25,5,13,3,355981.09,88945.42,29183.99,26,Electronics,3,2,Exchange Difficulty,High,Escalated,2,1,Yes,5.0,0,0.0,No Return,0,0.0,No,No,4.2,3.7,0.5,0,0,0,4.4,2,4.3,21.3,Yes,3.1,4.3,3.1,4.0,4.6,6,10.0,9.86,0.131,No,No,0,Retained,Yes,No,No,No,Not Churned,,3.3
CUST11892,27,Male,Anambra,Regular,TikTok,2023-10-28,34,17,0,820180.75,0.0,46622.53,53,Beauty,3,0,No Complaint,None,No Complaint,0,0,No,,0,0.0,No Return,0,0.0,No,No,4.6,3.9,0.7,0,0,1,4.5,2,1.0,6.4,Yes,4.6,4.3,4.6,4.7,4.7,77,8.8,4.63,0.416,No,Yes,6,Retained,Yes,No,No,No,Not Churned,,7.1
CUST11893,57,Male,Kaduna,New Customer,Instagram,2025-04-12,16,13,1,767708.28,54902.21,52848.88,57,Trousers,1,1,Issue Not Resolved,Critical,Closed,3,0,No,5.0,0,0.0,No Return,0,0.0,No,No,5.4,4.8,0.6,0,0,0,4.2,1,4.5,8.1,No,4.8,5.0,4.8,4.8,5.0,56,8.4,1.0,0.076,Yes,No,0,Retained,Yes,No,No,No,Not Churned,,8.0
CUST11894,49,Female,Abia,New Customer,TikTok,2025-12-26,8,13,3,624244.1,140220.16,54004.96,22,Beauty,5,1,Poor Product Quality,Medium,Resolved,8,0,No,4.5,1,0.077,Poor Quality,8,29291.1,No,No,4.1,4.4,0.0,0,0,0,4.9,1,4.5,8.0,No,2.8,3.0,2.8,3.5,2.7,21,6.5,2.78,0.056,No,No,0,Retained,Yes,No,No,No,Not Churned,,4.2
CUST11895,50,Female,Kaduna,Loyal,TikTok,2024-10-06,23,9,1,212843.84,21110.06,21142.36,69,Bags,1,1,Poor Customer Service,High,Pending,2,0,No,4.5,0,0.0,No Return,0,0.0,No,No,3.9,4.2,0.0,0,0,0,3.6,1,8.4,18.8,Yes,3.5,4.9,3.5,4.3,4.3,34,8.7,9.18,0.559,No,No,0,Retained,Yes,No,No,No,Not Churned,,19.4
CUST11896,19,Male,Plateau,Loyal,Website,2025-05-23,15,9,3,267499.18,89399.33,29226.34,51,Tops,2,2,Return Difficulty,Low,Resolved,6,3,No,3.3,0,0.0,No Return,0,0.0,No,No,4.4,4.0,0.4,1,1,0,4.5,2,4.1,6.0,No,4.4,3.9,4.4,4.5,3.9,36,8.9,3.63,0.235,No,No,0,Retained,Yes,No,No,No,Not Churned,,6.4
CUST11897,50,Other,Ogun,Regular,Instagram,2024-01-29,31,17,1,230343.31,12964.21,12407.15,72,Trousers,2,3,App Crash,Medium,Escalated,8,1,Yes,3.4,3,0.176,Damaged,4,15066.19,No,No,1.0,3.2,0.0,0,1,0,4.2,3,7.8,16.4,No,3.5,4.0,3.5,4.0,3.4,20,9.1,3.37,0.131,No,No,0,Churned,No,Yes,No,No,Inactive,1773100800000000000,13.0
CUST11898,50,Male,Kaduna,New Customer,Instagram,2024-10-22,22,4,4,202030.15,190523.06,44455.54,22,Bags,4,1,Wrong Product,Critical,Resolved,8,0,No,4.7,1,0.25,Defective,7,25651.06,No,No,1.0,3.6,0.0,0,0,0,4.4,1,13.1,14.1,No,5.0,4.2,5.0,4.2,3.9,11,8.6,1.61,0.194,No,Yes,6,Retained,Yes,No,No,No,Not Churned,,3.0
CUST11899,58,Female,Enugu,Loyal,Google,2026-02-28,6,14,1,631598.66,44628.49,48087.99,11,Tops,2,0,No Complaint,None,No Complaint,0,0,No,,1,0.071,Poor Quality,1,37594.17,No,No,4.1,2.8,1.3,1,0,0,4.3,1,5.5,16.6,Yes,5.0,4.1,5.0,4.6,4.3,43,8.4,4.24,0.135,No,Yes,1,Retained,Yes,No,No,No,Not Churned,,1.6
CUST11900,30,Female,Oyo,Regular,Instagram,2023-03-10,42,9,1,509754.13,56151.63,54527.2,44,Tops,2,1,Wrong Product,Low,Resolved,7,2,No,4.5,2,0.222,Wrong Color,2,76098.57,Yes,No,5.2,2.7,2.5,1,0,1,3.2,2,4.3,9.2,No,4.6,4.2,4.6,4.4,4.6,9,9.6,3.01,0.461,Yes,Yes,1,Retained,Yes,No,No,No,Not Churned,,9.7
CUST11901,47,Female,Kano,Regular,Referral,2025-01-31,19,10,2,874134.83,136002.71,78146.09,3,Trousers,5,3,Return Difficulty,Medium,Resolved,12,1,No,4.5,1,0.1,Wrong Color,4,28058.96,No,No,3.6,2.5,1.1,1,1,0,4.2,3,3.7,12.0,No,3.2,3.3,3.2,3.9,3.7,19,8.0,8.1,0.506,No,No,0,Churned,No,Yes,No,No,Lack of Product Availability,1774051200000000000,15.8
CUST11902,50,Male,Lagos,Regular,Website,2023-11-16,34,9,2,532423.93,112919.3,53392.33,28,Electronics,2,2,Late Delivery,Medium,Resolved,1,0,No,5.0,0,0.0,No Return,0,0.0,No,No,5.3,2.8,2.5,1,1,0,2.5,2,7.6,8.1,Yes,3.4,3.3,3.4,2.4,1.7,-5,3.8,4.44,0.355,Yes,No,0,At Risk,Yes,No,Yes,No,Not Churned,,37.1
CUST11903,30,Female,Anambra,Regular,Google,2023-06-26,38,8,3,338047.78,133213.61,41400.62,93,Dresses,4,2,Wrong Product,Medium,Closed,3,1,No,4.9,3,0.375,Late Delivery,4,73272.02,No,No,5.6,4.3,1.3,3,0,0,3.6,2,5.2,16.8,No,3.7,3.5,3.7,3.8,3.4,21,8.2,12.97,0.03,Yes,No,0,Dormant,Yes,No,No,Yes,Not Churned,,18.6
CUST11904,43,Female,Delta,Loyal,Website,2024-08-06,25,5,1,190747.83,34819.31,33571.64,87,Dresses,3,3,Product Not as Described,Low,Resolved,5,1,No,4.3,1,0.2,Duplicate Order,5,25903.31,Yes,Yes,6.3,5.4,0.9,0,0,0,3.6,3,2.8,5.2,No,4.6,4.5,4.6,4.5,3.7,62,9.0,7.57,0.559,No,Yes,1,Dormant,Yes,No,No,Yes,Not Churned,,11.0
CUST11905,39,Male,Edo,High Value,Instagram,2026-03-29,5,6,6,716543.45,615579.6,111477.77,31,Electronics,1,3,Exchange Difficulty,Medium,Resolved,7,1,No,3.3,0,0.0,No Return,0,0.0,No,No,1.1,2.6,0.0,0,0,1,3.7,3,6.0,8.9,No,3.2,4.1,3.2,3.6,3.3,-21,5.9,2.32,0.129,No,No,0,Retained,Yes,No,No,No,Not Churned,,14.7
CUST11906,56,Female,Delta,New Customer,Instagram,2024-08-04,25,5,3,185462.86,94292.11,36311.48,111,Beauty,1,3,Wrong Product,Low,Resolved,5,1,No,4.7,1,0.2,Late Delivery,7,23091.68,Yes,Yes,5.5,4.8,0.7,0,0,0,4.3,3,6.7,13.1,No,3.5,3.3,3.5,4.1,3.7,5,7.9,3.42,0.313,No,No,0,Dormant,Yes,No,No,Yes,Not Churned,,57.5
CUST11907,19,Male,Kano,Regular,Instagram,2026-03-04,6,6,1,546909.2,97234.3,101773.24,140,Shoes,1,0,No Complaint,None,No Complaint,0,0,No,,0,0.0,No Return,0,0.0,No,No,3.7,4.5,0.0,1,0,0,3.6,2,12.6,14.6,Yes,4.3,3.9,4.3,3.6,3.5,20,6.6,5.63,0.312,No,No,0,At Risk,Yes,No,Yes,No,Not Churned,,17.7
CUST11908,55,Female,Abuja,Regular,Google,2023-04-21,40,4,4,93345.53,84679.4,23069.41,35,Trousers,4,2,Product Not as Described,Low,Resolved,5,3,No,3.7,1,0.25,Defective,8,16513.65,No,No,3.5,5.1,0.0,0,0,0,3.6,3,2.2,6.4,No,3.0,3.8,3.0,3.5,2.9,9,6.8,2.46,0.257,No,No,0,Retained,Yes,No,No,No,Not Churned,,15.7
CUST11909,56,Female,Kaduna,Regular,Website,2025-09-25,11,9,2,246482.99,54147.66,27554.72,14,Tops,5,2,Website Error,Medium,Resolved,3,3,No,4.1,1,0.111,Wrong Item,1,22811.13,No,No,6.5,5.3,1.2,0,0,0,3.5,4,7.0,9.0,No,4.2,3.1,4.2,3.4,3.4,5,7.1,8.17,0.17,No,No,0,Retained,Yes,No,No,No,Not Churned,,4.4
CUST11910,43,Female,Ogun,Regular,Instagram,2025-01-27,19,8,3,354831.08,131132.55,46085.87,57,Beauty,4,0,No Complaint,None,No Complaint,0,0,No,,0,0.0,No Return,0,0.0,No,No,5.5,4.9,0.6,0,0,0,4.1,1,4.2,13.8,Yes,4.2,4.1,4.2,4.1,3.4,57,8.2,10.03,0.172,No,No,0,Retained,Yes,No,No,No,Not Churned,,7.2
CUST11911,63,Male,Edo,Loyal,Referral,2023-10-10,35,9,4,77228.83,26743.15,7563.13,178,Trousers,1,3,Poor Customer Service,Medium,Resolved,7,0,No,4.6,1,0.111,Not as Expected,4,3389.92,No,No,5.6,4.9,0.7,0,0,0,4.5,3,5.9,7.9,No,3.3,3.9,3.3,3.8,3.7,5,6.5,2.33,0.501,No,Yes,3,At Risk,Yes,No,Yes,No,Not Churned,,22.2
CUST11912,32,Female,Cross River,Regular,Google,2023-07-13,38,3,2,96689.85,60422.78,28523.62,67,Shoes,4,2,Discount Not Applied,Low,Escalated,2,0,Yes,5.0,3,1.0,Product Description Inaccurate,3,42314.33,No,No,2.7,2.8,0.0,0,0,0,4.5,2,0.8,4.6,Yes,3.5,3.5,3.5,3.9,3.1,18,9.6,16.57,0.197,No,No,0,Retained,Yes,No,No,No,Not Churned,,9.6
CUST11913,51,Female,Enugu,Regular,Website,2025-08-24,12,13,4,717877.47,242517.44,56866.68,314,Electronics,4,3,Delivery Fee,High,Resolved,9,4,Yes,3.5,2,0.154,Not as Expected,5,68789.83,Yes,Yes,6.2,3.6,2.6,4,1,0,3.5,3,0.5,9.0,No,3.0,3.7,3.0,3.6,3.3,3,6.9,1.41,0.159,No,No,0,Churned,No,Yes,No,No,Relocated,1769817600000000000,70.0
CUST11914,59,Male,Cross River,Regular,Instagram,2025-12-06,8,11,1,292528.8,28076.41,26656.01,112,Beauty,4,2,Poor Customer Service,High,Resolved,2,1,No,3.8,1,0.091,Poor Quality,5,15391.82,Yes,Yes,5.6,4.3,1.3,1,0,0,3.5,2,2.9,5.1,Yes,4.9,4.3,4.9,4.5,4.3,22,9.7,3.09,0.545,No,No,0,Dormant,Yes,No,No,Yes,Not Churned,,14.4
CUST11915,61,Female,Kano,Regular,Facebook,2025-09-04,12,8,0,277181.47,0.0,31992.58,22,Tops,3,3,Order Cancellation,Low,Resolved,1,2,No,3.9,0,0.0,No Return,0,0.0,No,No,1.9,2.6,0.0,0,0,0,3.8,3,14.5,20.1,No,3.6,4.1,3.6,3.4,2.9,16,8.4,0.82,0.008,No,No,0,Retained,Yes,No,No,No,Not Churned,,4.9
CUST11916,57,Male,Abia,New Customer,Instagram,2023-12-08,33,12,4,198924.35,57410.24,14995.52,55,Electronics,4,2,Issue Not Resolved,Medium,Closed,5,0,No,3.3,0,0.0,No Return,0,0.0,No,No,4.1,3.9,0.2,3,0,2,3.7,2,4.8,14.1,No,3.8,3.8,3.8,3.7,3.7,31,7.4,2.9,0.536,No,Yes,2,Retained,Yes,No,No,No,Not Churned,,7.0
CUST11917,28,Male,Abuja,Loyal,Google,2024-06-05,27,9,7,215463.08,164477.54,26316.13,73,Shoes,5,1,Discount Not Applied,Medium,Closed,7,3,No,4.6,2,0.222,Wrong Color,11,34881.11,Yes,Yes,1.0,2.5,0.0,0,0,0,4.4,2,4.6,8.2,No,4.5,3.7,4.5,4.1,3.4,18,7.9,13.37,0.206,No,No,0,Retained,Yes,No,No,No,Not Churned,,26.9
CUST11918,20,Female,Enugu,Regular,Facebook,2025-03-11,17,9,2,196441.82,43816.99,21557.09,15,Electronics,3,2,Poor Product Quality,High,Resolved,10,1,No,4.6,1,0.111,Product Description Inaccurate,11,19315.71,No,No,3.3,4.7,0.0,0,0,0,3.8,2,5.6,10.0,No,4.0,3.5,4.0,3.9,2.9,3,7.9,2.92,0.267,Yes,No,0,Churned,No,Yes,No,No,Competitor,1780876800000000000,54.5
CUST11919,23,Male,Abuja,Loyal,Website,2025-06-21,14,9,5,465800.7,241401.48,45926.78,35,Bags,4,3,Unexpected Charge,Medium,Closed,10,1,No,3.6,0,0.0,No Return,0,0.0,No,No,2.9,3.3,0.0,0,0,0,2.8,3,7.9,13.0,No,3.6,4.0,3.6,3.3,2.5,-3,6.9,7.1,0.579,No,No,0,Retained,Yes,No,No,No,Not Churned,,11.8
CUST11920,26,Female,Kaduna,Regular,Referral,2023-05-11,40,10,2,499627.51,93883.9,47159.64,164,Dresses,2,1,Failed Payment,Medium,Closed,2,0,No,4.4,2,0.2,Wrong Item,3,36121.63,No,No,5.4,4.8,0.6,2,0,0,2.8,3,7.8,12.9,Yes,4.3,4.1,4.3,3.5,3.8,-4,8.0,9.93,0.224,Yes,No,0,Churned,No,Yes,No,No,Relocated,1783036800000000000,74.0
CUST11921,23,Female,Imo,Regular,Referral,2025-03-24,17,13,2,291515.24,43097.83,21843.2,91,Electronics,1,3,Stock Availability,Medium,Resolved,2,4,Yes,4.6,1,0.077,Damaged,11,11750.25,No,No,4.3,3.9,0.4,0,1,1,3.8,3,8.9,11.2,No,3.0,4.3,3.0,3.4,3.0,16,8.7,10.5,0.174,No,No,0,Churned,No,Yes,No,No,Too Many Delivery Problems,1784073600000000000,58.8
CUST11922,26,Female,Enugu,Regular,Referral,2023-03-02,42,11,1,239909.85,20893.47,20309.67,9,Dresses,3,1,Poor Product Quality,Medium,Resolved,2,2,No,3.8,1,0.091,Not as Expected,7,15835.73,No,No,3.0,2.8,0.2,0,0,1,4.5,1,11.4,21.4,No,4.4,4.3,4.4,3.9,3.9,16,7.5,1.89,0.377,No,No,0,Retained,Yes,No,No,No,Not Churned,,1.6
CUST11923,56,Male,Oyo,Regular,Instagram,2023-06-13,39,11,4,788345.0,237872.56,67701.34,120,Electronics,2,3,Poor Customer Service,Low,Resolved,2,3,No,3.8,1,0.091,Duplicate Order,4,39202.48,Yes,No,1.0,5.3,0.0,0,0,0,3.7,3,8.2,8.6,No,3.3,3.6,3.3,3.5,3.7,11,3.9,7.46,0.26,Yes,No,0,Dormant,Yes,No,No,Yes,Not Churned,,39.1
CUST11924,48,Female,Cross River,New Customer,Google,2023-09-29,35,6,2,115670.46,30994.62,16994.26,56,Accessories,1,1,Website Error,High,Resolved,5,3,No,4.4,1,0.167,Damaged,2,7927.24,Yes,Yes,3.1,4.6,0.0,0,0,0,4.3,1,1.0,5.0,No,4.7,4.6,4.7,4.3,3.6,20,9.8,5.47,0.267,No,No,0,Retained,Yes,No,No,No,Not Churned,,19.2
CUST11925,49,Male,Rivers,Regular,Email,2023-05-13,40,14,6,734100.72,259314.03,46551.15,87,Shoes,5,1,Damaged Product,Low,Resolved,3,0,No,5.0,2,0.143,Wrong Size,8,54226.35,No,No,4.2,4.7,0.0,0,0,1,5.0,2,11.8,19.1,No,4.1,4.1,4.1,4.8,4.2,32,8.1,4.28,0.253,Yes,No,0,Dormant,Yes,No,No,Yes,Not Churned,,11.8
CUST11926,58,Female,Delta,Loyal,Website,2025-09-24,11,11,6,354102.09,192310.74,32601.9,97,Trousers,2,0,No Complaint,None,No Complaint,0,0,No,,1,0.091,Defective,2,25494.29,Yes,Yes,4.4,3.2,1.2,1,0,1,4.1,1,1.4,5.2,Yes,4.3,4.0,4.3,4.0,4.2,-4,10.0,2.23,0.301,No,No,0,Dormant,Yes,No,No,Yes,Not Churned,,12.4
CUST11927,29,Female,Oyo,Loyal,Website,2023-02-07,43,15,1,728253.49,59769.95,54633.99,78,Shoes,5,1,Product Not as Described,Low,Resolved,2,0,No,3.7,2,0.133,Product Description Inaccurate,11,44379.96,Yes,No,2.7,2.9,0.0,0,0,0,4.3,2,2.0,4.1,Yes,4.2,4.0,4.2,3.8,3.7,18,8.9,5.58,0.507,Yes,No,0,Churned,No,Yes,No,No,Too Many Delivery Problems,1784592000000000000,48.6
CUST11928,25,Female,Edo,Regular,Website,2024-09-08,24,12,3,410270.49,112713.14,35253.05,35,Tops,5,1,Damaged Product,Medium,Closed,4,0,No,4.6,0,0.0,No Return,0,0.0,No,No,5.8,5.4,0.4,0,0,1,4.1,5,4.4,8.6,No,3.5,4.0,3.5,3.2,3.4,22,5.0,9.63,0.239,No,No,0,Retained,Yes,No,No,No,Not Churned,,4.3
CUST11929,25,Female,Anambra,Regular,Instagram,2024-04-18,28,8,1,185588.28,22627.27,24817.1,51,Shoes,2,5,Issue Not Resolved,Low,Resolved,6,0,No,4.3,2,0.25,Late Delivery,2,21411.44,No,No,3.3,3.5,0.0,0,0,1,4.2,5,7.0,11.1,No,3.5,4.3,3.5,4.4,3.5,0,8.3,3.98,0.339,Yes,No,0,At Risk,Yes,No,Yes,No,Not Churned,,29.3
CUST11930,45,Male,Imo,Regular,Facebook,2023-02-28,42,13,3,217749.63,49850.73,18295.6,62,Trousers,2,2,Product Not as Described,Medium,Closed,3,3,No,4.0,1,0.077,Wrong Item,1,17160.25,Yes,Yes,5.6,3.2,2.4,3,0,0,3.4,2,1.6,4.9,No,4.7,4.0,4.7,4.2,4.0,2,8.9,9.54,0.199,No,No,0,Retained,Yes,No,No,No,Not Churned,,17.8
CUST11931,37,Female,Rivers,Regular,Instagram,2024-08-11,25,12,1,248803.98,17755.62,18516.42,34,Dresses,3,0,No Complaint,None,No Complaint,0,0,No,,1,0.083,Damaged,12,11415.85,No,No,5.8,5.1,0.7,1,0,0,3.3,1,4.6,12.8,Yes,3.6,3.9,3.6,3.8,3.3,23,9.7,1.9,0.168,No,No,0,Retained,Yes,No,No,No,Not Churned,,43.8
CUST11932,64,Male,Oyo,New Customer,Google,2024-05-13,28,10,2,187164.56,38200.67,17464.57,60,Tops,5,0,No Complaint,None,No Complaint,0,0,No,,0,0.0,No Return,0,0.0,No,No,3.8,3.9,0.0,0,1,0,3.9,1,1.1,2.3,Yes,4.7,3.7,4.7,4.4,4.9,15,8.7,4.91,0.265,No,Yes,2,Retained,Yes,No,No,No,Not Churned,,28.1
CUST11933,24,Male,Kano,Loyal,Instagram,2024-07-20,25,8,4,215497.18,107665.82,30307.45,43,Trousers,2,3,Price Increase,Medium,Closed,3,2,No,3.4,1,0.125,Defective,3,21249.77,No,No,6.8,4.5,2.3,1,0,0,3.4,3,10.5,13.8,No,4.6,3.5,4.6,4.1,4.4,41,7.5,15.79,0.657,Yes,No,0,Retained,Yes,No,No,No,Not Churned,,9.6
CUST11934,28,Male,Abuja,Regular,Google,2024-07-20,25,6,6,319828.87,308746.51,47242.07,30,Beauty,5,0,No Complaint,None,No Complaint,0,0,No,,2,0.333,Product Description Inaccurate,4,41255.02,No,No,2.8,3.3,0.0,0,0,0,4.4,3,6.3,11.8,Yes,5.0,3.1,5.0,4.2,4.3,3,8.1,2.9,0.069,No,No,0,Retained,Yes,No,No,No,Not Churned,,3.8
CUST11935,37,Female,Edo,Regular,TikTok,2026-02-26,6,10,2,231570.11,36991.66,20605.76,77,Accessories,4,2,Poor Product Quality,Low,Resolved,3,2,No,4.7,1,0.1,Wrong Color,12,11324.43,Yes,No,5.3,5.4,0.0,0,0,0,4.5,2,4.7,6.2,No,4.1,4.2,4.1,3.7,3.4,36,4.8,1.17,0.121,No,No,0,Dormant,Yes,No,No,Yes,Not Churned,,32.0
CUST11936,33,Female,Abia,Regular,Website,2025-06-22,14,12,0,265520.88,0.0,19472.02,166,Dresses,4,1,Stock Availability,Low,Resolved,4,2,No,4.6,0,0.0,No Return,0,0.0,No,No,2.1,3.9,0.0,0,0,0,4.0,1,7.8,11.3,No,3.9,4.6,3.9,3.4,2.9,20,8.3,5.95,0.506,No,No,0,At Risk,Yes,No,Yes,No,Not Churned,,23.8
CUST11937,21,Male,Kano,New Customer,TikTok,2024-01-18,31,7,2,269540.9,73768.55,34876.38,49,Accessories,4,2,Issue Not Resolved,Medium,Resolved,9,2,No,4.2,1,0.143,Duplicate Order,2,13651.88,No,No,5.1,3.8,1.3,0,0,0,4.2,3,3.8,13.7,No,4.9,4.8,4.9,4.5,3.9,53,10.0,1.24,0.064,No,Yes,3,Churned,No,Yes,No,No,Competitor,1785542400000000000,6.4
CUST11938,23,Female,Rivers,Loyal,Website,2023-03-26,41,5,2,281116.25,133566.42,62380.39,43,Bags,5,1,Late Delivery,High,Resolved,1,1,No,4.8,0,0.0,No Return,0,0.0,No,No,3.0,2.7,0.3,0,0,0,4.5,1,2.0,3.0,Yes,3.7,4.5,3.7,4.6,4.9,67,9.0,0.08,0.446,No,No,0,Retained,Yes,No,No,No,Not Churned,,6.4
CUST11939,39,Female,Ogun,New Customer,Instagram,2024-09-18,23,11,4,534589.72,198993.25,46366.31,93,Tops,5,1,Repeated Issue,Medium,Closed,2,2,No,4.7,0,0.0,No Return,0,0.0,No,No,5.7,4.6,1.1,0,0,1,4.1,2,2.7,5.4,No,4.1,3.5,4.1,3.4,3.5,23,8.7,6.09,0.522,No,No,0,Dormant,Yes,No,No,Yes,Not Churned,,13.8
CUST11940,43,Female,Abuja,New Customer,Instagram,2025-04-05,17,12,2,331657.61,55404.92,30626.22,56,Bags,2,3,Discount Not Applied,Medium,Closed,6,1,No,4.2,2,0.167,Wrong Size,4,46190.93,No,No,6.4,4.1,2.3,3,0,1,2.8,3,13.3,24.9,No,3.8,4.3,3.8,3.5,2.9,34,4.9,17.07,0.357,No,No,0,Retained,Yes,No,No,No,Not Churned,,8.8
CUST11941,20,Male,Plateau,Loyal,TikTok,2023-10-20,34,3,3,62885.08,61246.93,19542.57,45,Electronics,2,1,Damaged Product,Low,Closed,1,0,No,5.0,1,0.333,Damaged,3,10495.48,No,No,8.2,5.4,2.8,1,0,0,4.2,1,3.1,3.3,Yes,4.2,4.0,4.2,4.1,4.2,13,8.6,1.41,0.229,Yes,No,0,Retained,Yes,No,No,No,Not Churned,,6.5
CUST11942,58,Male,Cross River,Regular,Facebook,2025-12-08,8,11,2,336180.62,66843.53,32749.81,78,Shoes,3,4,Order Cancellation,Medium,Resolved,11,3,No,3.0,0,0.0,No Return,0,0.0,No,No,2.7,2.9,0.0,0,0,1,3.5,4,0.4,12.0,No,2.7,4.4,2.7,3.4,2.4,4,7.8,4.26,0.549,No,No,0,Dormant,Yes,No,No,Yes,Not Churned,,34.1
CUST11943,59,Female,Edo,Loyal,Facebook,2025-12-26,8,7,1,387960.96,52343.31,48931.31,104,Beauty,3,2,Product Not as Described,Medium,Resolved,10,1,No,3.7,1,0.143,Wrong Color,12,24505.14,No,No,4.3,3.7,0.6,0,0,0,4.9,2,10.7,13.9,No,3.8,3.8,3.8,4.2,3.6,16,9.4,6.34,0.265,No,Yes,5,Churned,No,Yes,No,No,No Longer Needed,1785628800000000000,37.8
CUST11944,31,Male,Anambra,Regular,Google,2025-02-25,18,6,1,287705.74,41189.7,42351.04,73,Accessories,3,1,Damaged Product,Low,Escalated,1,1,Yes,5.0,1,0.167,Wrong Color,3,25864.82,Yes,Yes,3.9,3.3,0.6,1,0,0,4.4,1,1.5,7.9,Yes,3.9,4.6,3.9,4.4,4.4,48,10.0,6.37,0.133,No,No,0,Retained,Yes,No,No,No,Not Churned,,9.1
CUST11945,28,Female,Rivers,Regular,Facebook,2023-05-09,40,13,1,489947.1,34530.62,36219.79,103,Shoes,1,3,Damaged Product,High,Pending,4,0,No,5.0,0,0.0,No Return,0,0.0,No,No,5.2,4.5,0.7,0,0,0,4.7,3,6.6,17.6,No,3.5,4.5,3.5,4.0,4.5,33,6.9,9.62,0.585,No,No,0,Churned,No,Yes,No,No,Poor Product Quality,1775174400000000000,58.8
CUST11946,35,Female,Edo,Loyal,Referral,2023-01-29,43,9,1,531430.7,56231.43,54511.29,48,Dresses,4,2,Exchange Difficulty,Medium,Closed,9,0,No,3.7,0,0.0,No Return,0,0.0,No,No,2.9,2.7,0.2,0,1,0,3.8,2,8.1,14.1,No,3.7,3.4,3.7,4.0,3.9,39,7.7,4.13,0.272,No,No,0,Retained,Yes,No,No,No,Not Churned,,6.7
CUST11947,29,Male,Plateau,New Customer,Google,2026-02-16,6,9,1,656943.25,60239.97,65659.44,217,Beauty,5,2,Damaged Product,Medium,Resolved,12,0,No,3.0,1,0.111,Duplicate Order,6,60018.2,No,No,7.5,5.5,2.0,0,0,2,2.4,2,3.7,12.0,No,3.6,3.9,3.6,3.3,3.4,17,8.4,11.06,0.164,Yes,Yes,4,Churned,No,Yes,No,No,Inactive,1785628800000000000,71.4
CUST11948,40,Female,Oyo,Regular,Referral,2024-11-22,21,6,2,282506.1,100855.09,47798.0,89,Trousers,4,3,Exchange Difficulty,Low,Resolved,10,0,No,3.9,0,0.0,No Return,0,0.0,No,No,4.3,4.6,0.0,0,0,0,3.8,3,4.9,10.0,No,3.6,3.7,3.6,3.6,3.1,14,5.3,1.49,0.136,No,No,0,Churned,No,Yes,No,No,Poor Product Quality,1770249600000000000,46.8
CUST11949,29,Female,Abia,Regular,TikTok,2023-05-13,40,13,2,164946.08,22563.26,12242.75,61,Dresses,5,2,Poor Customer Service,Medium,Closed,1,0,No,4.9,2,0.154,Not as Expected,2,17195.16,Yes,Yes,6.5,3.6,2.9,3,0,2,2.9,2,17.9,20.5,Yes,4.8,4.5,4.8,4.0,3.5,23,8.8,2.04,0.351,No,Yes,5,Retained,Yes,No,No,No,Not Churned,,15.6
CUST11950,30,Female,Edo,Regular,Google,2024-10-07,23,11,0,519273.53,0.0,50895.25,48,Beauty,1,4,Price Increase,Low,Escalated,5,0,Yes,4.2,1,0.091,Product Description Inaccurate,5,27690.98,Yes,Yes,3.3,3.6,0.0,0,0,0,4.5,4,11.1,15.9,No,3.2,4.1,3.2,3.9,3.1,52,7.9,8.76,0.228,No,No,0,Retained,Yes,No,No,No,Not Churned,,29.6
CUST11951,42,Male,Cross River,Loyal,Facebook,2024-11-19,21,6,2,205023.65,58906.86,29815.1,51,Electronics,5,1,Failed Payment,Medium,Closed,2,0,No,5.0,1,0.167,Wrong Color,4,25200.86,No,No,3.2,3.9,0.0,0,0,1,4.5,3,8.8,12.2,Yes,3.9,3.8,3.9,4.3,4.7,13,9.9,2.79,0.225,No,No,0,Retained,Yes,No,No,No,Not Churned,,6.6
CUST11952,62,Male,Abia,Loyal,Instagram,2024-06-17,26,9,2,347356.24,72279.75,34126.63,77,Electronics,3,1,Order Cancellation,Medium,Resolved,5,1,No,4.3,0,0.0,No Return,0,0.0,No,No,3.8,4.6,0.0,0,1,0,2.9,3,4.8,13.5,No,3.9,4.2,3.9,3.6,3.6,-1,7.1,13.67,0.12,No,Yes,4,Dormant,Yes,No,No,Yes,Not Churned,,9.5
CUST11953,36,Male,Rivers,High Value,Google,2024-05-30,27,11,2,314898.47,57939.47,28329.01,9,Electronics,4,1,Order Cancellation,Low,Resolved,6,1,No,4.2,0,0.0,No Return,0,0.0,No,No,3.9,4.3,0.0,0,0,2,3.9,1,3.7,6.5,No,3.0,4.5,3.0,3.8,3.5,15,7.5,1.7,0.237,Yes,No,0,Retained,Yes,No,No,No,Not Churned,,5.6
CUST11954,63,Male,Cross River,Loyal,TikTok,2025-08-17,12,17,1,404208.74,25345.86,23097.9,31,Bags,4,0,No Complaint,None,No Complaint,0,0,No,,1,0.059,Changed Mind,2,15901.97,Yes,Yes,4.3,4.0,0.3,1,0,0,4.9,2,6.3,15.0,Yes,3.4,4.7,3.4,4.7,4.3,12,10.0,1.75,0.5,No,No,0,Retained,Yes,No,No,No,Not Churned,,8.3
CUST11955,53,Female,Imo,Regular,TikTok,2023-06-14,39,8,3,81828.4,27219.33,10249.99,63,Dresses,4,0,No Complaint,None,No Complaint,0,0,No,,1,0.125,Changed Mind,1,5209.91,Yes,No,1.1,3.1,0.0,0,0,0,5.0,3,3.7,5.0,Yes,3.8,3.8,3.8,4.2,4.4,41,9.1,3.78,0.19,Yes,No,0,Retained,Yes,No,No,No,Not Churned,,9.4
CUST11956,62,Female,Kaduna,Regular,TikTok,2025-07-15,13,10,0,325077.53,0.0,36921.79,55,Trousers,1,0,No Complaint,None,No Complaint,0,0,No,,2,0.2,Duplicate Order,1,58021.18,Yes,Yes,1.0,3.0,0.0,0,0,0,5.0,3,2.1,2.5,Yes,4.2,4.1,4.2,4.8,4.0,29,7.2,4.87,0.246,No,Yes,4,Retained,Yes,No,No,No,Not Churned,,7.2
CUST11957,25,Female,Imo,Regular,Facebook,2025-07-21,13,7,5,112852.0,80855.53,17112.54,16,Dresses,4,3,Late Delivery,Low,Resolved,1,0,No,4.5,0,0.0,No Return,0,0.0,No,No,4.4,5.2,0.0,0,0,0,5.0,3,18.9,21.2,Yes,3.8,4.4,3.8,4.9,3.7,48,9.7,13.98,0.592,No,No,0,Retained,Yes,No,No,No,Not Churned,,2.5
CUST11958,46,Female,Oyo,Regular,Referral,2024-07-10,26,6,0,223711.8,0.0,41088.22,12,Accessories,2,3,Refund Delayed,Low,Resolved,3,2,No,4.8,1,0.167,Not as Expected,4,20635.58,Yes,Yes,4.7,4.2,0.5,0,0,0,4.1,3,2.3,6.6,No,2.8,3.4,2.8,3.9,3.9,53,9.9,15.62,0.222,Yes,No,0,Retained,Yes,No,No,No,Not Churned,,1.7
CUST11959,49,Female,Kano,Regular,Referral,2024-11-10,22,6,3,153566.41,68333.76,26462.84,83,Accessories,3,2,Login Problem,Medium,Resolved,1,3,No,4.8,1,0.167,Changed Mind,17,23842.39,No,No,4.8,4.2,0.6,0,0,0,4.3,2,7.0,12.4,No,3.1,4.4,3.1,4.3,3.8,28,9.5,4.27,0.282,No,No,0,Dormant,Yes,No,No,Yes,Not Churned,,12.4
CUST11960,61,Male,Rivers,High Value,Google,2025-09-19,11,12,3,620872.97,141004.9,54821.27,102,Shoes,3,0,No Complaint,None,No Complaint,0,0,No,,0,0.0,No Return,0,0.0,No,No,3.7,3.8,0.0,0,0,1,4.7,1,10.3,14.2,Yes,4.2,4.0,4.2,4.1,4.3,18,7.9,15.44,0.784,No,Yes,1,Churned,No,Yes,No,No,Better Alternative,1785715200000000000,12.9
CUST11961,35,Female,Kaduna,Regular,Referral,2025-10-25,10,8,4,641427.37,281298.62,73853.38,57,Trousers,5,1,Poor Customer Service,Medium,Resolved,1,0,No,4.6,0,0.0,No Return,0,0.0,No,No,5.1,4.6,0.5,0,1,0,4.4,1,7.8,13.3,Yes,3.2,5.0,3.2,4.4,5.0,41,10.0,0.53,0.37,No,No,0,Retained,Yes,No,No,No,Not Churned,,7.3
CUST11962,23,Female,Lagos,Regular,Google,2025-01-26,19,12,2,366980.08,63865.25,30091.33,55,Tops,1,2,Poor Product Quality,Medium,Closed,5,2,No,5.0,0,0.0,No Return,0,0.0,No,No,4.7,4.9,0.0,0,0,0,4.0,2,0.3,5.0,No,2.8,3.7,2.8,3.0,3.1,11,7.8,4.44,0.145,No,Yes,6,Retained,Yes,No,No,No,Not Churned,,9.0
CUST11963,35,Female,Anambra,Regular,Referral,2026-01-09,7,17,2,467056.7,51294.39,24962.94,119,Electronics,5,2,Rude Staff,Low,Resolved,4,1,No,5.0,0,0.0,No Return,0,0.0,No,No,3.2,3.7,0.0,0,0,0,4.2,2,1.9,4.0,No,4.8,4.0,4.8,3.2,3.5,33,4.3,0.99,0.597,No,Yes,6,Dormant,Yes,No,No,Yes,Not Churned,,63.7
CUST11964,36,Female,Kaduna,Loyal,TikTok,2025-05-04,16,10,3,237418.31,65133.51,22576.04,71,Trousers,5,0,No Complaint,None,No Complaint,0,0,No,,1,0.1,Not as Expected,8,8999.96,No,No,4.0,2.7,1.3,0,0,1,3.2,0,7.0,13.2,Yes,4.6,3.4,4.6,3.9,3.1,9,9.1,4.62,0.168,No,No,0,Retained,Yes,No,No,No,Not Churned,,11.6
CUST11965,39,Male,Lagos,Loyal,Instagram,2024-05-07,28,11,4,461788.35,145498.44,39710.09,14,Dresses,3,0,No Complaint,None,No Complaint,0,0,No,,2,0.182,Late Delivery,4,32778.55,Yes,Yes,3.9,3.3,0.6,0,1,1,3.9,0,5.8,15.8,Yes,3.8,3.3,3.8,3.2,3.3,-9,5.5,1.33,0.403,Yes,No,0,Retained,Yes,No,No,No,Not Churned,,1.8
CUST11966,54,Female,Ogun,Loyal,TikTok,2024-10-10,23,11,6,297644.62,124155.95,24233.33,91,Trousers,2,4,Poor Customer Service,Medium,Closed,12,1,No,3.9,1,0.091,Damaged,1,10844.94,No,No,5.8,5.0,0.8,1,0,1,4.3,4,12.3,15.3,No,4.7,4.2,4.7,4.0,3.1,14,9.9,10.37,0.043,No,No,0,Dormant,Yes,No,No,Yes,Not Churned,,15.6
CUST11967,49,Female,Ogun,Regular,Instagram,2025-09-18,11,11,4,385543.5,113024.48,31611.88,17,Accessories,1,1,Unexpected Charge,Low,Pending,8,2,No,4.0,1,0.091,Wrong Size,11,24135.41,No,No,4.5,4.2,0.3,1,0,0,4.1,2,3.5,8.0,No,3.8,5.0,3.8,4.5,4.2,33,7.2,6.29,0.136,No,No,0,Retained,Yes,No,No,No,Not Churned,,3.8
CUST11968,58,Male,Delta,Loyal,Instagram,2024-09-19,23,11,6,202030.34,116304.39,20473.3,147,Accessories,1,2,Wrong Product,Medium,Resolved,2,1,No,4.0,1,0.091,Defective,1,11883.26,Yes,Yes,5.6,5.1,0.5,0,0,1,4.1,2,4.5,9.3,Yes,4.2,3.6,4.2,3.2,2.5,16,5.0,2.9,0.397,No,Yes,4,At Risk,Yes,No,Yes,No,Not Churned,,42.1
CUST11969,20,Female,Abuja,New Customer,Email,2024-09-16,23,7,3,237928.79,92764.08,32803.83,50,Electronics,1,2,Poor Customer Service,Medium,Resolved,1,2,No,4.9,1,0.143,Wrong Size,1,28084.92,Yes,Yes,4.7,3.6,1.1,4,1,1,4.1,2,8.2,22.7,No,4.0,4.0,4.0,3.9,4.1,31,6.9,1.23,0.671,No,No,0,Churned,No,Yes,No,No,No Longer Needed,1770076800000000000,36.1
CUST11970,45,Female,Plateau,Loyal,Email,2024-06-26,26,9,0,634766.04,0.0,71131.74,173,Beauty,2,0,No Complaint,None,No Complaint,0,0,No,,0,0.0,No Return,0,0.0,No,No,6.4,3.4,3.0,4,0,0,3.6,1,7.6,18.3,Yes,4.5,4.5,4.5,4.0,4.4,1,6.1,3.93,0.293,No,No,0,At Risk,Yes,No,Yes,No,Not Churned,,54.5
CUST11971,27,Female,Kaduna,Regular,Instagram,2023-01-07,44,7,3,163809.53,74070.4,22460.23,25,Electronics,1,4,Late Delivery,Medium,Resolved,4,1,No,4.7,0,0.0,No Return,0,0.0,No,No,2.2,2.5,0.0,0,0,0,3.3,4,8.3,11.9,No,4.8,4.0,4.8,4.2,3.5,36,10.0,3.45,0.24,No,No,0,Retained,Yes,No,No,No,Not Churned,,8.3
CUST11972,52,Male,Enugu,Regular,Google,2025-08-11,12,12,3,430377.48,92989.43,32226.06,38,Electronics,4,2,Product Not as Described,Medium,Resolved,2,1,No,4.7,1,0.083,Changed Mind,5,29278.3,No,No,2.5,3.0,0.0,1,0,0,4.3,2,4.9,7.7,Yes,3.5,4.3,3.5,3.9,3.6,31,9.4,16.36,0.491,No,No,0,Retained,Yes,No,No,No,Not Churned,,7.7
CUST11973,46,Other,Anambra,Regular,Facebook,2024-05-29,27,13,2,465106.94,74285.48,40506.48,48,Shoes,2,0,No Complaint,None,No Complaint,0,0,No,,1,0.077,Damaged,4,28625.77,No,No,5.8,3.5,2.3,3,0,1,3.1,3,2.8,7.2,Yes,5.0,4.4,5.0,4.3,3.6,69,7.5,4.11,0.2,No,No,0,Retained,Yes,No,No,No,Not Churned,,13.3
CUST11974,32,Male,Kaduna,Loyal,Google,2025-01-24,19,9,3,482785.03,173468.72,60753.26,19,Tops,5,2,Order Cancellation,Low,Escalated,1,1,Yes,4.9,2,0.222,Damaged,1,104730.91,No,No,2.1,2.7,0.0,1,1,0,3.8,2,7.8,11.0,Yes,4.6,3.7,4.6,4.4,3.9,19,9.9,2.41,0.135,No,Yes,5,Retained,Yes,No,No,No,Not Churned,,4.9
CUST11975,50,Female,Lagos,New Customer,Website,2023-03-14,42,7,1,349474.64,51203.2,55664.53,159,Accessories,4,1,Coupon Expired,Medium,Resolved,3,2,No,4.5,0,0.0,No Return,0,0.0,No,No,4.6,4.3,0.3,0,0,1,3.8,1,3.2,5.9,No,4.0,4.3,4.0,4.3,4.2,33,7.4,1.27,0.345,No,Yes,6,At Risk,Yes,No,Yes,No,Not Churned,,23.8
CUST11976,24,Male,Plateau,Loyal,Email,2023-01-10,44,4,4,202527.05,170195.16,45360.06,18,Dresses,5,0,No Complaint,None,No Complaint,0,0,No,,1,0.25,Defective,18,40858.04,Yes,Yes,5.0,5.5,0.0,0,0,0,3.0,1,1.3,5.6,Yes,4.6,4.7,4.6,3.7,3.7,-8,6.4,4.79,0.242,No,No,0,Churned,No,Yes,No,No,Inactive,1781740800000000000,32.5
CUST11977,29,Female,Enugu,Regular,Referral,2024-07-15,25,8,4,303759.31,137247.98,38925.93,31,Bags,1,3,Long Waiting Time,Low,Resolved,4,0,No,4.7,0,0.0,No Return,0,0.0,No,No,4.4,2.7,1.7,3,0,0,4.4,3,7.9,10.4,No,3.8,4.0,3.8,3.9,4.1,10,4.4,3.19,0.657,Yes,No,0,Retained,Yes,No,No,No,Not Churned,,8.8
CUST11978,47,Female,Anambra,Regular,Google,2023-05-02,40,8,1,994777.65,107853.48,126854.84,48,Trousers,2,1,Return Difficulty,Medium,Escalated,7,2,Yes,4.3,1,0.125,Late Delivery,3,74118.96,No,No,3.6,3.7,0.0,0,0,0,4.5,2,11.7,15.4,No,4.6,3.9,4.6,4.7,4.3,69,8.7,6.21,0.126,No,No,0,Retained,Yes,No,No,No,Not Churned,,12.2
CUST11979,38,Female,Enugu,New Customer,Referral,2024-11-17,21,12,7,524989.73,306133.01,44951.19,66,Shoes,4,0,No Complaint,None,No Complaint,0,0,No,,0,0.0,No Return,0,0.0,No,No,2.8,3.7,0.0,2,1,0,4.9,3,6.7,12.9,Yes,4.4,4.3,4.4,4.9,5.0,31,10.0,2.48,0.409,No,No,0,Retained,Yes,No,No,No,Not Churned,,8.4
CUST11980,48,Female,Oyo,Regular,Google,2024-05-27,27,8,1,277114.94,35739.38,36758.11,96,Electronics,2,2,Poor Product Quality,High,Closed,9,1,No,3.4,0,0.0,No Return,0,0.0,No,No,2.3,2.7,0.0,2,0,0,3.5,2,11.7,14.4,No,4.5,4.6,4.5,4.1,3.8,7,9.3,3.24,0.05,No,No,0,Churned,No,Yes,No,No,Lack of Product Availability,1775347200000000000,58.2
CUST11981,41,Female,Lagos,Regular,Website,2025-09-16,11,12,2,609740.42,101480.47,57060.2,99,Trousers,2,0,No Complaint,None,No Complaint,0,0,No,,2,0.167,Late Delivery,2,72863.55,No,No,4.4,3.1,1.3,2,1,0,3.2,0,5.8,10.5,Yes,3.7,4.4,3.7,3.9,4.1,9,7.5,6.64,0.591,Yes,No,0,Dormant,Yes,No,No,Yes,Not Churned,,18.8
CUST11982,37,Male,Ogun,Regular,Website,2024-03-16,29,10,5,475189.51,223528.5,42248.13,137,Bags,2,0,No Complaint,None,No Complaint,0,0,No,,1,0.1,Not as Expected,7,31567.4,No,No,4.2,3.9,0.3,0,0,1,3.6,2,5.5,8.8,Yes,3.8,3.2,3.8,3.4,3.1,21,8.4,3.22,0.342,No,No,0,At Risk,Yes,No,Yes,No,Not Churned,,30.4
CUST11983,54,Male,Edo,Loyal,Referral,2025-11-27,9,12,2,1227492.86,194834.55,108488.36,187,Beauty,5,3,Refund Delayed,Medium,Resolved,4,0,No,4.6,3,0.25,Not as Expected,17,212860.91,No,No,5.7,5.4,0.3,1,0,0,4.2,4,4.9,7.0,No,3.0,4.3,3.0,3.9,4.1,31,6.2,6.47,0.159,No,No,0,Churned,No,Yes,No,No,Lack of Product Availability,1783900800000000000,51.9
CUST11984,21,Female,Oyo,Regular,Google,2024-12-02,21,12,2,329074.11,50990.78,24454.9,97,Shoes,2,1,Refund Rejected,Low,Resolved,5,1,No,3.8,0,0.0,No Return,0,0.0,No,No,5.1,4.2,0.9,1,0,0,3.7,1,7.0,15.1,No,3.4,3.8,3.4,3.9,4.0,21,8.5,15.5,0.282,Yes,No,0,Dormant,Yes,No,No,Yes,Not Churned,,13.5
CUST11985,45,Female,Anambra,High Value,Facebook,2024-08-13,24,9,1,320302.85,28069.01,31272.31,29,Shoes,1,2,App Crash,Medium,Closed,1,0,No,5.0,1,0.111,Not as Expected,2,12081.59,Yes,Yes,1.4,2.8,0.0,0,0,1,4.4,2,8.2,9.4,Yes,5.0,3.8,5.0,4.4,3.9,45,8.3,8.39,0.05,No,No,0,Churned,No,Yes,No,No,Website/App Problems,1781913600000000000,37.2
CUST11986,61,Female,Anambra,Regular,Instagram,2023-03-08,42,9,5,157157.43,77583.09,16860.1,25,Shoes,4,2,Late Delivery,Low,Resolved,1,1,No,2.4,0,0.0,No Return,0,0.0,No,No,5.6,4.7,0.9,0,0,0,5.0,3,4.7,12.4,Yes,3.4,3.8,3.4,4.1,3.7,15,9.5,1.45,0.283,Yes,Yes,4,Retained,Yes,No,No,No,Not Churned,,3.2
CUST11987,37,Female,Rivers,Loyal,Website,2023-01-17,44,6,3,178532.87,83527.04,30346.82,125,Tops,3,1,Return Difficulty,Low,Closed,3,1,No,4.7,2,0.333,Poor Quality,1,27594.32,No,No,7.3,5.1,2.2,2,0,0,3.5,2,14.2,20.5,No,3.9,3.7,3.9,3.5,3.6,5,5.7,2.31,0.066,No,No,0,At Risk,Yes,No,Yes,No,Not Churned,,23.9
CUST11988,41,Female,Lagos,New Customer,Google,2024-01-03,32,9,0,177936.25,0.0,18192.24,104,Trousers,2,2,Late Delivery,Low,Resolved,2,2,No,3.5,0,0.0,No Return,0,0.0,No,No,6.5,4.9,1.6,2,1,1,3.6,2,2.7,13.1,No,4.0,4.4,4.0,3.9,3.5,1,7.8,8.58,0.218,No,No,0,Dormant,Yes,No,No,Yes,Not Churned,,19.6
CUST11989,49,Female,Delta,Regular,Google,2025-06-22,14,11,2,330925.47,73824.73,33922.33,21,Tops,4,3,Long Waiting Time,Medium,Resolved,1,0,No,4.4,1,0.091,Not as Expected,2,18037.93,Yes,Yes,4.5,5.0,0.0,0,0,1,3.8,3,8.5,16.2,Yes,5.0,4.8,5.0,4.7,4.4,43,5.5,15.37,0.366,No,No,0,Retained,Yes,No,No,No,Not Churned,,3.0
CUST11990,58,Male,Delta,Regular,Google,2024-12-21,20,16,3,414971.93,63018.51,22935.87,62,Electronics,5,0,No Complaint,None,No Complaint,0,0,No,,1,0.062,Changed Mind,11,14495.67,No,No,4.8,4.9,0.0,0,0,0,5.0,0,30.0,32.9,Yes,4.7,5.0,4.7,4.6,3.4,-8,7.5,5.36,0.397,Yes,No,0,Retained,Yes,No,No,No,Not Churned,,24.3
CUST11991,53,Female,Anambra,Regular,Website,2025-08-15,12,8,5,370189.96,226953.18,46734.67,31,Dresses,5,2,Poor Customer Service,Medium,Resolved,3,1,No,3.8,1,0.125,Product Description Inaccurate,2,16556.41,No,No,1.6,3.2,0.0,1,0,0,4.7,2,3.4,4.6,No,3.4,3.6,3.4,3.4,2.2,15,4.4,1.96,0.318,No,No,0,Retained,Yes,No,No,No,Not Churned,,4.5
CUST11992,51,Female,Plateau,Loyal,Instagram,2025-06-26,14,9,3,219020.66,78347.63,25262.18,34,Bags,2,1,Damaged Product,Low,Closed,5,0,No,4.5,0,0.0,No Return,0,0.0,No,No,4.5,4.3,0.2,0,0,0,4.5,1,3.8,6.4,No,4.0,3.5,4.0,4.1,4.2,42,6.5,6.16,0.154,No,No,0,Retained,Yes,No,No,No,Not Churned,,32.9
CUST11993,53,Female,Cross River,New Customer,Website,2025-09-15,11,13,1,535144.26,41863.32,45024.81,89,Trousers,2,3,Issue Not Resolved,Medium,Resolved,8,0,No,3.3,0,0.0,No Return,0,0.0,No,No,1.0,3.0,0.0,0,0,0,4.3,3,1.3,8.0,No,2.7,4.0,2.7,4.0,3.8,19,7.4,9.17,0.486,No,No,0,Dormant,Yes,No,No,Yes,Not Churned,,22.5
CUST11994,19,Female,Cross River,New Customer,Website,2024-04-17,28,10,6,329100.46,148008.99,28921.84,22,Electronics,1,2,Product Not as Described,Medium,Resolved,1,2,No,4.5,0,0.0,No Return,0,0.0,No,No,2.2,3.5,0.0,0,0,0,4.9,2,9.8,12.8,No,4.7,4.6,4.7,5.0,5.0,26,8.4,8.59,0.415,No,No,0,Retained,Yes,No,No,No,Not Churned,,4.2
CUST11995,32,Female,Cross River,Loyal,Email,2023-04-25,40,11,1,685257.11,58976.86,56685.48,56,Accessories,3,1,Stock Availability,Low,Resolved,2,0,No,4.3,0,0.0,No Return,0,0.0,No,No,3.5,3.8,0.0,0,0,0,4.7,1,0.4,3.6,Yes,3.8,4.0,3.8,4.1,4.3,20,7.2,12.81,0.229,Yes,No,0,Retained,Yes,No,No,No,Not Churned,,6.9
CUST11996,51,Male,Cross River,Regular,Google,2023-04-10,41,11,1,362109.88,28191.31,30609.19,200,Trousers,2,2,Poor Customer Service,Medium,Escalated,6,2,Yes,5.0,1,0.091,Defective,2,12041.57,No,No,3.1,3.8,0.0,0,0,0,5.0,2,2.1,8.2,No,2.8,5.0,2.8,4.3,4.7,16,8.9,11.33,0.241,No,No,0,At Risk,Yes,No,Yes,No,Not Churned,,25.6
CUST11997,53,Female,Delta,Loyal,Facebook,2024-03-13,30,9,2,264504.15,55502.22,25977.0,126,Dresses,2,1,Poor Product Quality,Medium,Resolved,1,0,No,5.0,0,0.0,No Return,0,0.0,No,No,4.9,3.8,1.1,1,0,0,3.4,1,15.3,28.4,Yes,4.3,3.0,4.3,3.4,3.3,-22,6.5,8.54,0.372,No,No,0,Churned,No,Yes,No,No,Poor Customer Service,1775692800000000000,47.9
CUST11998,23,Male,Abuja,Regular,Google,2023-12-15,33,9,0,136972.64,0.0,13360.07,106,Bags,1,2,Repeated Issue,Medium,Resolved,1,0,No,5.0,2,0.222,Not as Expected,5,18157.91,No,No,7.1,4.9,2.2,1,1,0,3.4,2,5.3,8.7,Yes,5.0,4.0,5.0,4.3,4.2,20,10.0,8.94,0.408,No,No,0,Dormant,Yes,No,No,Yes,Not Churned,,19.0
CUST11999,56,Female,Ogun,Loyal,Google,2023-05-19,40,10,1,159502.03,16848.15,16745.96,113,Dresses,5,2,Late Delivery,High,Resolved,4,1,No,5.0,0,0.0,No Return,0,0.0,No,No,5.0,4.4,0.6,1,1,0,3.8,2,10.0,17.8,No,3.4,4.0,3.4,3.7,3.3,18,7.8,4.03,0.388,No,No,0,Dormant,Yes,No,No,Yes,Not Churned,,17.4
CUST12000,59,Female,,New Customer,Instagram,2025-04-07,17,6,2,300210.43,99646.75,45804.49,197,Shoes,3,2,App Crash,Medium,Resolved,12,1,No,3.1,2,0.333,Defective,4,44236.12,Yes,Yes,6.1,4.4,1.7,0,0,0,3.5,2,9.3,12.0,No,3.3,3.4,3.3,3.7,3.3,31,6.7,2.19,0.338,No,No,0,Churned,No,Yes,No,No,Relocated,1781481600000000000,37.1
CUST12001,29,Female,Anambra,New Customer,Referral,2023-11-20,33,12,6,225383.63,110660.54,17277.37,81,Accessories,5,1,Issue Not Resolved,Medium,Resolved,2,1,No,4.2,1,0.083,Late Delivery,3,10726.27,No,No,5.0,4.8,0.2,0,0,1,4.2,1,4.2,13.2,Yes,3.9,4.2,3.9,4.4,4.0,25,9.2,19.9,0.546,No,No,0,Dormant,Yes,No,No,Yes,Not Churned,,12.7
CUST12002,20,Male,Delta,Regular,Google,2025-04-25,16,6,3,313003.0,159187.27,50624.37,58,Shoes,2,2,Wrong Product,Medium,Closed,3,4,Yes,5.0,1,0.167,Poor Quality,5,32318.71,No,No,4.0,3.1,0.9,0,0,0,4.4,2,5.1,7.0,No,3.8,3.3,3.8,4.1,3.7,37,9.2,2.7,0.089,No,Yes,4,Churned,No,Yes,No,No,No Longer Needed,1773014400000000000,49.6
CUST12003,62,Female,Lagos,High Value,Website,2023-10-21,34,9,2,215189.73,51043.96,25971.74,40,Bags,3,1,Late Delivery,Medium,Pending,3,0,No,4.6,3,0.333,Wrong Size,9,40718.01,Yes,Yes,4.1,3.9,0.2,1,0,0,4.6,2,2.0,8.9,No,3.8,4.2,3.8,3.6,2.9,20,6.7,2.03,0.241,No,No,0,Retained,Yes,No,No,No,Not Churned,,7.3
CUST12004,35,Male,Imo,Regular,Instagram,2025-08-25,12,10,0,360358.54,0.0,31780.64,127,Shoes,2,2,Repeated Issue,Medium,Resolved,9,1,No,4.3,2,0.2,Duplicate Order,8,59674.26,No,No,6.5,5.1,1.4,1,0,0,4.0,2,3.0,9.0,No,4.2,4.9,4.2,4.6,4.2,39,10.0,15.52,0.247,No,No,0,At Risk,Yes,No,Yes,No,Not Churned,,16.6
CUST12005,57,Female,Kaduna,Regular,Referral,2023-03-15,42,7,5,283251.24,222259.6,41925.43,40,Dresses,1,4,Product Not as Described,Low,Resolved,3,2,No,4.5,0,0.0,No Return,0,0.0,No,No,7.0,4.6,2.4,3,1,0,2.7,4,1.4,3.8,No,3.9,5.0,3.9,3.9,3.8,-16,5.5,6.62,0.269,No,No,0,Churned,No,Yes,No,No,Lack of Product Availability,1769299200000000000,57.2
CUST12006,38,Male,Edo,Loyal,Website,2024-04-28,28,12,1,666849.19,46840.15,53624.34,87,Electronics,1,3,Poor Customer Service,Medium,Resolved,1,2,No,5.0,0,0.0,No Return,0,0.0,No,No,6.6,5.1,1.5,0,0,0,4.0,3,3.7,6.0,No,4.2,4.2,4.2,3.8,3.2,31,6.2,11.37,0.347,No,No,0,Dormant,Yes,No,No,Yes,Not Churned,,18.3
CUST12007,32,Female,Cross River,High Value,TikTok,2023-01-16,44,5,2,70309.83,34053.25,15885.05,88,Tops,5,0,No Complaint,None,No Complaint,0,0,No,,2,0.4,Changed Mind,1,19300.48,Yes,Yes,2.0,3.9,0.0,0,0,1,3.4,1,0.9,15.3,Yes,4.3,4.1,4.3,4.0,4.1,15,10.0,4.83,0.174,No,No,0,Dormant,Yes,No,No,Yes,Not Churned,,12.7
CUST12008,50,Male,Abia,Loyal,Website,2025-03-03,18,6,3,98568.34,51545.55,16496.2,46,Beauty,4,1,Wrong Product,Low,Pending,4,1,No,4.3,1,0.167,Late Delivery,6,8644.89,No,No,3.6,4.8,0.0,0,0,0,4.4,2,5.2,10.1,No,4.4,4.5,4.4,4.5,4.0,47,7.7,0.46,0.209,No,No,0,Churned,No,Yes,No,No,Payment Problems,1768521600000000000,46.3
CUST12009,52,Male,Cross River,High Value,TikTok,2024-05-30,27,6,1,177190.15,29653.09,28217.83,49,Accessories,5,4,Failed Payment,Medium,Resolved,5,1,No,5.0,1,0.167,Defective,3,23978.69,Yes,Yes,4.0,3.3,0.7,1,0,0,3.8,4,7.2,12.1,No,3.2,4.4,3.2,3.5,2.9,31,5.2,13.12,0.321,Yes,No,0,Churned,No,Yes,No,No,Too Many Delivery Problems,1771113600000000000,48.0
CUST12010,43,Male,Ogun,New Customer,Website,2025-07-13,13,12,1,670130.86,53653.34,56818.15,77,Trousers,3,1,Poor Customer Service,Medium,Resolved,3,1,No,3.9,0,0.0,No Return,0,0.0,No,No,5.5,5.1,0.4,0,0,0,4.8,3,11.2,13.5,No,4.3,4.4,4.3,4.5,4.4,24,10.0,6.43,0.281,No,No,0,Dormant,Yes,No,No,Yes,Not Churned,,9.6
CUST12011,25,Female,Oyo,New Customer,Google,2026-02-24,6,10,3,325818.38,84415.41,32297.02,6,Trousers,1,2,Late Delivery,Low,Resolved,1,2,No,4.3,1,0.1,Wrong Size,4,25149.38,Yes,Yes,5.2,3.4,1.8,1,0,0,3.6,2,4.5,9.1,No,4.2,4.8,4.2,4.6,4.0,58,10.0,5.22,0.098,No,No,0,Retained,Yes,No,No,No,Not Churned,,15.0
CUST12012,53,Female,Plateau,Loyal,Referral,2025-04-03,17,10,2,520228.26,115199.1,55827.66,94,Dresses,5,1,Long Waiting Time,Low,Resolved,3,1,No,3.7,0,0.0,No Return,0,0.0,No,No,3.5,3.5,0.0,0,0,1,3.6,1,4.9,6.2,No,5.0,3.8,5.0,4.5,4.9,34,8.9,6.63,0.334,Yes,Yes,6,Dormant,Yes,No,No,Yes,Not Churned,,23.0
CUST12013,65,Female,Imo,Loyal,Instagram,2024-06-01,27,9,3,126984.21,47538.15,14477.67,26,Electronics,1,1,Repeated Issue,High,Resolved,5,3,No,4.2,0,0.0,No Return,0,0.0,No,No,3.9,4.7,0.0,0,0,0,4.7,1,5.1,8.4,No,2.9,4.3,2.9,4.0,2.9,29,7.0,0.98,0.24,No,No,0,Retained,Yes,No,No,No,Not Churned,,3.5
CUST12014,47,Male,Plateau,Regular,Instagram,2023-05-09,40,10,4,262605.25,103996.23,24421.39,35,Electronics,4,1,Issue Not Resolved,Critical,Resolved,4,0,No,5.0,1,0.1,Changed Mind,1,19389.8,Yes,No,4.2,4.7,0.0,0,0,0,4.3,3,13.6,15.5,No,3.9,3.5,3.9,4.0,3.4,-5,7.7,1.43,0.077,No,No,0,Retained,Yes,No,No,No,Not Churned,,4.3
CUST12015,40,Female,Oyo,Regular,Facebook,2024-05-25,27,12,3,454404.32,105495.03,33163.68,95,Bags,5,2,Poor Product Quality,Low,Resolved,4,0,No,4.4,3,0.25,Wrong Item,10,40127.7,No,No,2.3,2.7,0.0,1,0,0,4.2,2,8.8,12.5,No,4.0,4.7,4.0,4.3,3.6,58,9.2,3.45,0.139,No,No,0,Churned,No,Yes,No,No,Poor Customer Service,1774569600000000000,26.1
CUST12016,59,Male,Abuja,Loyal,Instagram,2024-02-27,30,6,3,115465.41,57818.98,19118.58,53,Shoes,1,3,Issue Not Resolved,High,Resolved,3,0,No,,2,0.333,Wrong Size,4,34206.94,No,No,3.5,3.0,0.5,0,0,1,3.8,3,3.2,4.2,No,5.0,3.7,5.0,3.6,3.7,-4,6.5,2.04,0.549,No,No,0,Churned,No,Yes,No,No,Too Many Delivery Problems,1779235200000000000,8.9
CUST12017,61,Female,Enugu,New Customer,Facebook,2024-01-20,31,8,3,156915.24,48559.46,18413.26,74,Beauty,2,2,Poor Customer Service,Low,Resolved,7,3,No,3.3,1,0.125,Defective,8,9995.52,No,No,4.0,3.2,0.8,1,0,0,3.7,2,4.0,9.4,No,4.4,3.5,4.4,3.7,3.4,48,8.2,8.7,0.473,No,No,0,Retained,Yes,No,No,No,Not Churned,,25.5
CUST12018,31,Female,Lagos,Regular,Instagram,2023-08-20,36,6,1,149328.13,23195.88,21763.43,166,Beauty,4,0,No Complaint,None,No Complaint,0,0,No,,0,0.0,No Return,0,0.0,No,No,7.3,5.5,1.8,1,0,0,4.1,0,7.9,11.0,Yes,3.8,3.9,3.8,4.7,4.4,47,8.9,6.12,0.102,Yes,No,0,At Risk,Yes,No,Yes,No,Not Churned,,22.0
CUST12019,31,Female,Enugu,Regular,Instagram,2025-08-16,12,9,1,260917.69,24101.77,26616.8,141,Shoes,2,2,Long Waiting Time,Low,Resolved,9,1,No,4.3,0,0.0,No Return,0,0.0,No,No,3.6,5.0,0.0,1,0,0,4.2,2,0.9,9.0,No,5.0,3.8,5.0,4.5,4.3,64,8.8,1.33,0.376,No,No,0,At Risk,Yes,No,Yes,No,Not Churned,,21.2
CUST12020,19,Male,Rivers,Regular,Website,2025-04-04,17,10,0,163577.29,0.0,18530.73,68,Dresses,3,3,Refund Rejected,Medium,Pending,4,2,No,4.8,0,0.0,No Return,0,0.0,No,No,4.0,4.6,0.0,0,0,1,4.4,3,6.4,14.5,No,4.5,4.1,4.5,4.8,4.8,39,9.9,2.2,0.418,No,No,0,Churned,No,Yes,No,No,Payment Problems,1787702400000000000,49.3
CUST12021,54,Male,Edo,Loyal,Instagram,2023-03-06,42,21,0,1365492.82,0.0,57411.0,79,Shoes,4,2,Stock Availability,Medium,Closed,4,0,No,4.3,0,0.0,No Return,0,0.0,No,No,7.1,5.4,1.7,3,0,0,4.0,2,7.5,11.0,No,5.0,4.2,5.0,3.4,2.6,-8,3.1,1.98,0.31,Yes,No,0,Dormant,Yes,No,No,Yes,Not Churned,,13.4
CUST12022,22,Male,Rivers,Regular,TikTok,2025-04-12,16,18,1,706935.96,36286.4,35255.99,111,Electronics,1,1,Wrong Product,Low,Escalated,12,4,Yes,4.9,3,0.167,Changed Mind,1,39820.27,No,No,5.8,4.6,1.2,1,1,2,3.7,1,5.3,16.1,No,4.6,2.6,4.6,3.5,2.8,13,7.1,1.38,0.254,No,No,0,Dormant,Yes,No,No,Yes,Not Churned,,53.7
CUST12023,55,Female,Anambra,Loyal,Instagram,2024-09-06,24,8,2,283746.66,64606.56,37209.73,26,Tops,2,2,Price Increase,High,Resolved,3,1,No,4.2,0,0.0,No Return,0,0.0,No,No,6.2,4.6,1.6,0,0,0,3.8,2,2.8,4.3,No,4.1,4.3,4.1,4.2,4.3,21,8.1,3.17,0.315,Yes,No,0,Retained,Yes,No,No,No,Not Churned,,3.3
CUST12024,62,Male,Imo,Regular,Website,2025-03-11,17,11,3,374662.21,100417.6,36662.55,174,Bags,3,2,Late Delivery,Low,Resolved,1,2,No,5.0,1,0.091,Wrong Color,6,33324.35,No,No,6.5,5.2,1.3,1,1,0,2.6,2,3.6,10.1,No,5.0,3.7,5.0,3.4,3.3,39,6.9,2.95,0.193,No,Yes,7,Churned,No,Yes,No,No,Too Many Delivery Problems,1786147200000000000,73.8
CUST12025,58,Male,Lagos,Regular,Website,2023-10-05,35,8,4,613029.72,287850.51,68248.45,75,Trousers,2,3,Long Waiting Time,Medium,Closed,1,1,No,4.9,0,0.0,No Return,0,0.0,No,No,2.3,3.4,0.0,0,0,0,4.7,3,10.0,16.2,Yes,2.5,2.8,2.5,3.5,3.0,15,4.0,1.91,0.485,No,No,0,Retained,Yes,No,No,No,Not Churned,,13.4
CUST12026,64,Female,Imo,Loyal,Referral,2024-01-01,32,13,2,1169308.75,183513.52,84382.12,30,Shoes,4,4,Damaged Product,Medium,Resolved,3,1,No,4.6,0,0.0,No Return,0,0.0,No,No,5.1,2.5,2.6,2,0,1,3.1,4,8.3,14.9,No,3.9,4.4,3.9,3.6,2.7,17,6.2,3.64,0.265,No,No,0,Retained,Yes,No,No,No,Not Churned,,3.8
CUST12027,31,Male,Anambra,Regular,TikTok,2024-05-30,27,15,6,396608.29,154036.93,28009.43,96,Dresses,2,2,Late Delivery,High,Closed,2,1,No,4.2,1,0.067,Wrong Color,5,12505.3,Yes,No,3.6,4.6,0.0,0,0,0,4.1,2,4.9,11.2,Yes,3.5,4.4,3.5,3.8,3.9,22,8.5,2.18,0.435,No,No,0,Dormant,Yes,No,No,Yes,Not Churned,,40.6
CUST12028,56,Male,Kano,New Customer,Instagram,2024-03-14,30,13,0,576000.43,0.0,41303.01,3,Electronics,2,1,Return Difficulty,Low,Pending,3,1,No,3.5,2,0.154,Wrong Size,9,41860.49,No,No,3.7,3.0,0.7,2,0,0,5.0,2,14.6,23.7,No,4.0,4.0,4.0,4.4,3.7,38,7.5,4.34,0.481,No,No,0,Retained,Yes,No,No,No,Not Churned,,4.4
CUST12029,42,Male,Delta,New Customer,Email,2024-03-03,30,6,2,173420.7,54164.95,27736.82,151,Tops,5,0,No Complaint,None,No Complaint,0,0,No,,0,0.0,No Return,0,0.0,No,No,5.9,3.4,2.5,1,0,0,4.0,0,10.9,13.1,Yes,4.2,3.8,4.2,4.2,3.7,46,8.3,3.77,0.305,No,Yes,6,At Risk,Yes,No,Yes,No,Not Churned,,22.3
CUST12030,37,Male,Oyo,Regular,Website,2024-12-29,20,6,6,282922.28,277497.87,48940.63,67,Trousers,1,2,Poor Customer Service,High,Resolved,3,3,No,4.2,3,0.5,Poor Quality,8,69568.35,No,No,3.2,5.0,0.0,1,1,0,4.2,2,7.2,8.4,No,3.1,3.6,3.1,3.4,2.4,11,4.3,2.72,0.231,No,No,0,Retained,Yes,No,No,No,Not Churned,,8.9
CUST12031,19,Female,Cross River,Regular,Website,2024-01-31,31,7,2,455225.99,135644.28,63118.0,94,Tops,2,2,Website Error,Medium,Escalated,10,0,Yes,5.0,0,0.0,No Return,0,0.0,No,No,5.3,4.8,0.5,0,0,0,4.0,2,2.0,11.5,No,4.4,3.8,4.4,4.0,3.9,6,7.4,13.28,0.302,Yes,No,0,Dormant,Yes,No,No,Yes,Not Churned,,13.1
CUST12032,56,Female,Imo,Loyal,Referral,2024-08-08,25,16,9,521957.13,283460.21,31908.77,131,Dresses,5,4,Late Delivery,Low,Resolved,4,3,No,4.4,0,0.0,No Return,0,0.0,No,No,2.5,3.9,0.0,0,1,1,3.9,4,8.3,10.5,No,3.5,4.7,3.5,4.3,4.1,44,8.0,8.31,0.078,Yes,No,0,Churned,No,Yes,No,No,Refund Problems,1786406400000000000,54.4
CUST12033,23,Male,Cross River,Loyal,Google,2024-01-10,32,16,4,820630.81,206226.41,50400.41,43,Bags,1,3,Damaged Product,Low,Resolved,4,4,Yes,4.0,1,0.062,Poor Quality,4,26757.67,Yes,Yes,4.5,2.8,1.7,4,0,1,2.3,3,4.1,13.2,No,4.5,3.6,4.5,2.9,1.8,-28,4.8,5.18,0.6,Yes,No,0,At Risk,Yes,No,Yes,No,Not Churned,,14.8
CUST12034,34,Female,Kaduna,Loyal,Website,2025-08-05,13,8,0,223205.51,0.0,27361.96,99,Beauty,4,1,Poor Customer Service,Medium,Resolved,19,1,No,3.6,2,0.25,Wrong Color,6,43450.39,No,No,2.2,3.4,0.0,1,0,0,4.9,2,4.7,19.0,No,3.0,4.5,3.0,4.0,3.7,50,8.2,3.12,0.182,No,No,0,Dormant,Yes,No,No,Yes,Not Churned,,12.9
CUST12035,42,Male,Anambra,Regular,Facebook,2023-04-03,41,12,6,589867.62,338761.47,55851.73,44,Tops,4,1,Price Increase,Low,Resolved,6,0,No,4.3,0,0.0,No Return,0,0.0,No,No,2.9,3.9,0.0,0,0,0,3.8,1,4.3,7.8,No,2.7,5.0,2.7,3.8,3.2,20,7.4,8.43,0.525,No,No,0,Retained,Yes,No,No,No,Not Churned,,6.1
CUST12036,45,Male,Enugu,Regular,Referral,2023-11-17,33,10,2,198808.27,40879.94,20871.58,72,Trousers,5,2,Long Waiting Time,Medium,Resolved,5,0,No,5.0,0,0.0,No Return,0,0.0,No,No,5.7,4.8,0.9,2,0,0,3.2,2,4.5,14.6,No,3.0,4.4,3.0,3.5,3.1,20,6.7,13.27,0.329,No,No,0,Retained,Yes,No,No,No,Not Churned,,24.4
CUST12037,19,Male,Kano,Regular,Instagram,2025-10-30,10,11,5,209465.26,93971.7,19112.36,81,Dresses,5,2,Order Cancellation,Medium,Resolved,3,1,No,5.0,1,0.091,Late Delivery,1,8340.75,No,No,6.8,5.5,1.3,1,0,0,3.3,2,1.2,7.4,No,4.3,4.5,4.3,3.3,3.2,-11,4.5,0.58,0.143,No,No,0,Dormant,Yes,No,No,Yes,Not Churned,,15.9
CUST12038,52,Other,Oyo,Regular,Website,2025-07-02,14,8,5,312462.01,227044.71,42716.02,58,Electronics,4,1,Wrong Product,Medium,Resolved,5,0,No,3.6,1,0.125,Defective,7,27656.39,No,No,5.0,4.4,0.6,0,0,0,3.8,1,2.5,7.5,No,3.6,4.0,3.6,3.7,3.4,5,7.5,14.64,0.149,No,No,0,Retained,Yes,No,No,No,Not Churned,,28.5
CUST12039,54,Female,Cross River,New Customer,Instagram,2025-07-05,14,10,4,599289.54,205027.89,55373.16,17,Electronics,3,2,Price Increase,Medium,Resolved,3,1,No,4.8,2,0.2,Product Description Inaccurate,3,101730.26,No,No,3.9,2.7,1.2,2,0,1,3.9,2,6.7,10.0,No,3.6,4.2,3.6,4.6,5.0,52,10.0,4.33,0.277,Yes,No,0,Churned,No,Yes,No,No,Poor Product Quality,1768953600000000000,40.6
CUST12040,22,Female,Anambra,Regular,Facebook,2023-04-05,41,16,3,775843.64,135686.78,43737.71,33,Trousers,1,0,No Complaint,None,No Complaint,0,0,No,,1,0.062,Changed Mind,8,26191.07,No,No,4.7,3.2,1.5,1,0,2,3.4,1,8.5,10.1,Yes,4.6,4.3,4.6,4.0,3.0,16,6.6,0.59,0.098,Yes,No,0,Retained,Yes,No,No,No,Not Churned,,5.0
CUST12041,18,Female,Imo,High Value,Referral,2025-08-16,12,8,1,468445.15,48786.36,53193.79,111,Electronics,1,2,Coupon Expired,Medium,Closed,4,5,Yes,4.0,0,0.0,No Return,0,0.0,No,No,4.0,3.3,0.7,1,0,0,3.6,2,3.4,11.2,No,3.6,4.5,3.6,3.8,3.7,54,7.5,2.99,0.111,No,No,0,Dormant,Yes,No,No,Yes,Not Churned,,18.9
CUST12042,57,Female,Kano,New Customer,Website,2026-02-04,6,8,3,170849.71,55364.14,21268.97,35,Trousers,5,2,Order Cancellation,High,Closed,2,1,No,5.0,0,0.0,No Return,0,0.0,No,No,4.3,4.4,0.0,0,0,0,3.9,2,5.4,8.5,Yes,3.6,5.0,3.6,3.5,4.5,-3,8.9,3.95,0.23,No,No,0,Retained,Yes,No,No,No,Not Churned,,4.9
CUST12043,29,Female,Kano,New Customer,Referral,2023-03-12,42,14,4,462337.15,133250.67,30965.22,83,Electronics,1,2,Refund Rejected,Low,Resolved,2,1,No,4.7,3,0.214,Wrong Size,7,50817.27,Yes,No,1.0,2.6,0.0,0,0,1,3.4,2,4.6,8.9,Yes,4.0,5.0,4.0,3.9,3.0,-3,8.3,7.19,0.496,No,No,0,Dormant,Yes,No,No,Yes,Not Churned,,14.4
CUST12044,53,Female,Cross River,Loyal,Facebook,2024-10-25,22,11,3,148731.2,42900.49,15010.69,108,Tops,3,4,Product Not as Described,Low,Resolved,2,2,No,3.2,2,0.182,Poor Quality,2,21665.15,Yes,No,2.8,4.0,0.0,1,0,0,4.7,4,5.9,15.8,No,4.0,3.8,4.0,4.3,3.4,6,8.3,9.81,0.318,No,No,0,Dormant,Yes,No,No,Yes,Not Churned,,16.1
CUST12045,62,Male,Lagos,Regular,Instagram,2025-08-26,12,12,1,202199.95,18419.08,18043.83,34,Trousers,1,1,Issue Not Resolved,Medium,Resolved,4,1,No,5.0,0,0.0,No Return,0,0.0,No,No,7.1,5.5,1.6,3,0,0,4.2,1,2.4,7.0,No,3.4,4.4,3.4,4.2,3.7,26,9.6,3.32,0.013,No,No,0,Churned,No,Yes,No,No,Negative Overall Experience,1778803200000000000,9.1
CUST12046,40,Male,Rivers,Loyal,TikTok,2024-08-09,25,7,5,402045.27,334400.49,64340.47,206,Beauty,5,0,No Complaint,None,No Complaint,0,0,No,,1,0.143,Late Delivery,11,59740.6,Yes,Yes,5.5,4.8,0.7,2,0,1,4.7,0,2.3,15.0,Yes,4.5,3.1,4.5,4.2,4.0,59,9.9,4.11,0.276,No,Yes,3,At Risk,Yes,No,Yes,No,Not Churned,,35.0
CUST12047,64,Female,Kano,Loyal,Email,2024-12-27,20,13,2,397535.37,56257.82,26808.52,102,Accessories,2,0,No Complaint,None,No Complaint,0,0,No,,0,0.0,No Return,0,0.0,No,No,4.8,4.8,0.0,0,0,0,4.2,1,5.0,6.9,Yes,4.9,3.9,4.9,4.2,3.3,58,9.4,13.79,0.166,Yes,No,0,Dormant,Yes,No,No,Yes,Not Churned,,13.5
CUST12048,48,Female,Abia,High Value,Website,2024-01-03,32,7,2,565482.36,141510.97,78046.54,45,Accessories,2,0,No Complaint,None,No Complaint,0,0,No,,0,0.0,No Return,0,0.0,No,No,4.3,4.7,0.0,0,0,1,4.2,3,3.3,13.1,Yes,4.4,4.4,4.4,4.4,3.7,87,9.1,1.08,0.397,Yes,No,0,Retained,Yes,No,No,No,Not Churned,,5.6
CUST12049,28,Male,Abuja,Regular,Google,2023-02-20,42,7,0,225051.98,0.0,34670.3,80,Trousers,5,0,No Complaint,None,No Complaint,0,0,No,,3,0.429,Damaged,7,42336.98,Yes,Yes,2.9,4.6,0.0,1,0,0,4.5,3,5.6,13.8,Yes,3.9,3.7,3.9,3.5,2.3,7,7.5,8.44,0.308,No,No,0,Churned,No,Yes,No,No,Poor Customer Service,1781136000000000000,42.1
CUST12050,27,Female,Plateau,Loyal,Website,2026-03-12,5,10,2,308285.65,59873.9,28783.84,24,Accessories,2,0,No Complaint,None,No Complaint,0,0,No,,0,0.0,No Return,0,0.0,No,No,5.0,3.4,1.6,0,0,1,3.9,1,2.0,2.2,Yes,4.3,5.0,4.3,4.7,4.7,59,8.0,6.48,0.158,No,No,0,Retained,Yes,No,No,No,Not Churned,,3.4
CUST12051,20,Female,Abia,Regular,Google,2025-09-14,11,13,3,373546.03,74949.73,28391.77,115,Dresses,1,3,App Crash,Low,Resolved,5,3,No,4.1,2,0.154,Not as Expected,3,31655.22,Yes,Yes,4.3,4.8,0.0,0,0,2,2.9,3,2.0,8.2,No,4.8,3.8,4.8,3.8,3.5,26,6.2,5.57,0.108,No,No,0,Churned,No,Yes,No,No,Website/App Problems,1772755200000000000,35.8
CUST12052,31,Female,Rivers,Loyal,Referral,2026-04-05,4,7,4,361433.83,183353.91,51775.81,9,Tops,5,1,Return Difficulty,Low,Resolved,1,1,No,5.0,0,0.0,No Return,0,0.0,No,No,4.4,4.4,0.0,0,1,0,3.7,1,3.9,7.3,Yes,3.7,4.9,3.7,4.2,4.7,54,10.0,2.83,0.083,No,Yes,3,Retained,Yes,No,No,No,Not Churned,,15.4
CUST12053,33,Male,Plateau,Regular,Google,2023-09-17,36,11,2,374595.56,56884.75,30226.49,73,Electronics,5,1,Website Error,Low,Closed,4,2,No,4.1,1,0.091,Wrong Size,3,14109.5,No,No,4.7,3.2,1.5,1,0,2,3.2,1,21.4,21.7,No,3.8,3.6,3.8,3.4,2.5,18,6.7,3.22,0.491,No,No,0,Churned,No,Yes,No,No,Poor Product Quality,1776902400000000000,35.5
CUST12054,27,Female,Plateau,Regular,Google,2023-06-07,39,10,3,349755.87,90645.67,32650.37,42,Dresses,5,1,Product Not as Described,Medium,Resolved,3,0,No,5.0,1,0.1,Late Delivery,2,16691.39,No,No,4.7,5.4,0.0,0,0,0,3.4,1,16.2,29.9,No,3.5,4.5,3.5,3.5,3.2,-1,6.8,8.26,0.531,No,No,0,Retained,Yes,No,No,No,Not Churned,,6.2
CUST12055,46,Male,Oyo,Regular,Website,2023-04-09,41,10,4,396365.45,155993.74,37165.84,32,Trousers,2,1,Damaged Product,Low,Resolved,3,0,No,5.0,1,0.1,Defective,3,28999.69,Yes,No,6.0,5.5,0.5,0,0,0,4.7,2,2.8,5.0,No,4.5,4.4,4.5,4.8,4.8,41,7.6,12.65,0.617,No,Yes,3,Retained,Yes,No,No,No,Not Churned,,5.0
CUST12056,27,Female,Oyo,Regular,Referral,2023-08-29,36,4,4,60873.22,60873.22,16792.18,143,Dresses,4,1,Duplicate Charge,Low,Escalated,1,0,Yes,4.5,0,0.0,No Return,0,0.0,No,No,3.6,3.6,0.0,0,0,0,3.4,1,0.9,4.9,Yes,4.4,3.3,4.4,3.5,3.5,6,7.4,3.08,0.294,No,Yes,3,At Risk,Yes,No,Yes,No,Not Churned,,22.5
CUST12057,29,Female,Oyo,Loyal,Google,2023-07-21,37,8,2,242782.88,65367.44,33539.19,40,Beauty,2,3,Poor Product Quality,Low,Closed,1,2,No,3.5,3,0.375,Defective,2,37149.02,No,No,5.1,4.8,0.3,1,0,0,3.4,3,5.4,7.2,No,4.5,3.6,4.5,3.4,3.2,-24,4.2,1.26,0.293,No,No,0,Retained,Yes,No,No,No,Not Churned,,6.2
CUST12058,47,Female,Oyo,Loyal,Facebook,2024-09-25,23,10,4,331006.05,109556.8,31244.76,26,Dresses,5,3,Stock Availability,High,Pending,4,1,No,4.7,0,0.0,No Return,0,0.0,No,No,3.4,4.5,0.0,0,0,0,4.0,3,3.9,4.3,No,4.0,5.0,4.0,4.6,3.8,76,10.0,3.57,0.245,No,No,0,Retained,Yes,No,No,No,Not Churned,,14.2
CUST12059,58,Female,Abuja,Loyal,Instagram,2026-01-24,7,8,2,293940.59,69970.41,39840.04,72,Electronics,1,2,Missing Product,Medium,Resolved,4,3,No,4.6,0,0.0,No Return,0,0.0,No,No,5.3,4.3,1.0,1,0,1,3.6,2,13.3,16.7,No,4.2,4.6,4.2,4.0,4.0,43,7.0,4.28,0.034,Yes,Yes,1,Retained,Yes,No,No,No,Not Churned,,12.9
CUST12060,18,Male,Abia,New Customer,Referral,2025-01-15,19,12,3,619868.14,151391.99,51533.11,56,Trousers,4,6,Poor Product Quality,Low,Resolved,4,0,No,5.0,1,0.083,Duplicate Order,1,21627.19,No,No,3.7,3.0,0.7,0,0,1,4.6,6,11.5,12.7,No,3.5,4.8,3.5,4.4,4.4,99,10.0,6.17,0.143,No,No,0,At Risk,Yes,No,Yes,No,Not Churned,,9.0
CUST12061,22,Male,Imo,Loyal,Facebook,2024-05-04,28,18,1,531679.19,30591.19,28570.69,86,Bags,5,3,Issue Not Resolved,Medium,Resolved,3,4,Yes,5.0,0,0.0,No Return,0,0.0,No,No,5.5,3.9,1.6,5,0,1,4.7,4,4.4,5.3,No,3.7,3.6,3.7,3.9,2.6,-10,7.7,2.06,0.41,No,Yes,6,Churned,No,Yes,No,No,Price Too High,1768435200000000000,40.5
CUST12062,37,Male,Anambra,Regular,Instagram,2024-08-01,25,9,1,361671.71,42592.68,40806.64,35,Tops,2,1,Wrong Product,High,Resolved,5,1,No,4.9,0,0.0,No Return,0,0.0,No,No,5.1,4.7,0.4,0,0,0,4.3,1,16.4,18.5,No,3.6,3.7,3.6,3.8,3.4,28,8.3,13.23,0.267,No,No,0,Retained,Yes,No,No,No,Not Churned,,7.1
CUST12063,25,Male,Edo,Loyal,Referral,2024-06-10,27,12,5,180903.31,89349.97,16694.81,38,Electronics,3,4,Issue Not Resolved,Critical,Resolved,6,0,No,3.6,1,0.083,Changed Mind,5,13098.4,Yes,Yes,4.0,5.5,0.0,0,0,0,3.9,4,9.9,16.4,No,3.0,3.7,3.0,3.3,2.9,35,4.8,5.45,0.608,No,Yes,4,Retained,Yes,No,No,No,Not Churned,,5.2
CUST12064,60,Male,Imo,High Value,TikTok,2023-09-30,35,6,0,540601.27,0.0,83371.72,56,Shoes,5,4,Coupon Expired,Low,Resolved,4,2,No,5.0,0,0.0,No Return,0,0.0,No,No,4.3,4.3,0.0,0,0,0,3.6,4,13.1,16.6,No,3.1,4.8,3.1,3.9,3.2,12,7.4,14.47,0.408,Yes,No,0,Retained,Yes,No,No,No,Not Churned,,17.3
CUST12065,29,Male,Kano,New Customer,TikTok,2025-02-24,18,13,4,975320.07,242808.27,67048.61,37,Accessories,1,2,Refund Rejected,Low,Pending,1,1,No,5.0,1,0.077,Wrong Item,1,49197.9,No,No,3.2,4.8,0.0,1,0,1,4.4,2,4.6,14.4,Yes,3.3,4.5,3.3,3.7,3.6,-11,5.5,4.0,0.107,No,No,0,Churned,No,Yes,No,No,Poor Customer Service,1776470400000000000,48.6
CUST12066,18,Male,Oyo,Loyal,Referral,2024-03-28,29,13,4,327426.02,93580.03,27268.44,58,Bags,3,1,Repeated Issue,High,Escalated,2,1,Yes,4.9,1,0.077,Wrong Size,5,14020.34,No,No,7.8,5.2,2.6,2,0,0,2.7,1,6.2,10.6,Yes,3.4,3.6,3.4,3.5,3.6,-13,7.1,1.12,0.251,No,No,0,Churned,No,Yes,No,No,Poor Product Quality,1774569600000000000,16.5
CUST12067,37,Female,Ogun,New Customer,Website,2026-03-21,5,9,3,336784.23,109679.86,33693.68,14,Bags,3,2,Refund Delayed,High,Resolved,3,2,No,4.0,1,0.111,Wrong Color,5,28461.7,Yes,No,4.1,4.3,0.0,0,0,0,4.1,4,10.2,12.4,No,5.0,4.2,5.0,4.8,5.0,44,9.8,2.95,0.186,No,No,0,Retained,Yes,No,No,No,Not Churned,,12.5
CUST12068,45,Female,Rivers,Regular,Website,2023-12-13,33,10,0,123072.38,0.0,11260.59,134,Dresses,2,1,Product Not as Described,Low,Resolved,2,3,No,3.6,1,0.1,Changed Mind,2,6006.84,No,No,5.2,4.8,0.4,0,0,0,4.7,1,3.4,8.8,No,4.7,4.7,4.7,5.0,4.5,50,7.3,11.24,0.151,No,No,0,At Risk,Yes,No,Yes,No,Not Churned,,54.6
CUST12069,60,Female,Rivers,Regular,Website,2025-03-26,17,7,3,319031.6,141034.28,44152.37,46,Bags,2,2,Discount Not Applied,Low,Closed,1,1,No,4.5,0,0.0,No Return,0,0.0,No,No,4.5,3.9,0.6,1,0,0,4.4,2,3.7,8.4,Yes,3.5,4.9,3.5,5.0,4.1,66,8.7,3.92,0.29,No,Yes,6,Churned,No,Yes,No,No,Refund Problems,1785110400000000000,23.1
CUST12070,54,Male,Kano,New Customer,Referral,2024-02-18,30,9,3,210789.91,69743.44,22499.8,26,Bags,4,1,Discount Not Applied,High,Resolved,1,1,No,5.0,0,0.0,No Return,0,0.0,No,No,3.2,3.4,0.0,1,1,0,3.6,1,5.3,8.9,Yes,3.8,4.3,3.8,4.5,5.0,11,9.2,4.07,0.342,No,Yes,3,Retained,Yes,No,No,No,Not Churned,,3.3
CUST12071,64,Female,Anambra,Loyal,Google,2024-03-06,30,11,3,170210.26,46514.11,14654.15,95,Bags,5,3,Wrong Product,Low,Resolved,6,0,No,3.6,1,0.091,Wrong Size,8,9952.03,Yes,Yes,6.0,4.0,2.0,2,0,1,3.8,3,6.8,9.1,No,2.6,4.4,2.6,3.5,2.8,23,6.8,7.18,0.205,Yes,Yes,5,Dormant,Yes,No,No,Yes,Not Churned,,12.9
CUST12072,54,Female,Kaduna,New Customer,Email,2024-01-14,32,6,1,231490.74,34087.17,37762.88,37,Dresses,4,3,Issue Not Resolved,Medium,Resolved,2,1,No,5.0,1,0.167,Poor Quality,7,31137.19,No,No,3.1,2.8,0.3,0,0,0,3.8,3,3.9,6.6,Yes,3.3,4.4,3.3,3.8,2.8,12,8.3,8.32,0.714,No,No,0,Retained,Yes,No,No,No,Not Churned,,24.7
CUST12073,29,Male,Kaduna,New Customer,Facebook,2025-09-24,11,9,3,206344.98,63311.78,20692.95,42,Trousers,4,2,Failed Payment,High,Escalated,12,2,Yes,4.3,0,0.0,No Return,0,0.0,No,No,4.5,5.3,0.0,1,0,0,5.0,3,9.4,12.0,No,4.3,3.6,4.3,4.0,4.6,20,6.3,10.78,0.225,No,Yes,5,Churned,No,Yes,No,No,Negative Overall Experience,1775088000000000000,24.6
CUST12074,54,Male,Edo,Regular,Facebook,2025-06-13,14,8,4,157421.85,80480.92,19521.43,90,Bags,3,5,Wrong Product,Low,Resolved,1,1,No,5.0,1,0.125,Defective,3,8792.93,No,No,3.4,3.4,0.0,1,0,0,3.9,5,20.2,21.4,Yes,3.3,3.8,3.3,3.8,3.9,-11,6.4,12.37,0.474,No,Yes,4,At Risk,Yes,No,Yes,No,Not Churned,,12.8
CUST12075,61,Male,Abia,Loyal,Google,2024-03-03,30,10,1,477893.56,45950.24,46501.08,74,Shoes,2,2,Wrong Product,Low,Resolved,3,0,No,3.6,0,0.0,No Return,0,0.0,No,No,4.7,3.9,0.8,0,0,1,4.5,2,0.2,3.0,No,4.2,5.0,4.2,4.3,3.9,39,7.7,2.13,0.181,Yes,No,0,Churned,No,Yes,No,No,Negative Overall Experience,1767312000000000000,26.1
CUST12076,45,Female,Anambra,High Value,Instagram,2026-01-12,7,14,0,872579.14,0.0,70036.2,171,Accessories,3,2,Coupon Expired,Medium,Resolved,10,1,No,4.4,0,0.0,No Return,0,0.0,No,No,4.1,4.5,0.0,0,0,1,3.7,2,7.2,12.2,No,3.3,5.0,3.3,4.2,2.8,20,7.7,11.93,0.208,No,No,0,At Risk,Yes,No,Yes,No,Not Churned,,23.1
CUST12077,64,Male,Kano,Loyal,Email,2023-07-11,38,11,5,373765.4,200708.63,36590.55,111,Bags,5,3,Failed Payment,Medium,Closed,3,0,No,5.0,1,0.091,Late Delivery,4,32504.07,No,No,3.9,4.0,0.0,1,0,0,4.8,3,0.9,4.9,No,3.5,4.0,3.5,3.9,4.0,-1,7.3,4.36,0.107,No,No,0,Dormant,Yes,No,No,Yes,Not Churned,,20.5
CUST12078,32,Female,Kaduna,Loyal,Referral,2023-02-10,43,8,3,526372.66,149731.58,58536.84,145,Dresses,4,3,Product Not as Described,Low,Resolved,8,1,No,3.8,2,0.25,Wrong Size,9,77078.35,No,No,4.2,3.3,0.9,1,2,0,3.7,3,7.7,14.6,No,4.0,3.6,4.0,3.8,2.4,15,7.4,2.32,0.203,Yes,No,0,At Risk,Yes,No,Yes,No,Not Churned,,32.0
CUST12079,23,Female,Kaduna,Regular,Referral,2023-05-16,40,12,3,297818.4,78608.25,27188.36,10,Accessories,4,4,Refund Rejected,Low,Closed,2,3,No,5.0,0,0.0,No Return,0,0.0,No,No,5.5,5.5,0.0,0,0,0,3.9,4,16.4,17.3,No,3.8,3.6,3.8,4.1,3.7,11,9.7,8.81,0.078,No,No,0,Retained,Yes,No,No,No,Not Churned,,34.5
CUST12080,61,Female,Kaduna,New Customer,Referral,2023-04-16,41,6,3,286839.6,132495.94,42529.03,65,Electronics,5,1,Issue Not Resolved,High,Closed,1,1,No,4.6,1,0.167,Defective,2,27055.78,No,No,5.6,5.0,0.6,0,0,0,5.0,1,3.1,7.9,Yes,3.3,5.0,3.3,4.5,4.7,32,9.6,4.42,0.741,No,No,0,Retained,Yes,No,No,No,Not Churned,,8.3
CUST12081,37,Female,Enugu,New Customer,Google,2024-06-02,27,10,1,378202.1,37090.72,35961.04,34,Accessories,4,2,Damaged Product,Low,Resolved,4,0,No,5.0,0,0.0,No Return,0,0.0,No,No,3.4,2.8,0.6,1,0,0,3.3,2,3.1,11.5,No,3.7,4.2,3.7,4.0,3.5,48,8.5,8.03,0.374,Yes,Yes,2,Retained,Yes,No,No,No,Not Churned,,5.1
CUST12082,31,Female,Ogun,Regular,Instagram,2025-03-24,17,11,2,494354.6,77021.01,39826.3,112,Trousers,2,2,Wrong Product,Medium,Resolved,2,3,No,4.0,1,0.091,Defective,6,17630.75,Yes,No,3.0,3.6,0.0,2,0,0,4.1,4,9.5,13.2,No,2.9,4.6,2.9,4.0,3.8,35,7.5,1.31,0.096,No,No,0,Churned,No,Yes,No,No,Poor Customer Service,1788048000000000000,45.2
CUST12083,19,Male,Imo,Loyal,Referral,2023-05-06,40,12,2,268544.6,43157.21,20346.83,94,Electronics,2,3,Repeated Issue,Low,Closed,2,0,No,4.4,2,0.167,Poor Quality,4,32914.1,No,No,2.7,3.1,0.0,0,0,2,3.4,3,0.6,2.0,Yes,5.0,3.9,5.0,4.1,3.8,24,8.1,14.84,0.512,Yes,No,0,Dormant,Yes,No,No,Yes,Not Churned,,14.1
CUST12084,26,Female,Abuja,Regular,TikTok,2024-02-04,31,7,2,77718.12,20313.61,9969.76,176,Dresses,4,1,Issue Not Resolved,High,Resolved,3,1,No,5.0,0,0.0,No Return,0,0.0,No,No,1.9,3.9,0.0,0,0,0,4.5,4,10.4,12.4,No,4.1,4.8,4.1,4.0,4.8,43,7.3,1.73,0.32,No,No,0,Churned,No,Yes,No,No,Competitor,1769385600000000000,65.4
CUST12085,54,Male,Kano,Loyal,Google,2023-03-20,42,11,1,703818.09,61823.06,62631.66,49,Electronics,5,3,Missing Product,Medium,Resolved,2,3,No,4.6,2,0.182,Late Delivery,3,51587.91,Yes,No,5.1,3.1,2.0,1,0,2,3.4,3,11.4,16.5,No,2.8,3.3,2.8,3.1,2.6,-9,6.8,5.92,0.189,No,No,0,Retained,Yes,No,No,No,Not Churned,,15.8
CUST12086,37,Female,Delta,Regular,TikTok,2024-01-24,31,13,4,406374.51,104107.46,28344.86,185,Electronics,3,1,Discount Not Applied,Medium,Resolved,1,2,No,4.1,0,0.0,No Return,0,0.0,No,No,4.1,3.4,0.7,2,0,0,3.5,1,6.4,17.0,No,4.9,4.0,4.9,4.4,4.4,23,9.8,0.79,0.322,No,No,0,At Risk,Yes,No,Yes,No,Not Churned,,57.0
CUST12087,43,Female,Lagos,New Customer,Facebook,2023-03-15,42,11,3,144438.73,36940.74,13074.02,22,Electronics,4,2,Discount Not Applied,High,Escalated,5,1,Yes,5.0,2,0.182,Wrong Color,2,22232.52,No,No,3.9,4.1,0.0,0,0,0,4.3,2,3.5,12.5,No,3.3,4.2,3.3,3.6,3.3,30,9.1,1.7,0.209,No,No,0,Retained,Yes,No,No,No,Not Churned,,7.1
CUST12088,46,Female,Imo,Regular,Facebook,2025-10-25,10,10,0,283542.96,0.0,31789.94,56,Beauty,1,0,No Complaint,None,No Complaint,0,0,No,,1,0.1,Duplicate Order,11,22850.39,Yes,Yes,2.2,2.9,0.0,0,1,0,4.8,1,3.8,11.5,Yes,4.2,4.9,4.2,5.0,4.3,50,9.1,5.42,0.101,Yes,No,0,Retained,Yes,No,No,No,Not Churned,,17.1
CUST12089,18,Female,Lagos,Loyal,Instagram,2023-03-23,41,13,4,525799.23,164950.55,38306.06,28,Beauty,2,1,Product Not as Described,Low,Resolved,5,0,No,3.3,1,0.077,Wrong Size,5,14474.22,Yes,Yes,2.6,5.1,0.0,0,0,0,4.6,2,0.7,5.0,No,4.2,3.9,4.2,4.5,4.6,28,8.9,16.17,0.417,Yes,No,0,Retained,Yes,No,No,No,Not Churned,,22.6
CUST12090,52,Male,Anambra,Loyal,Google,2025-02-14,18,6,1,211753.94,33562.57,32778.77,23,Trousers,1,1,Late Delivery,Critical,Resolved,5,1,No,4.0,1,0.167,Defective,7,20073.37,Yes,Yes,1.9,3.6,0.0,0,0,0,5.0,2,4.0,9.0,No,4.0,4.1,4.0,4.4,3.6,19,10.0,4.91,0.278,Yes,No,0,Retained,Yes,No,No,No,Not Churned,,14.3
CUST12091,23,Female,Plateau,Loyal,Website,2025-09-17,11,12,3,395499.04,116015.53,36320.91,58,Electronics,1,2,Damaged Product,High,Escalated,1,0,Yes,5.0,3,0.25,Duplicate Order,3,85339.97,No,No,7.8,5.2,2.6,4,0,0,3.6,2,4.4,6.2,Yes,4.6,4.5,4.6,3.7,3.2,23,6.7,1.51,0.157,Yes,No,0,Retained,Yes,No,No,No,Not Churned,,52.2
CUST12092,54,Female,Kano,New Customer,Website,2023-10-05,35,7,1,258401.02,29657.65,33549.58,159,Trousers,1,6,Poor Product Quality,Low,Resolved,7,0,No,4.0,2,0.286,Product Description Inaccurate,6,34097.14,Yes,No,1.3,2.6,0.0,0,0,0,3.5,6,9.5,10.1,No,3.4,4.5,3.4,3.8,2.9,38,7.3,12.39,0.293,No,No,0,Churned,No,Yes,No,No,Payment Problems,1773360000000000000,43.3
CUST12093,22,Female,Plateau,High Value,Google,2025-04-19,16,15,4,370226.9,100547.23,27415.17,102,Shoes,4,3,Return Difficulty,Low,Resolved,3,1,No,3.4,0,0.0,No Return,0,0.0,No,No,4.5,4.8,0.0,0,0,0,3.8,3,8.1,9.2,No,3.9,4.3,3.9,3.6,3.1,-9,5.3,8.52,0.322,No,No,0,Dormant,Yes,No,No,Yes,Not Churned,,21.4
CUST12094,50,Female,Kano,Regular,Referral,2023-08-12,37,10,1,347989.97,37308.29,34825.61,40,Trousers,4,2,Return Difficulty,Low,Closed,3,1,No,5.0,0,0.0,No Return,0,0.0,No,No,6.7,5.1,1.6,3,0,0,3.8,2,5.2,17.6,No,3.5,3.8,3.5,3.8,3.7,5,6.5,1.64,0.515,No,No,0,Retained,Yes,No,No,No,Not Churned,,5.0
CUST12095,31,Male,Lagos,New Customer,TikTok,2025-12-27,8,14,5,420965.1,143802.72,29720.04,52,Tops,1,0,No Complaint,None,No Complaint,0,0,No,,0,0.0,No Return,0,0.0,No,No,4.1,5.5,0.0,0,0,2,3.4,2,14.8,32.2,Yes,3.1,5.0,3.1,4.0,3.7,-8,8.1,5.35,0.218,No,No,0,Retained,Yes,No,No,No,Not Churned,,6.5
CUST12096,29,Female,Edo,High Value,Facebook,2024-08-28,24,14,2,438669.6,70258.97,35209.22,8,Beauty,4,3,Product Not as Described,Medium,Closed,5,2,No,3.0,1,0.071,Defective,6,22549.78,Yes,Yes,3.5,2.9,0.6,1,0,2,3.8,4,6.1,28.4,No,3.5,3.5,3.5,4.1,3.6,51,6.9,1.91,0.371,Yes,No,0,Retained,Yes,No,No,No,Not Churned,,2.2
CUST12097,59,Male,Lagos,Regular,Instagram,2023-01-19,44,10,6,347601.2,248785.08,38718.41,106,Bags,1,2,Issue Not Resolved,Low,Resolved,2,0,No,2.9,1,0.1,Wrong Color,2,33290.89,Yes,No,3.3,3.8,0.0,0,0,1,4.7,2,5.0,10.7,Yes,3.4,4.8,3.4,4.8,4.9,32,9.5,3.91,0.172,No,No,0,Dormant,Yes,No,No,Yes,Not Churned,,14.3
CUST12098,37,Male,Kano,Loyal,Email,2024-10-01,23,12,1,508478.89,40229.71,42302.43,17,Dresses,1,2,Late Delivery,Low,Resolved,4,2,No,4.2,2,0.167,Defective,3,47304.7,Yes,Yes,4.2,4.8,0.0,0,0,0,5.0,2,7.4,9.7,No,3.6,3.5,3.6,3.8,3.6,-5,6.3,4.75,0.366,No,No,0,Retained,Yes,No,No,No,Not Churned,,7.7
CUST12099,41,Male,Kaduna,New Customer,Referral,2023-04-07,41,7,1,170240.47,24481.85,25227.25,104,Accessories,3,3,Long Waiting Time,Medium,Pending,2,2,No,5.0,1,0.143,Wrong Size,6,20028.37,Yes,Yes,4.4,4.0,0.4,0,1,0,3.8,3,5.4,19.1,No,4.2,3.9,4.2,3.7,2.7,6,7.3,7.11,0.325,No,No,0,Dormant,Yes,No,No,Yes,Not Churned,,14.1
CUST12100,60,Male,Edo,Regular,Email,2025-12-11,8,12,4,585818.02,155829.12,44368.25,35,Beauty,3,0,No Complaint,None,No Complaint,0,0,No,,2,0.167,Late Delivery,1,48433.41,No,No,3.3,5.0,0.0,0,0,0,3.9,2,10.7,15.2,Yes,3.6,3.6,3.6,3.9,4.4,53,8.3,8.21,0.329,No,No,0,Retained,Yes,No,No,No,Not Churned,,6.4
CUST12101,51,Male,Plateau,High Value,Google,2023-06-24,38,10,1,392171.4,43413.22,39543.74,122,Electronics,3,4,Long Waiting Time,Low,Resolved,5,1,No,5.0,1,0.1,Product Description Inaccurate,6,20594.09,Yes,No,5.1,5.5,0.0,0,1,1,4.3,4,1.3,7.6,No,3.8,4.7,3.8,4.3,3.4,70,9.2,1.34,0.33,No,No,0,At Risk,Yes,No,Yes,No,Not Churned,,32.0
CUST12102,42,Male,Cross River,Regular,TikTok,2026-02-12,6,10,1,524258.39,63092.95,57706.42,45,Accessories,5,1,Delivery Fee,Medium,Closed,3,0,No,4.6,0,0.0,No Return,0,0.0,No,No,5.0,4.8,0.2,0,0,0,4.6,1,1.2,3.0,No,3.8,4.5,3.8,4.2,4.1,24,8.3,3.28,0.252,Yes,No,0,Retained,Yes,No,No,No,Not Churned,,7.4
CUST12103,46,Male,Oyo,Loyal,Facebook,2023-12-14,33,9,2,291534.74,64891.33,35109.25,1,Trousers,2,2,Poor Product Quality,Medium,Resolved,6,1,No,3.3,4,0.444,Defective,2,103122.02,No,No,2.4,4.7,0.0,0,1,1,3.8,2,8.4,17.2,No,3.4,3.5,3.4,3.2,3.4,16,8.1,2.6,0.385,No,No,0,Retained,Yes,No,No,No,Not Churned,,4.3
CUST12104,56,Female,Abia,Regular,Facebook,2023-01-01,44,11,3,607277.74,165821.07,51992.0,87,Electronics,4,3,Exchange Difficulty,Medium,Resolved,1,0,No,5.0,1,0.091,Poor Quality,1,33132.64,Yes,No,6.7,4.2,2.5,2,0,0,3.1,3,6.8,8.4,Yes,2.8,4.9,2.8,4.0,3.6,25,7.7,2.35,0.227,No,No,0,Churned,No,Yes,No,No,Inactive,1786752000000000000,23.9
CUST12105,48,Female,Delta,Loyal,Referral,2023-03-04,42,9,3,112728.72,34195.56,11020.87,39,Accessories,3,2,Refund Delayed,Low,Resolved,3,3,No,5.0,1,0.111,Duplicate Order,10,6242.36,No,No,6.1,3.9,2.2,2,0,0,2.5,2,5.5,9.2,No,3.2,3.7,3.2,2.8,2.8,-1,7.7,1.47,0.24,Yes,Yes,4,Churned,No,Yes,No,No,Relocated,1780963200000000000,58.2
CUST12106,64,Female,Enugu,Regular,Google,2023-08-14,37,9,4,193224.17,68302.42,19258.63,122,Dresses,2,0,No Complaint,None,No Complaint,0,0,No,,2,0.222,Late Delivery,5,14762.79,No,No,3.3,5.0,0.0,0,0,0,4.5,0,15.3,16.0,Yes,3.4,3.0,3.4,3.9,3.2,13,7.1,13.42,0.256,No,No,0,At Risk,Yes,No,Yes,No,Not Churned,,23.4
CUST12107,60,Male,Ogun,Regular,Instagram,2024-02-27,30,14,2,699212.47,93447.47,54585.51,29,Bags,2,0,No Complaint,None,No Complaint,0,0,No,,2,0.143,Duplicate Order,10,81393.8,Yes,Yes,2.5,3.2,0.0,0,1,0,4.2,1,0.7,2.9,Yes,4.6,3.4,4.6,2.9,2.3,-10,6.1,13.67,0.245,No,No,0,At Risk,Yes,No,Yes,No,Not Churned,,8.4
CUST12108,40,Male,Cross River,Regular,Facebook,2025-11-08,9,9,3,299078.42,96209.63,37573.73,19,Dresses,4,2,Long Waiting Time,Medium,Resolved,4,4,Yes,3.7,0,0.0,No Return,0,0.0,No,No,7.3,5.1,2.2,0,0,0,4.8,2,8.0,10.9,No,4.4,4.2,4.4,4.5,4.8,49,9.8,0.63,0.123,Yes,No,0,Retained,Yes,No,No,No,Not Churned,,2.4
CUST12109,61,Female,Abuja,New Customer,Instagram,2023-01-31,43,7,1,120026.1,16746.34,19327.97,77,Dresses,5,2,Poor Customer Service,Medium,Resolved,4,3,No,4.6,0,0.0,No Return,0,0.0,No,No,5.7,5.0,0.7,1,0,0,3.9,3,8.2,10.2,No,2.8,3.9,2.8,3.9,3.8,-10,7.7,6.33,0.262,No,No,0,Dormant,Yes,No,No,Yes,Not Churned,,9.8
CUST12110,55,Male,Oyo,High Value,TikTok,2025-04-24,16,3,2,108145.09,70489.22,35004.9,101,Beauty,1,2,Coupon Expired,Low,Resolved,1,1,No,3.6,1,0.333,Not as Expected,6,26100.8,Yes,Yes,5.3,4.7,0.6,1,0,0,4.3,3,5.4,7.0,Yes,3.1,3.7,3.1,4.1,4.5,4,7.8,1.62,0.43,No,No,0,Churned,No,Yes,No,No,Price Too High,1781481600000000000,54.8
CUST12111,37,Female,Rivers,Regular,Google,2024-09-24,23,11,2,595045.22,104108.29,53496.27,303,Dresses,3,3,Order Cancellation,Medium,Resolved,9,0,No,3.7,1,0.091,Product Description Inaccurate,6,46975.44,Yes,No,6.1,4.6,1.5,0,0,1,3.7,3,5.8,9.6,No,4.4,4.1,4.4,3.6,2.7,10,7.2,8.32,0.334,No,No,0,Churned,No,Yes,No,No,Poor Product Quality,1776124800000000000,89.2
CUST12112,40,Female,Lagos,Regular,Instagram,2023-01-24,43,15,5,234636.39,97293.17,17702.72,201,Electronics,5,2,Repeated Issue,Low,Closed,1,0,No,4.9,1,0.067,Wrong Size,4,9889.55,No,No,3.5,2.5,1.0,0,0,0,4.5,2,3.7,7.0,Yes,4.6,3.1,4.6,4.0,3.4,36,8.1,7.38,0.462,No,No,0,At Risk,Yes,No,Yes,No,Not Churned,,66.5
CUST12113,62,Other,Abia,Regular,Instagram,2025-04-16,16,7,1,229612.5,33761.98,36632.72,32,Bags,4,1,Coupon Expired,Low,Resolved,2,0,No,5.0,1,0.143,Poor Quality,7,28640.52,Yes,No,5.8,5.5,0.3,0,0,0,4.7,1,6.8,7.1,Yes,5.0,4.4,5.0,5.0,4.3,28,9.6,6.96,0.019,No,No,0,Churned,No,Yes,No,No,Better Alternative,1784937600000000000,33.6
CUST12114,33,Female,Plateau,Regular,Instagram,2025-09-09,11,13,7,1367638.2,660527.24,91486.09,143,Shoes,5,6,Delivery Fee,Low,Resolved,1,2,No,3.7,0,0.0,No Return,0,0.0,No,No,3.0,3.7,0.0,0,0,1,4.9,6,12.3,14.6,No,4.5,4.1,4.5,4.9,4.0,51,10.0,2.58,0.185,No,No,0,At Risk,Yes,No,Yes,No,Not Churned,,44.7
CUST12115,59,Female,Delta,Loyal,Referral,2023-06-10,39,7,5,173804.56,103055.66,21769.82,53,Dresses,2,1,Discount Not Applied,Critical,Resolved,3,0,No,4.9,2,0.286,Not as Expected,1,26673.79,Yes,No,3.9,3.6,0.3,0,0,1,4.3,1,4.6,9.8,No,3.8,4.2,3.8,4.1,4.5,30,7.6,0.58,0.391,No,No,0,Retained,Yes,No,No,No,Not Churned,,42.5
CUST12116,25,Male,Lagos,High Value,Instagram,2023-04-24,40,18,4,340585.09,72404.24,20696.86,106,Electronics,5,5,Issue Not Resolved,High,Resolved,9,0,No,4.7,1,0.056,Wrong Color,7,9155.52,Yes,Yes,7.9,5.5,2.4,4,0,2,3.4,5,9.4,15.1,No,3.9,3.7,3.9,3.4,2.6,4,5.5,7.58,0.326,No,No,0,Churned,No,Yes,No,No,Website/App Problems,1785974400000000000,20.4
CUST12117,38,Male,Plateau,Regular,TikTok,2024-05-18,27,8,6,72700.29,63077.61,9831.73,77,Trousers,3,1,Return Difficulty,High,Escalated,4,0,Yes,5.0,0,0.0,No Return,0,0.0,No,No,5.5,3.2,2.3,2,1,1,3.6,1,2.0,13.6,No,4.2,4.4,4.2,4.3,4.5,17,8.9,14.62,0.702,No,Yes,3,Dormant,Yes,No,No,Yes,Not Churned,,9.7
CUST12118,18,Female,Abia,Loyal,Instagram,2025-08-12,12,9,4,271191.74,101957.93,26831.02,52,Dresses,5,1,Issue Not Resolved,Low,Resolved,2,0,No,5.0,0,0.0,No Return,0,0.0,No,No,5.2,5.4,0.0,0,0,1,4.2,1,21.2,27.7,Yes,4.7,4.9,4.7,4.7,4.8,44,7.6,14.57,0.195,No,Yes,6,Retained,Yes,No,No,No,Not Churned,,8.1
CUST12119,25,Male,Ogun,Regular,Facebook,2023-12-23,32,8,4,406086.34,215465.51,49911.86,101,Bags,5,2,Refund Rejected,High,Resolved,3,0,No,3.4,0,0.0,No Return,0,0.0,No,No,1.7,3.7,0.0,0,0,0,4.3,2,8.1,25.1,No,3.8,4.7,3.8,4.1,4.1,26,9.6,3.52,0.295,No,No,0,Dormant,Yes,No,No,Yes,Not Churned,,19.3
CUST12120,46,Female,Lagos,New Customer,Website,2023-06-18,39,5,5,142120.07,135327.48,24962.83,26,Tops,2,2,Coupon Expired,High,Closed,1,0,No,5.0,1,0.2,Changed Mind,2,11370.82,No,No,2.8,2.8,0.0,0,0,0,5.0,2,6.9,9.8,Yes,4.9,3.2,4.9,4.7,4.0,52,9.3,12.03,0.309,Yes,No,0,Retained,Yes,No,No,No,Not Churned,,9.5
CUST12121,49,Female,Oyo,Loyal,TikTok,2025-08-26,12,9,3,1024559.32,353080.47,111553.99,35,Accessories,5,0,No Complaint,None,No Complaint,0,0,No,,2,0.222,Late Delivery,3,79677.0,No,No,1.0,4.1,0.0,0,0,0,4.9,1,3.5,12.3,Yes,3.1,4.8,3.1,4.2,4.5,-17,8.8,3.62,0.049,No,Yes,1,Retained,Yes,No,No,No,Not Churned,,22.6
CUST12122,55,Female,Kaduna,Regular,Instagram,2023-08-30,36,8,4,1360685.93,562821.83,164199.12,77,Bags,2,2,App Crash,Medium,Resolved,4,2,No,5.0,0,0.0,No Return,0,0.0,No,No,5.7,4.6,1.1,1,0,2,3.3,2,14.5,17.5,No,4.5,4.4,4.5,4.4,4.1,0,7.1,3.05,0.156,No,No,0,Dormant,Yes,No,No,Yes,Not Churned,,13.2
CUST12123,22,Male,Imo,Loyal,Website,2023-05-19,40,5,0,357470.93,0.0,76103.25,36,Accessories,3,2,Issue Not Resolved,Low,Pending,3,2,No,5.0,0,0.0,No Return,0,0.0,No,No,3.9,4.3,0.0,0,0,0,4.2,4,6.0,6.2,No,3.0,3.9,3.0,3.6,3.9,-40,6.4,2.24,0.139,No,No,0,Retained,Yes,No,No,No,Not Churned,,12.3
CUST12124,64,Female,Kaduna,Loyal,Google,2023-04-07,41,8,4,202525.89,79904.68,22673.37,103,Accessories,3,3,Issue Not Resolved,Medium,Pending,5,3,No,4.0,0,0.0,No Return,0,0.0,No,No,4.3,5.4,0.0,0,0,0,4.4,3,8.1,14.8,No,3.8,3.9,3.8,4.2,3.7,63,8.5,4.03,0.887,No,No,0,Dormant,Yes,No,No,Yes,Not Churned,,16.8
CUST12125,39,Male,Cross River,Regular,Website,2023-05-27,39,6,0,245904.17,0.0,37165.27,42,Electronics,1,2,Long Waiting Time,High,Resolved,2,1,No,4.4,1,0.167,Not as Expected,9,16124.24,No,No,2.3,3.7,0.0,0,0,0,4.7,2,5.2,14.4,Yes,3.0,4.2,3.0,4.8,4.5,43,10.0,17.26,0.053,No,Yes,1,Retained,Yes,No,No,No,Not Churned,,6.8
CUST12126,64,Male,Enugu,High Value,Referral,2025-12-16,8,5,3,117274.19,72576.79,24152.75,57,Beauty,1,2,Late Delivery,Medium,Resolved,3,2,No,4.2,0,0.0,No Return,0,0.0,No,No,3.3,3.8,0.0,0,0,0,4.0,2,2.7,4.8,No,3.2,3.8,3.2,3.4,3.5,32,6.6,5.74,0.119,No,No,0,Retained,Yes,No,No,No,Not Churned,,11.5
CUST12127,51,Other,Edo,Loyal,TikTok,2025-12-01,9,12,3,293840.51,66364.17,23424.62,56,Beauty,2,1,Delivery Fee,Low,Escalated,3,0,Yes,5.0,3,0.25,Late Delivery,2,64794.88,No,No,1.9,3.2,0.0,0,0,0,3.3,2,3.5,6.5,No,3.3,3.8,3.3,2.5,1.6,-46,5.6,6.22,0.127,Yes,Yes,4,At Risk,Yes,No,Yes,No,Not Churned,,27.6
CUST12128,18,Female,Lagos,Regular,Email,2025-05-15,15,10,4,366939.97,155553.54,37743.67,113,Shoes,1,1,Late Delivery,Low,Resolved,15,1,No,3.8,1,0.1,Wrong Color,3,15309.29,Yes,Yes,5.2,4.2,1.0,1,0,1,4.2,1,7.9,15.0,No,3.4,5.0,3.4,4.1,3.5,37,6.0,27.67,0.327,No,No,0,Dormant,Yes,No,No,Yes,Not Churned,,20.8
CUST12129,43,Male,Anambra,Loyal,Facebook,2024-06-26,26,10,4,194121.33,75442.81,19310.34,82,Accessories,1,1,Poor Customer Service,Low,Resolved,2,1,No,4.5,1,0.1,Damaged,5,16223.48,No,No,2.4,5.3,0.0,1,0,0,4.2,2,11.5,11.8,Yes,4.5,3.1,4.5,4.4,4.1,76,10.0,2.27,0.276,No,No,0,Dormant,Yes,No,No,Yes,Not Churned,,15.7
CUST12130,60,Female,Kaduna,Regular,Referral,2024-11-22,21,11,4,157579.12,54110.52,12900.41,47,Dresses,4,2,Issue Not Resolved,High,Pending,4,0,No,4.5,2,0.182,Duplicate Order,7,21862.53,No,No,4.5,3.5,1.0,0,0,1,3.1,2,18.4,21.2,No,4.4,4.2,4.4,3.9,3.4,38,7.8,17.34,0.318,Yes,No,0,Retained,Yes,No,No,No,Not Churned,,8.7
CUST12131,27,Female,Ogun,High Value,Google,2025-10-22,10,7,2,113658.94,32024.91,16365.23,28,Shoes,1,2,Long Waiting Time,Critical,Resolved,4,1,No,4.1,1,0.143,Damaged,14,7890.49,Yes,No,4.2,2.8,1.4,0,0,0,3.0,2,1.7,5.2,No,3.8,4.7,3.8,3.5,2.8,25,6.7,2.66,0.239,No,No,0,Retained,Yes,No,No,No,Not Churned,,5.2
CUST12132,47,Female,Kano,Loyal,Instagram,2026-03-07,5,12,1,483683.65,34308.9,36412.55,74,Trousers,5,2,Long Waiting Time,Medium,Resolved,8,2,No,5.0,0,0.0,No Return,0,0.0,No,No,4.8,3.6,1.2,0,0,0,4.6,2,1.8,8.0,No,4.6,4.2,4.6,5.0,4.4,59,10.0,12.33,0.089,No,No,0,Retained,Yes,No,No,No,Not Churned,,18.8
CUST12133,35,Female,Imo,New Customer,Instagram,2025-06-22,14,11,1,995851.82,74716.11,79467.43,37,Trousers,3,4,Poor Product Quality,Low,Resolved,8,1,No,4.0,1,0.091,Product Description Inaccurate,3,71289.86,No,No,4.1,5.1,0.0,0,0,0,5.0,4,1.0,8.8,No,3.0,4.2,3.0,3.8,4.0,3,7.3,6.29,0.444,No,No,0,Retained,Yes,No,No,No,Not Churned,,5.6
CUST12134,34,Male,Cross River,Regular,Instagram,2024-12-30,20,13,1,648226.9,47156.13,50244.82,32,Shoes,1,3,Late Delivery,Low,Resolved,12,1,No,4.0,2,0.154,Damaged,2,73591.39,No,No,5.2,5.2,0.0,1,0,0,4.5,3,12.4,13.3,No,3.8,4.1,3.8,4.1,3.9,34,9.2,4.19,0.094,No,No,0,Retained,Yes,No,No,No,Not Churned,,4.7
CUST12135,43,Female,Delta,Loyal,Referral,2023-11-27,33,7,3,237194.43,88120.39,30337.45,55,Dresses,2,3,Return Difficulty,Medium,Resolved,2,0,No,4.4,1,0.143,Wrong Color,2,25915.94,No,No,2.8,2.9,0.0,0,0,1,3.9,3,4.9,22.7,Yes,4.2,4.5,4.2,3.6,2.9,18,7.7,2.12,0.323,No,No,0,Retained,Yes,No,No,No,Not Churned,,12.9
CUST12136,25,Female,Plateau,New Customer,Referral,2024-09-08,24,7,1,310600.9,40472.31,46120.66,224,Accessories,4,1,Login Problem,Medium,Resolved,2,4,Yes,4.9,1,0.143,Wrong Item,5,38846.51,No,No,2.8,4.8,0.0,1,0,0,4.2,2,9.6,12.2,No,4.1,4.3,4.1,4.2,3.6,15,10.0,15.08,0.125,Yes,No,0,At Risk,Yes,No,Yes,No,Not Churned,,33.6
CUST12137,64,Male,Anambra,New Customer,Referral,2024-02-08,31,7,4,190977.76,125814.03,30975.66,66,Dresses,4,2,Issue Not Resolved,Medium,Resolved,9,3,No,5.0,2,0.286,Late Delivery,14,40857.04,No,No,1.6,2.9,0.0,0,0,0,4.0,2,0.6,9.0,No,4.3,4.4,4.3,3.8,3.2,35,8.1,2.33,0.055,Yes,No,0,Retained,Yes,No,No,No,Not Churned,,24.6
CUST12138,57,Female,Oyo,Regular,Instagram,2024-05-22,27,12,3,578802.85,149914.66,53425.89,144,Bags,3,2,Unexpected Charge,Medium,Resolved,3,1,No,4.9,0,0.0,No Return,0,0.0,No,No,6.3,5.2,1.1,1,0,0,3.5,2,4.7,9.4,No,2.9,4.6,2.9,4.2,4.0,18,9.9,6.37,0.131,No,No,0,Churned,No,Yes,No,No,Price Too High,1767830400000000000,61.5
CUST12139,29,Male,Oyo,Regular,Google,2026-02-24,6,11,3,545935.3,136661.34,45996.0,7,Shoes,3,0,No Complaint,None,No Complaint,0,0,No,,0,0.0,No Return,0,0.0,No,No,2.6,3.9,0.0,0,0,0,4.2,5,2.8,16.3,Yes,3.7,4.7,3.7,3.9,4.1,20,8.2,9.91,0.161,No,No,0,Retained,Yes,No,No,No,Not Churned,,1.7
CUST12140,44,Female,Enugu,Regular,Website,2025-11-04,10,13,2,119701.16,19929.75,10151.36,16,Shoes,2,3,Return Difficulty,Low,Resolved,3,2,No,5.0,1,0.077,Defective,6,3721.61,Yes,Yes,7.5,5.2,2.3,4,1,0,2.6,3,4.3,15.8,No,3.1,4.2,3.1,3.4,2.7,23,8.4,11.07,0.14,No,No,0,Retained,Yes,No,No,No,Not Churned,,2.9
CUST12141,25,Male,Enugu,Regular,Google,2023-08-14,37,8,2,212513.59,49880.85,23434.04,80,Beauty,2,3,Issue Not Resolved,Low,Resolved,1,1,No,5.0,1,0.125,Wrong Size,1,12796.93,No,No,3.6,2.7,0.9,0,0,0,3.4,3,13.0,30.7,Yes,4.1,3.5,4.1,3.7,3.0,45,7.7,5.81,0.396,No,No,0,Churned,No,Yes,No,No,Competitor,1769558400000000000,15.0
CUST12142,42,Male,Edo,New Customer,Referral,2025-09-10,11,7,2,346146.93,94588.51,44390.13,62,Electronics,2,1,Poor Product Quality,Medium,Resolved,11,0,No,3.4,0,0.0,No Return,0,0.0,No,No,1.5,2.7,0.0,0,0,0,3.4,3,3.7,11.0,No,4.0,3.4,4.0,3.7,3.4,34,7.0,4.58,0.103,No,No,0,Retained,Yes,No,No,No,Not Churned,,7.7
CUST12143,63,Female,Imo,Loyal,Website,2025-05-14,15,9,4,434080.16,207745.98,47331.37,4,Trousers,4,2,Long Waiting Time,Low,Escalated,4,3,Yes,4.0,1,0.111,Product Description Inaccurate,1,28507.32,No,No,6.9,5.3,1.6,1,0,0,3.0,3,6.3,13.1,No,3.7,4.4,3.7,4.0,4.0,24,9.2,3.54,0.161,No,Yes,3,Retained,Yes,No,No,No,Not Churned,,0.5
CUST12144,21,Female,Kano,Regular,Website,2026-02-02,7,13,0,345353.16,0.0,25617.58,159,Shoes,4,0,No Complaint,None,No Complaint,0,0,No,,0,0.0,No Return,0,0.0,No,No,5.0,4.8,0.2,0,0,0,3.8,1,15.8,18.9,Yes,4.2,4.1,4.2,4.3,4.7,60,9.5,9.21,0.208,No,No,0,At Risk,Yes,No,Yes,No,Not Churned,,20.1
CUST12145,50,Female,Delta,Regular,Referral,2025-01-14,19,13,3,158977.04,29508.91,11456.02,45,Accessories,2,2,Late Delivery,Low,Escalated,3,1,Yes,4.6,2,0.154,Wrong Size,1,13541.52,No,No,4.9,2.9,2.0,2,0,1,2.7,2,0.3,4.9,No,3.5,3.7,3.5,3.3,3.3,8,6.9,9.11,0.498,No,No,0,Retained,Yes,No,No,No,Not Churned,,44.2
CUST12146,18,Male,Kano,Regular,Website,2024-05-07,28,8,5,305141.95,169247.68,35399.08,36,Trousers,1,1,Issue Not Resolved,High,Resolved,7,1,No,3.5,1,0.125,Damaged,8,13107.56,Yes,No,5.6,5.2,0.4,1,0,0,4.5,2,2.5,24.1,No,4.8,4.2,4.8,4.0,3.6,13,7.3,6.46,0.53,No,Yes,6,Retained,Yes,No,No,No,Not Churned,,6.0
CUST12147,36,Female,Rivers,Regular,Google,2023-11-15,34,9,3,139790.09,49428.19,15338.57,64,Bags,1,1,Issue Not Resolved,High,Resolved,4,1,No,5.0,2,0.222,Not as Expected,3,16580.66,No,No,6.4,5.1,1.3,1,0,0,3.7,2,4.9,6.2,No,3.7,3.6,3.7,3.3,3.0,1,5.9,3.16,0.491,No,No,0,Retained,Yes,No,No,No,Not Churned,,49.5
CUST12148,48,Female,Cross River,New Customer,Website,2025-02-11,18,8,0,165639.19,0.0,21464.35,25,Trousers,2,2,Wrong Product,Medium,Closed,4,0,No,4.5,4,0.5,Wrong Size,2,50536.22,No,No,5.2,4.1,1.1,1,1,1,3.7,2,7.2,8.0,No,4.1,3.5,4.1,3.7,3.8,19,8.9,3.36,0.182,No,No,0,Retained,Yes,No,No,No,Not Churned,,23.9
CUST12149,33,Female,Enugu,New Customer,Facebook,2024-03-27,29,10,3,708404.94,178091.17,62926.55,55,Tops,2,1,Refund Delayed,Medium,Resolved,3,0,No,5.0,2,0.2,Poor Quality,12,60279.42,No,No,2.9,3.0,0.0,0,0,2,3.8,2,2.8,12.7,No,3.0,4.5,3.0,3.8,2.9,28,7.7,5.18,0.15,No,Yes,6,Retained,Yes,No,No,No,Not Churned,,55.2
CUST12150,31,Female,Edo,New Customer,Facebook,2025-08-01,13,8,2,183453.13,53594.26,25691.6,62,Shoes,4,0,No Complaint,None,No Complaint,0,0,No,,2,0.25,Damaged,8,47565.42,No,No,3.7,3.8,0.0,0,0,1,3.8,2,10.1,20.6,Yes,5.0,3.8,5.0,3.9,4.1,18,8.2,8.16,0.297,No,No,0,Retained,Yes,No,No,No,Not Churned,,7.7
CUST12151,65,Female,Abia,Loyal,Instagram,2025-04-27,16,9,4,200214.09,93719.16,22789.71,92,Bags,1,1,Poor Customer Service,Low,Closed,2,2,No,5.0,2,0.222,Damaged,9,23900.98,Yes,Yes,5.1,4.2,0.9,0,1,1,4.0,4,17.3,19.8,No,4.0,3.7,4.0,3.4,2.9,10,7.0,7.11,0.469,Yes,Yes,6,Churned,No,Yes,No,No,Price Too High,1776297600000000000,47.0
CUST12152,22,Male,Abuja,Loyal,Website,2025-10-13,10,13,3,414772.16,92866.22,30100.81,92,Bags,3,1,Issue Not Resolved,Medium,Resolved,6,1,No,4.9,0,0.0,No Return,0,0.0,No,No,3.9,3.1,0.8,4,0,0,3.7,1,2.0,6.0,No,3.7,4.2,3.7,5.0,5.0,38,9.5,9.76,0.461,Yes,No,0,Dormant,Yes,No,No,Yes,Not Churned,,15.8
CUST12153,58,Female,Lagos,Loyal,Google,2025-06-02,15,10,2,554854.3,96914.33,49514.51,47,Tops,3,3,Poor Customer Service,Low,Resolved,2,2,No,4.2,1,0.1,Duplicate Order,4,25621.72,No,No,7.1,5.1,2.0,1,0,0,3.2,3,3.0,4.0,No,4.3,4.8,4.3,3.9,3.0,1,5.9,4.83,0.131,No,No,0,Retained,Yes,No,No,No,Not Churned,,28.6
CUST12154,43,Female,Lagos,Loyal,Facebook,2024-02-23,30,10,3,255562.73,83703.26,28394.58,22,Bags,5,1,Exchange Difficulty,Medium,Resolved,2,2,No,3.8,1,0.1,Wrong Color,2,23495.06,No,No,6.4,5.0,1.4,0,1,0,3.8,1,5.7,10.3,No,4.1,3.6,4.1,3.8,3.6,38,6.3,8.48,0.384,No,Yes,3,Retained,Yes,No,No,No,Not Churned,,4.0
CUST12155,45,Male,Abia,Loyal,Facebook,2025-05-14,15,8,2,548179.43,128111.38,64771.04,40,Beauty,3,2,Missing Product,Medium,Resolved,1,2,No,5.0,0,0.0,No Return,0,0.0,No,No,3.5,2.6,0.9,0,0,0,3.9,2,2.9,6.7,No,4.1,5.0,4.1,4.7,3.9,29,8.2,1.6,0.201,No,No,0,Retained,Yes,No,No,No,Not Churned,,6.9
CUST12156,19,Male,Abuja,Regular,Website,2025-02-27,18,11,3,228852.85,60973.35,20568.05,73,Tops,1,2,Order Cancellation,Low,Resolved,3,0,No,4.9,0,0.0,No Return,0,0.0,No,No,1.0,2.6,0.0,0,0,0,4.6,2,3.2,11.5,No,4.2,4.2,4.2,4.5,4.2,68,10.0,3.13,0.231,Yes,No,0,Retained,Yes,No,No,No,Not Churned,,11.7
CUST12157,23,Female,Kaduna,Loyal,Website,2024-05-09,28,4,4,82674.17,69964.94,19400.67,77,Trousers,4,4,Poor Product Quality,Medium,Resolved,9,3,No,5.0,0,0.0,No Return,0,0.0,No,No,5.3,3.8,1.5,1,0,0,3.6,4,10.2,20.4,No,3.3,4.7,3.3,3.6,3.4,9,6.3,1.25,0.362,Yes,Yes,6,Dormant,Yes,No,No,Yes,Not Churned,,20.3
CUST12158,26,Female,Kano,New Customer,Referral,2025-11-28,9,11,0,426342.29,0.0,40137.32,74,Trousers,1,3,Issue Not Resolved,Medium,Resolved,1,1,No,5.0,1,0.091,Duplicate Order,2,22504.47,No,No,5.8,5.3,0.5,0,0,2,2.8,3,8.2,12.0,Yes,3.8,4.4,3.8,3.9,3.6,-7,8.9,9.8,0.189,No,No,0,Retained,Yes,No,No,No,Not Churned,,46.8
CUST12159,50,Female,Abuja,Loyal,Referral,2023-06-11,39,7,5,171774.87,108000.66,22893.47,131,Trousers,1,2,Late Delivery,Low,Pending,3,1,No,4.1,2,0.286,Wrong Size,4,21584.58,Yes,Yes,4.4,4.8,0.0,0,0,1,3.8,2,9.9,22.4,No,3.4,4.3,3.4,4.3,4.0,5,10.0,10.76,0.37,No,No,0,Churned,No,Yes,No,No,Refund Problems,1786060800000000000,36.0
CUST12160,58,Male,Edo,Loyal,Google,2023-05-01,40,13,2,486382.31,85721.55,40287.72,27,Accessories,3,3,Damaged Product,Low,Closed,5,2,No,4.2,1,0.077,Wrong Size,6,31146.44,Yes,Yes,5.6,5.4,0.2,0,0,0,4.7,3,5.9,8.0,No,4.7,4.7,4.7,4.5,3.7,42,10.0,9.86,0.208,Yes,No,0,Retained,Yes,No,No,No,Not Churned,,7.8
CUST12161,42,Female,Delta,Regular,Google,2024-02-03,31,10,0,1047249.95,0.0,96134.61,34,Trousers,2,1,Poor Customer Service,Low,Closed,2,1,No,3.9,2,0.2,Late Delivery,1,145632.65,No,No,1.0,3.4,0.0,0,0,1,3.4,1,0.3,2.1,Yes,3.3,3.5,3.3,3.8,3.6,5,6.4,1.89,0.318,Yes,No,0,Retained,Yes,No,No,No,Not Churned,,4.5
CUST12162,65,Male,Abuja,Regular,Website,2024-12-28,20,7,4,131909.53,75325.02,17410.88,156,Trousers,5,0,No Complaint,None,No Complaint,0,0,No,,3,0.429,Defective,1,48844.97,No,No,7.8,5.4,2.4,1,0,0,3.3,2,8.2,8.7,Yes,3.4,3.9,3.4,3.8,4.2,69,6.8,7.44,0.171,Yes,No,0,At Risk,Yes,No,Yes,No,Not Churned,,23.9
CUST12163,30,Male,Edo,Regular,Instagram,2024-07-14,25,13,0,552786.82,0.0,37443.51,34,Trousers,3,2,Late Delivery,Low,Resolved,7,0,No,3.5,0,0.0,No Return,0,0.0,No,No,4.9,4.1,0.8,2,0,1,2.8,2,19.3,23.8,No,3.2,4.4,3.2,3.4,2.6,7,6.4,9.22,0.124,No,Yes,5,Retained,Yes,No,No,No,Not Churned,,4.8
CUST12164,26,Female,Cross River,Loyal,Google,2024-08-26,24,7,1,323447.15,53117.3,49857.8,37,Electronics,3,2,App Crash,Low,Resolved,3,2,No,3.8,2,0.286,Poor Quality,4,90947.09,No,No,7.1,4.3,2.8,2,0,0,3.3,2,3.5,13.8,No,4.7,3.8,4.7,3.8,4.2,40,9.9,6.0,0.568,No,No,0,Retained,Yes,No,No,No,Not Churned,,6.0
CUST12165,30,Female,Abia,Loyal,Google,2026-02-26,6,6,3,150454.44,61832.34,23327.58,71,Electronics,3,0,No Complaint,None,No Complaint,0,0,No,,1,0.167,Wrong Item,9,16275.26,Yes,Yes,7.0,3.2,3.8,1,1,0,2.9,1,3.6,14.6,Yes,4.1,4.2,4.1,4.5,4.5,51,8.0,5.31,0.655,No,No,0,Retained,Yes,No,No,No,Not Churned,,37.6
CUST12166,48,Female,Enugu,Loyal,Google,2024-06-23,26,9,5,280266.51,142836.84,32199.59,57,Beauty,5,1,Poor Customer Service,High,Closed,1,3,No,3.8,2,0.222,Not as Expected,7,28280.0,No,No,1.0,3.9,0.0,1,0,2,3.5,1,1.8,4.3,No,3.9,4.6,3.9,4.3,4.1,35,8.7,14.27,0.048,Yes,No,0,Churned,No,Yes,No,No,Refund Problems,1777593600000000000,22.7
CUST12167,58,Female,Abia,Regular,Google,2023-12-22,32,10,1,101427.44,9644.73,10608.44,55,Shoes,4,1,Repeated Issue,Medium,Resolved,2,1,No,5.0,0,0.0,No Return,0,0.0,No,No,4.1,4.8,0.0,0,0,0,4.6,3,5.2,10.6,Yes,3.8,3.9,3.8,3.9,4.2,23,5.7,7.64,0.432,Yes,No,0,Churned,No,Yes,No,No,Poor Product Quality,1785024000000000000,39.1
CUST12168,28,Female,Anambra,Loyal,Referral,2024-10-21,22,8,2,252724.13,64921.23,31960.27,60,Shoes,3,2,Product Not as Described,Critical,Resolved,3,1,No,3.9,1,0.125,Poor Quality,3,27930.93,No,No,3.5,3.6,0.0,0,0,0,3.1,2,10.5,12.4,No,4.0,4.6,4.0,3.6,3.6,3,7.9,9.78,0.53,No,No,0,Retained,Yes,No,No,No,Not Churned,,9.5
CUST12169,21,Male,Oyo,Regular,Instagram,2024-03-07,30,7,1,132987.22,19237.73,19851.71,230,Accessories,4,1,Late Delivery,Critical,Resolved,3,2,No,4.6,3,0.429,Defective,4,35627.94,Yes,Yes,3.1,2.7,0.4,0,0,2,4.9,1,5.7,19.0,No,3.8,3.8,3.8,3.6,3.0,18,6.4,0.65,0.192,Yes,No,0,At Risk,Yes,No,Yes,No,Not Churned,,55.6
CUST12170,51,Male,Oyo,Loyal,Referral,2025-12-24,8,17,1,321466.9,17820.39,19967.87,161,Accessories,4,3,Refund Delayed,Medium,Resolved,10,3,No,3.7,0,0.0,No Return,0,0.0,No,No,4.0,5.0,0.0,0,0,1,4.8,3,15.5,16.4,No,2.9,4.1,2.9,3.5,2.8,15,8.5,6.9,0.455,Yes,No,0,At Risk,Yes,No,Yes,No,Not Churned,,36.0
CUST12171,55,Male,Imo,Regular,Facebook,2024-07-16,25,4,3,126039.65,90094.87,28975.59,26,Bags,1,0,No Complaint,None,No Complaint,0,0,No,,0,0.0,No Return,0,0.0,No,No,4.5,2.6,1.9,0,0,0,4.1,1,3.2,5.7,Yes,4.1,4.1,4.1,4.3,4.1,9,7.3,4.74,0.424,Yes,Yes,6,Retained,Yes,No,No,No,Not Churned,,4.5
CUST12172,63,Male,Abia,Regular,Facebook,2025-03-27,17,9,3,248211.26,75809.44,25802.14,89,Bags,2,0,No Complaint,None,No Complaint,0,0,No,,2,0.222,Defective,5,29523.67,No,No,5.0,2.8,2.2,2,0,1,3.8,0,5.4,19.8,Yes,4.2,3.5,4.2,4.0,3.9,-16,6.6,3.81,0.466,Yes,No,0,Dormant,Yes,No,No,Yes,Not Churned,,11.6
CUST12173,21,Female,Rivers,Regular,Instagram,2026-01-02,8,8,5,128426.42,91140.99,17650.17,28,Trousers,5,4,Damaged Product,Medium,Pending,6,1,No,3.9,0,0.0,No Return,0,0.0,No,No,2.5,4.4,0.0,0,1,0,4.4,4,1.9,10.7,No,2.9,4.5,2.9,3.7,4.1,5,6.0,7.97,0.332,No,No,0,Retained,Yes,No,No,No,Not Churned,,5.3
CUST12174,55,Female,Kano,Loyal,Website,2024-12-11,20,6,1,419405.79,73027.05,67782.82,20,Accessories,2,0,No Complaint,None,No Complaint,0,0,No,,2,0.333,Wrong Item,1,126906.88,No,No,5.9,4.5,1.4,2,0,0,4.1,3,2.6,5.8,Yes,3.6,2.8,3.6,3.6,3.5,19,8.4,1.43,0.204,No,No,0,Retained,Yes,No,No,No,Not Churned,,12.2
CUST12175,36,Female,Delta,High Value,Google,2023-01-12,44,17,0,566140.66,0.0,34354.65,71,Tops,4,2,Delivery Fee,Low,Closed,1,1,No,3.8,0,0.0,No Return,0,0.0,No,No,2.7,4.1,0.0,0,0,0,5.0,2,7.7,19.2,Yes,3.8,3.9,3.8,3.5,4.0,1,7.4,10.56,0.054,Yes,No,0,Retained,Yes,No,No,No,Not Churned,,15.9
CUST12176,23,Male,Anambra,New Customer,Referral,2023-08-27,36,7,2,309096.34,71542.55,38659.97,192,Trousers,4,0,No Complaint,None,No Complaint,0,0,No,,0,0.0,No Return,0,0.0,No,No,3.5,2.7,0.8,0,0,0,3.8,0,11.6,14.8,Yes,4.2,4.3,4.2,4.4,3.8,54,10.0,1.73,0.147,No,No,0,Churned,No,Yes,No,No,Price Too High,1787270400000000000,33.8
CUST12177,51,Male,Anambra,New Customer,TikTok,2024-03-28,29,14,2,339800.52,43412.84,24399.28,35,Shoes,5,2,Late Delivery,Low,Resolved,5,1,No,3.4,0,0.0,No Return,0,0.0,No,No,3.9,4.8,0.0,0,0,1,3.5,2,5.1,7.6,No,2.6,3.7,2.6,3.8,3.7,7,6.3,1.96,0.09,No,No,0,Churned,No,Yes,No,No,Inactive,1785456000000000000,30.2
CUST12178,35,Male,Enugu,High Value,TikTok,2024-01-18,31,7,3,193818.25,89358.24,31077.13,87,Dresses,2,5,Delivery Fee,Low,Resolved,10,1,No,3.4,1,0.143,Damaged,3,26811.37,No,No,6.0,4.3,1.7,0,0,0,2.7,5,8.5,14.6,No,3.0,4.2,3.0,3.6,2.4,43,6.2,19.64,0.261,No,No,0,Churned,No,Yes,No,No,Price Too High,1768867200000000000,59.5
CUST12179,30,Female,Abuja,Regular,Google,2025-02-20,18,10,0,114051.58,0.0,11763.19,81,Bags,1,5,Missing Product,Medium,Closed,9,2,No,3.9,0,0.0,No Return,0,0.0,No,No,6.3,4.5,1.8,1,0,0,3.8,5,1.2,9.0,No,2.0,4.4,2.0,3.5,2.0,34,5.6,0.91,0.31,Yes,Yes,7,At Risk,Yes,No,Yes,No,Not Churned,,46.5
CUST12180,58,Female,Kano,Loyal,Google,2023-02-17,43,11,2,200693.32,32576.04,18917.73,116,Tops,2,1,Damaged Product,Medium,Resolved,10,1,No,2.8,0,0.0,No Return,0,0.0,No,No,2.9,2.5,0.4,1,0,1,4.3,1,4.7,10.0,No,4.4,4.3,4.4,4.6,5.0,30,7.9,0.69,0.336,No,No,0,Churned,No,Yes,No,No,Poor Product Quality,1768262400000000000,63.2
CUST12181,40,Female,Abia,Regular,Google,2023-11-13,34,17,3,981146.36,214981.17,65471.46,100,Bags,3,1,Poor Customer Service,High,Resolved,1,1,No,5.0,0,0.0,No Return,0,0.0,No,No,5.3,2.8,2.5,4,0,2,3.5,1,8.5,9.7,Yes,4.4,4.2,4.4,3.2,3.5,-1,8.0,3.38,0.171,No,Yes,6,Churned,No,Yes,No,No,Competitor,1773360000000000000,37.2
CUST12182,36,Female,Lagos,New Customer,Referral,2023-07-28,37,9,4,392610.26,188507.91,43118.82,86,Tops,2,3,Return Difficulty,Low,Resolved,6,1,No,5.0,1,0.111,Changed Mind,8,32585.15,No,No,4.5,4.7,0.0,0,0,0,3.6,3,4.5,6.0,No,3.3,4.1,3.3,3.8,3.5,7,8.1,3.93,0.113,No,No,0,Dormant,Yes,No,No,Yes,Not Churned,,15.2
CUST12183,62,Male,Anambra,Loyal,Google,2026-02-16,6,6,5,171259.95,119033.02,25381.66,29,Shoes,4,1,Issue Not Resolved,High,Resolved,4,3,No,5.0,2,0.333,Wrong Size,6,17797.12,No,No,5.5,4.5,1.0,0,0,0,3.7,1,2.4,7.5,No,4.1,4.2,4.1,3.7,4.3,18,8.2,4.42,0.6,No,No,0,Retained,Yes,No,No,No,Not Churned,,5.0
CUST12184,28,Male,Edo,Loyal,Website,2024-07-30,25,10,2,423457.08,81486.91,38614.59,99,Bags,5,2,Missing Product,Medium,Closed,6,1,No,3.2,2,0.2,Wrong Item,4,72065.65,Yes,Yes,4.1,3.1,1.0,1,1,0,3.3,2,4.1,13.1,No,3.2,5.0,3.2,4.3,4.6,3,7.8,3.41,0.478,No,No,0,Dormant,Yes,No,No,Yes,Not Churned,,31.7
CUST12185,18,Male,Lagos,Regular,Website,2023-11-11,34,7,1,103020.47,12519.7,13820.84,63,Accessories,3,2,Rude Staff,Critical,Resolved,3,2,No,4.3,1,0.143,Product Description Inaccurate,2,10755.23,No,No,4.1,4.0,0.1,0,0,1,4.2,2,24.3,31.3,No,4.2,4.0,4.2,4.5,5.0,38,9.0,2.01,0.276,Yes,No,0,Retained,Yes,No,No,No,Not Churned,,9.3
CUST12186,41,Female,Abia,Regular,Instagram,2025-01-23,19,11,6,281993.52,150900.24,26353.8,81,Accessories,4,0,No Complaint,None,No Complaint,0,0,No,,0,0.0,No Return,0,0.0,No,No,4.7,3.4,1.3,0,0,1,3.4,0,4.9,10.0,Yes,3.9,3.5,3.9,3.9,4.2,1,7.7,5.47,0.215,No,Yes,6,Dormant,Yes,No,No,Yes,Not Churned,,23.4
CUST12187,24,Female,Rivers,Loyal,Instagram,2025-11-25,9,13,4,392866.6,132293.04,32059.77,112,Trousers,2,2,Exchange Difficulty,Medium,Escalated,1,2,Yes,5.0,0,0.0,No Return,0,0.0,No,No,5.8,4.4,1.4,1,0,1,3.4,3,5.6,5.9,No,5.0,4.3,5.0,4.0,4.4,22,7.6,1.2,0.273,No,No,0,Dormant,Yes,No,No,Yes,Not Churned,,13.9
CUST12188,42,Female,Abuja,New Customer,Referral,2025-07-03,14,15,4,681771.33,184634.03,46736.37,87,Bags,5,1,Wrong Product,Medium,Closed,1,6,Yes,4.2,1,0.067,Wrong Item,1,17631.46,No,No,4.3,4.9,0.0,0,0,0,4.5,1,6.9,10.6,No,3.9,4.5,3.9,4.0,3.5,63,7.9,5.66,0.312,No,No,0,Dormant,Yes,No,No,Yes,Not Churned,,11.7
CUST12189,38,Female,Abuja,Loyal,Google,2025-01-24,19,12,2,237888.22,45815.34,21707.68,83,Dresses,3,5,Unexpected Charge,High,Resolved,3,0,No,4.2,0,0.0,No Return,0,0.0,No,No,3.9,3.1,0.8,1,0,0,4.2,5,9.9,18.2,No,3.3,4.4,3.3,4.2,3.4,17,7.6,3.49,0.151,No,No,0,At Risk,Yes,No,Yes,No,Not Churned,,31.3
CUST12190,32,Female,Delta,Regular,Instagram,2024-07-07,26,11,1,325758.3,35758.53,32655.9,81,Accessories,2,1,Failed Payment,Medium,Escalated,4,2,Yes,4.8,1,0.091,Damaged,3,27029.03,No,No,4.6,4.4,0.2,0,0,0,4.5,2,0.2,4.0,No,3.9,4.8,3.9,4.2,4.3,13,8.5,2.94,0.455,Yes,No,0,Dormant,Yes,No,No,Yes,Not Churned,,14.5
CUST12191,18,Male,Anambra,Regular,Website,2024-02-07,31,6,4,176555.96,96909.88,28427.51,30,Accessories,3,5,Price Increase,Low,Escalated,3,1,Yes,5.0,0,0.0,No Return,0,0.0,No,No,4.3,3.8,0.5,0,0,1,4.1,5,2.6,8.6,No,2.9,3.8,2.9,3.3,3.5,-14,8.2,1.86,0.2,No,Yes,6,At Risk,Yes,No,Yes,No,Not Churned,,4.1
CUST12192,29,Male,Enugu,High Value,Facebook,2026-02-04,6,13,3,547870.44,124287.83,38320.34,166,Shoes,1,2,Issue Not Resolved,Medium,Resolved,3,2,No,4.9,1,0.077,Late Delivery,5,30611.29,No,No,5.6,3.1,2.5,7,0,0,2.7,2,3.7,7.3,No,2.7,4.1,2.7,2.7,2.4,-1,6.9,4.21,0.891,No,No,0,Churned,No,Yes,No,No,Too Many Delivery Problems,1774828800000000000,68.4
CUST12193,24,Female,Cross River,Loyal,Website,2023-02-08,43,10,1,325012.93,34168.81,35840.34,63,Tops,1,1,Late Delivery,Medium,Resolved,7,1,No,4.7,0,0.0,No Return,0,0.0,No,No,2.6,3.7,0.0,1,0,0,3.5,1,10.2,11.8,No,3.4,3.7,3.4,4.2,4.9,37,8.1,3.85,0.278,Yes,No,0,Retained,Yes,No,No,No,Not Churned,,21.5
CUST12194,32,Female,Kaduna,Regular,TikTok,2024-08-03,25,15,1,456572.65,29857.54,31363.38,24,Dresses,5,0,No Complaint,None,No Complaint,0,0,No,,2,0.133,Damaged,6,36559.96,No,No,4.8,2.8,2.0,4,1,0,3.7,1,1.2,5.3,Yes,4.8,4.5,4.8,4.1,2.5,49,7.7,0.42,0.155,No,No,0,Retained,Yes,No,No,No,Not Churned,,3.2
CUST12195,38,Female,Kaduna,Loyal,Website,2023-06-29,38,16,2,550574.6,64075.24,37684.01,109,Tops,1,1,Damaged Product,Medium,Pending,1,2,No,4.6,1,0.062,Not as Expected,5,24633.99,Yes,Yes,4.2,4.5,0.0,0,0,1,4.1,1,4.1,9.9,No,3.3,4.2,3.3,4.2,4.4,71,8.9,1.44,0.438,No,No,0,Dormant,Yes,No,No,Yes,Not Churned,,49.4
CUST12196,36,Female,Ogun,Regular,Facebook,2023-01-12,44,14,2,323459.27,50751.4,23971.28,52,Bags,4,1,Product Not as Described,Medium,Resolved,5,1,No,3.8,0,0.0,No Return,0,0.0,No,No,5.2,5.5,0.0,0,0,0,5.0,2,4.4,6.9,No,3.5,3.2,3.5,3.8,4.3,-1,9.3,5.05,0.573,No,No,0,Retained,Yes,No,No,No,Not Churned,,6.8
CUST12197,46,Male,Oyo,Regular,Facebook,2025-07-31,13,9,1,247328.77,25877.57,24888.33,98,Electronics,2,3,Late Delivery,Low,Closed,2,2,No,4.6,2,0.222,Duplicate Order,1,18975.97,No,No,4.4,4.7,0.0,1,1,0,4.5,3,1.7,22.0,No,3.7,3.5,3.7,3.8,3.6,-7,7.3,6.25,0.201,No,Yes,7,Dormant,Yes,No,No,Yes,Not Churned,,19.3
CUST12198,42,Female,Edo,High Value,Referral,2024-07-01,26,12,1,161068.1,16200.56,15091.31,75,Beauty,3,4,Issue Not Resolved,Low,Closed,7,2,No,3.6,1,0.083,Product Description Inaccurate,11,6498.59,No,No,5.3,5.1,0.2,1,0,2,3.9,4,9.6,12.7,No,4.6,4.1,4.6,4.6,4.2,29,10.0,6.18,0.167,No,Yes,1,Retained,Yes,No,No,No,Not Churned,,12.1
CUST12199,50,Female,Lagos,Loyal,Instagram,2026-02-23,6,6,2,283816.02,79993.39,44847.38,25,Bags,3,2,Missing Product,Medium,Resolved,4,3,No,4.8,0,0.0,No Return,0,0.0,No,No,3.6,3.2,0.4,0,0,0,4.7,2,8.5,9.3,No,4.8,3.2,4.8,4.4,3.9,30,9.4,2.36,0.231,No,No,0,Retained,Yes,No,No,No,Not Churned,,4.9
CUST12200,49,Female,Ogun,Loyal,Google,2023-03-04,42,13,0,349730.07,0.0,30019.68,10,Shoes,1,0,No Complaint,None,No Complaint,0,0,No,,1,0.077,Damaged,14,28448.62,No,No,2.1,2.8,0.0,0,1,0,5.0,0,0.8,2.4,Yes,4.2,3.4,4.2,4.4,3.6,26,8.9,3.77,0.141,No,No,0,Churned,No,Yes,No,No,Lack of Product Availability,1782172800000000000,55.9
CUST12201,52,Male,Cross River,Regular,Google,2025-04-23,16,10,3,189647.76,52933.28,19056.87,41,Trousers,3,4,Account Issue,Low,Escalated,3,0,Yes,5.0,0,0.0,No Return,0,0.0,No,No,1.0,2.5,0.0,0,0,0,4.4,4,6.9,9.1,No,3.6,3.4,3.6,4.1,4.4,20,9.8,4.09,0.538,Yes,Yes,6,Retained,Yes,No,No,No,Not Churned,,7.9
CUST12202,61,Female,Rivers,New Customer,Instagram,2026-01-10,7,9,0,198730.74,0.0,21906.07,56,Accessories,3,5,Login Problem,Medium,Resolved,4,0,No,3.8,1,0.111,Poor Quality,6,17888.3,Yes,No,5.6,4.7,0.9,1,0,0,3.4,5,13.6,18.1,No,1.7,4.1,1.7,3.3,2.5,8,5.9,8.07,0.228,Yes,Yes,7,At Risk,Yes,No,Yes,No,Not Churned,,30.8
CUST12203,55,Female,Cross River,New Customer,Facebook,2025-10-05,11,11,2,768205.74,132307.38,70655.95,58,Tops,2,2,Issue Not Resolved,Medium,Resolved,3,1,No,5.0,0,0.0,No Return,0,0.0,No,No,4.9,5.0,0.0,0,0,0,4.4,2,3.3,6.2,No,3.4,4.4,3.4,3.9,4.9,23,8.8,7.47,0.159,No,Yes,6,Retained,Yes,No,No,No,Not Churned,,7.7
CUST12204,43,Female,Plateau,Regular,Website,2023-02-03,43,5,4,148586.62,104502.03,28245.88,31,Dresses,5,3,Missing Product,Low,Pending,7,2,No,5.0,0,0.0,No Return,0,0.0,No,No,1.9,3.1,0.0,0,0,0,4.7,3,14.4,27.3,No,4.1,3.7,4.1,4.1,3.5,49,8.5,2.65,0.176,Yes,Yes,7,Retained,Yes,No,No,No,Not Churned,,4.2
CUST12205,28,Male,Oyo,Loyal,Instagram,2025-01-21,19,9,3,402937.98,105259.81,39173.43,71,Bags,3,3,Poor Product Quality,Critical,Resolved,1,2,No,4.4,1,0.111,Changed Mind,3,17035.57,Yes,Yes,3.9,3.9,0.0,0,0,0,4.8,3,11.5,22.4,No,3.9,3.9,3.9,4.6,3.5,12,7.5,2.0,0.44,No,No,0,Retained,Yes,No,No,No,Not Churned,,16.3
CUST12206,52,Male,Abuja,Regular,Instagram,2023-02-18,43,9,4,214425.62,89057.76,25021.84,42,Tops,1,4,Repeated Issue,Low,Resolved,1,3,No,4.5,0,0.0,No Return,0,0.0,No,No,4.4,4.3,0.1,0,0,1,3.8,4,6.2,9.4,No,4.1,4.8,4.1,4.9,4.1,56,8.1,5.68,0.506,Yes,Yes,7,Retained,Yes,No,No,No,Not Churned,,7.0
CUST12207,25,Female,Lagos,Loyal,Referral,2024-10-19,22,5,4,96313.34,71415.34,18439.57,87,Dresses,1,2,Poor Customer Service,Low,Resolved,7,2,No,4.2,1,0.2,Wrong Size,5,11359.29,No,No,8.9,5.4,3.5,3,0,0,2.6,2,7.9,11.3,No,4.0,3.7,4.0,3.3,2.8,7,6.3,11.25,0.439,No,No,0,Dormant,Yes,No,No,Yes,Not Churned,,31.3
CUST12208,63,Male,Kano,New Customer,Email,2024-12-01,21,9,1,286562.29,31371.41,32628.42,127,Electronics,5,1,Late Delivery,Low,Resolved,2,2,No,4.8,1,0.111,Not as Expected,3,30284.48,Yes,Yes,6.3,5.2,1.1,2,0,2,3.4,1,1.7,10.2,No,4.1,3.3,4.1,4.3,3.6,36,7.7,5.59,0.348,No,Yes,1,At Risk,Yes,No,Yes,No,Not Churned,,18.6
CUST12209,31,Male,Anambra,Regular,Google,2025-12-16,8,11,3,686619.69,170391.13,54284.6,32,Electronics,3,2,Wrong Product,Medium,Resolved,6,1,No,3.9,0,0.0,No Return,0,0.0,No,No,4.2,2.5,1.7,2,0,0,4.6,2,7.1,10.1,No,3.2,3.8,3.2,3.9,3.8,43,5.9,3.58,0.379,No,No,0,Retained,Yes,No,No,No,Not Churned,,7.3
CUST12210,27,Male,Rivers,Regular,Instagram,2023-04-19,41,11,1,812320.64,68597.57,64962.47,26,Bags,3,1,Discount Not Applied,Low,Resolved,3,1,No,5.0,2,0.182,Wrong Color,3,112998.87,No,No,3.2,2.6,0.6,0,0,1,3.8,1,6.2,7.8,No,4.2,4.2,4.2,4.0,3.6,10,7.7,6.74,0.413,No,Yes,3,Retained,Yes,No,No,No,Not Churned,,3.2
CUST12211,19,Male,Kano,Regular,Referral,2025-09-11,11,11,2,612551.57,126129.1,61517.18,42,Beauty,3,2,Long Waiting Time,Low,Closed,3,0,No,5.0,0,0.0,No Return,0,0.0,No,No,5.9,5.4,0.5,0,0,0,4.3,2,4.5,13.5,No,4.9,4.6,4.9,5.0,5.0,68,10.0,1.74,0.538,Yes,No,0,Retained,Yes,No,No,No,Not Churned,,5.2
CUST12212,63,Male,Enugu,New Customer,Website,2023-01-24,43,9,0,450514.37,0.0,43799.48,34,Beauty,5,1,Account Issue,Medium,Closed,7,0,No,3.6,0,0.0,No Return,0,0.0,No,No,3.5,2.7,0.8,1,0,1,4.2,1,4.8,7.0,No,2.9,4.9,2.9,3.8,3.6,-9,6.6,4.36,0.246,Yes,No,0,Retained,Yes,No,No,No,Not Churned,,21.7
CUST12213,26,Female,Ogun,High Value,Website,2023-08-09,37,8,1,362383.55,36815.27,41968.45,65,Trousers,1,0,No Complaint,None,No Complaint,0,0,No,,0,0.0,No Return,0,0.0,No,No,2.8,4.2,0.0,0,0,0,4.6,0,5.4,8.2,Yes,4.0,3.2,4.0,4.3,4.1,55,9.1,6.58,0.398,No,No,0,Retained,Yes,No,No,No,Not Churned,,8.7
CUST12214,20,Male,Anambra,Regular,Referral,2023-11-11,34,4,4,94848.66,79687.43,20656.4,28,Bags,3,2,Coupon Expired,Medium,Resolved,6,2,No,4.2,1,0.25,Defective,4,8077.14,Yes,Yes,2.3,2.7,0.0,0,0,0,4.7,2,1.2,12.9,No,3.2,4.5,3.2,4.5,4.5,42,9.1,8.85,0.441,No,No,0,Retained,Yes,No,No,No,Not Churned,,4.2
CUST12215,38,Female,Lagos,High Value,Google,2023-10-21,34,9,2,325406.42,61245.04,33227.08,192,Shoes,3,3,Repeated Issue,Medium,Closed,5,0,No,4.0,1,0.111,Damaged,4,17123.34,No,No,3.9,4.5,0.0,0,1,0,4.0,3,2.7,7.0,No,4.8,3.5,4.8,4.6,4.2,57,10.0,7.74,0.577,Yes,No,0,Churned,No,Yes,No,No,Poor Product Quality,1786752000000000000,32.7
CUST12216,43,Male,Anambra,Regular,Referral,2025-10-30,10,11,1,520814.52,47250.37,51755.74,42,Beauty,4,0,No Complaint,None,No Complaint,0,0,No,,1,0.091,Wrong Size,10,35641.83,No,No,2.5,3.1,0.0,0,1,0,3.9,1,3.3,5.0,Yes,4.4,4.7,4.4,4.2,3.3,34,7.7,3.97,0.43,No,No,0,Retained,Yes,No,No,No,Not Churned,,10.6
CUST12217,25,Female,Oyo,High Value,Instagram,2025-10-16,10,11,4,759464.35,262278.41,63772.88,157,Electronics,2,4,Website Error,Low,Closed,4,2,No,4.6,2,0.182,Product Description Inaccurate,3,98177.93,No,No,1.2,2.6,0.0,0,0,0,4.0,4,2.8,13.0,No,3.3,4.1,3.3,4.0,3.3,20,8.6,7.46,0.465,No,No,0,Churned,No,Yes,No,No,Better Alternative,1772928000000000000,28.7
CUST12218,65,Male,Delta,Regular,TikTok,2025-10-14,10,14,2,466784.93,65544.55,30981.33,52,Tops,5,0,No Complaint,None,No Complaint,0,0,No,,1,0.071,Late Delivery,4,18945.04,Yes,Yes,2.7,3.3,0.0,1,0,0,4.5,0,10.5,16.2,Yes,4.1,3.9,4.1,4.6,4.0,62,9.6,13.86,0.27,No,No,0,Retained,Yes,No,No,No,Not Churned,,6.7
CUST12219,19,Male,Abia,High Value,TikTok,2024-09-29,23,11,3,267006.95,69172.51,26240.94,55,Shoes,2,0,No Complaint,None,No Complaint,0,0,No,,2,0.182,Changed Mind,5,45655.41,Yes,Yes,5.9,4.1,1.8,1,0,0,4.7,1,15.9,35.5,Yes,5.0,3.5,5.0,4.4,4.6,58,7.0,1.39,0.311,No,No,0,Churned,No,Yes,No,No,Inactive,1786579200000000000,16.5
CUST12220,23,Female,Oyo,New Customer,Email,2023-09-24,35,8,4,178418.44,72548.17,20586.3,59,Shoes,5,4,Poor Product Quality,Medium,Resolved,1,0,No,5.0,1,0.125,Changed Mind,3,14423.52,No,No,2.1,4.1,0.0,1,0,0,4.9,4,10.4,11.4,Yes,3.7,2.9,3.7,4.0,4.5,30,7.8,14.1,0.05,Yes,No,0,Retained,Yes,No,No,No,Not Churned,,12.5
CUST12221,45,Male,Enugu,Loyal,Facebook,2023-03-29,41,10,3,339777.88,96910.75,31988.47,51,Bags,2,4,Login Problem,High,Closed,2,3,No,4.5,1,0.1,Changed Mind,3,23695.38,No,No,5.9,4.8,1.1,0,0,0,3.4,4,3.7,12.0,No,4.1,3.8,4.1,3.4,2.9,13,7.2,0.06,0.096,Yes,No,0,Retained,Yes,No,No,No,Not Churned,,6.5
CUST12222,46,Female,Edo,High Value,Instagram,2024-03-30,29,8,0,517111.34,0.0,56281.17,58,Tops,4,0,No Complaint,None,No Complaint,0,0,No,,3,0.375,Poor Quality,1,86507.96,No,No,6.1,2.7,3.4,3,1,0,3.1,0,11.9,13.5,Yes,4.3,3.6,4.3,3.5,3.8,37,8.3,9.99,0.486,No,No,0,Retained,Yes,No,No,No,Not Churned,,11.0
CUST12223,43,Male,Kano,New Customer,Referral,2026-03-17,5,9,1,238623.56,26388.04,25322.08,53,Tops,2,1,Poor Product Quality,Low,Resolved,2,2,No,5.0,1,0.111,Poor Quality,7,13843.69,No,No,5.8,2.5,3.3,4,0,0,3.0,1,1.0,3.3,No,5.0,4.6,5.0,3.8,3.5,-7,10.0,5.06,0.153,No,Yes,2,Retained,Yes,No,No,No,Not Churned,,8.9
CUST12224,42,Female,Plateau,New Customer,TikTok,2025-01-26,19,10,2,437624.63,93280.47,44117.85,19,Dresses,3,1,Login Problem,Low,Resolved,5,0,No,5.0,0,0.0,No Return,0,0.0,No,No,4.8,4.6,0.2,0,0,0,4.1,2,4.2,10.2,No,5.0,4.4,5.0,4.5,4.4,64,8.6,6.28,0.322,No,No,0,Retained,Yes,No,No,No,Not Churned,,2.7
CUST12225,29,Female,Imo,Regular,Website,2024-03-06,30,12,2,764775.38,109888.06,56024.69,52,Beauty,2,1,App Crash,Medium,Pending,2,0,No,4.9,0,0.0,No Return,0,0.0,No,No,6.0,5.4,0.6,0,0,1,4.1,1,15.0,17.2,Yes,4.8,4.2,4.8,4.5,4.9,63,8.7,10.22,0.183,Yes,No,0,Retained,Yes,No,No,No,Not Churned,,6.8
CUST12226,22,Male,Oyo,High Value,Facebook,2025-06-29,14,11,4,305166.78,113886.24,26433.52,115,Electronics,2,1,Delivery Fee,Low,Resolved,4,0,No,5.0,2,0.182,Changed Mind,6,49072.84,No,No,5.6,3.1,2.5,0,0,1,3.0,1,7.1,7.3,No,3.4,5.0,3.4,4.8,4.1,14,9.3,9.36,0.263,No,Yes,1,Churned,No,Yes,No,No,Poor Product Quality,1767571200000000000,50.3
CUST12227,51,Female,Delta,Regular,Facebook,2023-08-30,36,7,3,200848.4,75558.8,29454.6,49,Beauty,1,1,Long Waiting Time,Medium,Resolved,4,1,No,4.9,1,0.143,Wrong Color,1,20038.67,Yes,No,2.0,2.9,0.0,0,0,1,4.0,3,2.8,9.7,No,3.4,3.6,3.4,2.9,2.4,-21,4.4,4.34,0.089,Yes,No,0,At Risk,Yes,No,Yes,No,Not Churned,,9.3
CUST12228,65,Male,Abia,Regular,Referral,2024-12-02,21,11,2,574690.24,106957.22,58987.93,94,Shoes,5,3,Issue Not Resolved,Low,Resolved,1,1,No,5.0,3,0.273,Wrong Color,8,74858.41,Yes,Yes,6.0,3.5,2.5,2,0,1,2.7,3,2.7,11.5,Yes,3.8,4.1,3.8,3.5,3.3,16,7.4,1.21,0.464,Yes,Yes,5,Dormant,Yes,No,No,Yes,Not Churned,,35.0
CUST12229,54,Female,Edo,New Customer,Google,2025-06-20,14,9,2,373320.75,79818.79,38255.43,98,Shoes,2,1,Coupon Expired,Low,Resolved,4,0,No,3.9,0,0.0,No Return,0,0.0,No,No,4.8,4.6,0.2,0,0,0,4.2,1,12.1,17.4,No,4.1,5.0,4.1,4.4,4.3,36,9.0,4.8,0.707,No,No,0,Dormant,Yes,No,No,Yes,Not Churned,,15.2
CUST12230,32,Female,Oyo,New Customer,Website,2025-01-10,19,10,1,638540.27,76246.77,69994.5,51,Bags,3,1,Poor Customer Service,Medium,Resolved,3,2,No,4.9,1,0.1,Product Description Inaccurate,5,51136.36,Yes,Yes,7.5,4.8,2.7,1,0,0,3.4,1,14.2,15.3,No,4.1,4.3,4.1,3.2,3.1,11,5.6,5.22,0.333,No,No,0,Retained,Yes,No,No,No,Not Churned,,7.9
CUST12231,61,Female,Abuja,Loyal,Google,2023-03-07,42,12,3,446409.44,107724.23,32938.81,80,Tops,3,2,Poor Product Quality,Low,Pending,9,0,No,3.9,1,0.083,Defective,4,28493.06,Yes,No,4.5,5.3,0.0,0,0,1,4.5,2,7.0,9.3,No,3.8,4.1,3.8,4.0,4.1,35,8.8,1.92,0.031,Yes,Yes,5,Dormant,Yes,No,No,Yes,Not Churned,,11.0
CUST12232,53,Male,,New Customer,Website,2025-08-29,12,14,3,897399.47,143451.67,56248.97,35,Beauty,5,2,Website Error,Medium,Resolved,5,2,No,4.4,0,0.0,No Return,0,0.0,No,No,6.1,4.9,1.2,2,0,1,2.7,2,8.1,12.1,No,4.6,4.4,4.6,3.6,3.0,14,5.4,8.3,0.139,No,No,0,Retained,Yes,No,No,No,Not Churned,,7.1
CUST12233,32,Female,Plateau,Loyal,Referral,2024-01-13,32,4,3,69971.76,56044.68,18533.92,30,Electronics,4,1,Poor Customer Service,High,Resolved,3,1,No,5.0,1,0.25,Product Description Inaccurate,4,11534.54,No,No,4.6,2.6,2.0,0,0,0,3.8,1,1.7,5.4,No,4.5,4.2,4.5,4.3,3.7,-7,6.8,8.43,0.132,No,No,0,Retained,Yes,No,No,No,Not Churned,,3.9
CUST12234,60,Female,Kano,High Value,Website,2024-01-23,31,10,1,425569.21,40050.35,46742.35,80,Dresses,5,3,Issue Not Resolved,Low,Resolved,6,1,No,4.2,0,0.0,No Return,0,0.0,No,No,3.5,3.1,0.4,0,1,0,3.3,3,6.6,7.8,No,3.4,3.8,3.4,3.4,4.2,-32,7.6,4.18,0.219,No,Yes,4,Churned,No,Yes,No,No,No Longer Needed,1779926400000000000,20.0
CUST12235,65,Female,Rivers,Regular,Google,2025-02-19,18,6,1,166685.07,27362.96,26693.45,89,Beauty,3,3,Missing Product,Medium,Closed,1,3,No,4.2,2,0.333,Damaged,6,33489.35,No,No,1.9,3.6,0.0,0,0,0,3.1,3,11.3,11.5,No,4.1,4.8,4.1,3.6,3.4,9,7.6,3.38,0.449,No,No,0,Churned,No,Yes,No,No,Too Many Delivery Problems,1787702400000000000,31.1
CUST12236,40,Female,Kaduna,Loyal,Website,2023-07-28,37,6,3,97804.74,54341.87,17383.66,133,Beauty,4,4,Product Not as Described,Medium,Resolved,6,4,Yes,5.0,1,0.167,Late Delivery,1,13615.2,Yes,Yes,6.9,5.3,1.6,0,0,0,4.3,4,3.6,10.1,No,4.9,4.6,4.9,4.7,4.9,27,10.0,6.97,0.354,No,No,0,At Risk,Yes,No,Yes,No,Not Churned,,17.5
CUST12237,23,Male,Edo,New Customer,Facebook,2023-01-16,44,6,1,158350.65,27372.02,25715.54,62,Trousers,4,3,Issue Not Resolved,Low,Resolved,9,4,Yes,3.7,1,0.167,Not as Expected,2,20936.27,No,No,5.6,4.3,1.3,3,0,0,4.1,3,0.9,9.0,No,4.8,4.0,4.8,5.0,5.0,74,10.0,3.19,0.072,No,No,0,Retained,Yes,No,No,No,Not Churned,,8.6
CUST12238,63,Male,Abuja,Loyal,Referral,2025-09-12,11,10,2,297747.75,58980.71,30019.88,47,Trousers,1,2,Refund Delayed,Low,Resolved,3,1,No,5.0,1,0.1,Late Delivery,8,15450.63,No,No,4.8,5.5,0.0,1,0,0,5.0,2,4.3,9.6,No,3.8,3.9,3.8,4.1,4.1,43,8.5,1.88,0.095,No,No,0,Retained,Yes,No,No,No,Not Churned,,8.6
CUST12239,61,Female,Imo,New Customer,Facebook,2024-01-02,32,8,1,371240.42,45076.39,42423.72,18,Electronics,2,2,Return Difficulty,High,Resolved,8,2,No,4.5,1,0.125,Product Description Inaccurate,5,21652.05,No,No,4.3,3.5,0.8,0,1,0,4.0,2,2.3,8.0,No,3.8,4.2,3.8,4.3,2.8,15,10.0,10.77,0.619,Yes,No,0,Churned,No,Yes,No,No,Negative Overall Experience,1779494400000000000,35.8
CUST12240,60,Male,Rivers,Loyal,Google,2025-02-18,18,10,2,351761.72,66130.96,30588.97,112,Beauty,1,1,App Crash,Low,Closed,2,1,No,4.9,1,0.1,Damaged,2,28840.95,No,No,5.6,5.3,0.3,0,0,0,4.6,1,3.7,9.3,Yes,3.6,4.4,3.6,4.6,5.0,50,10.0,7.67,0.139,Yes,No,0,Dormant,Yes,No,No,Yes,Not Churned,,19.2
CUST12241,62,Female,Lagos,Regular,Google,2024-03-15,30,9,2,117006.59,25482.39,12957.49,31,Shoes,2,4,Poor Customer Service,Low,Pending,9,1,No,4.0,1,0.111,Changed Mind,2,5441.15,No,No,3.8,4.6,0.0,0,0,0,3.3,4,4.5,11.3,No,2.8,4.6,2.8,3.5,2.6,37,6.0,13.81,0.296,Yes,No,0,Churned,No,Yes,No,No,Poor Customer Service,1776384000000000000,19.0
CUST12242,38,Male,Plateau,Regular,Facebook,2024-11-20,21,6,2,175796.19,53980.74,27512.31,72,Tops,1,2,Product Not as Described,Low,Escalated,5,0,Yes,5.0,0,0.0,No Return,0,0.0,No,No,4.1,5.2,0.0,0,1,0,4.4,2,5.0,6.6,No,3.7,4.0,3.7,4.0,4.2,10,7.5,3.98,0.673,No,No,0,Retained,Yes,No,No,No,Not Churned,,8.9
CUST12243,40,Male,Delta,Regular,Email,2025-11-25,9,11,2,343619.5,62744.66,32128.5,110,Tops,4,1,Repeated Issue,High,Resolved,3,2,No,5.0,1,0.091,Duplicate Order,7,25441.5,Yes,Yes,3.4,5.3,0.0,0,0,0,4.3,1,1.4,6.3,No,2.8,3.6,2.8,4.4,3.7,64,9.5,11.35,0.253,No,No,0,Dormant,Yes,No,No,Yes,Not Churned,,15.7
CUST12244,60,Male,Ogun,New Customer,Instagram,2025-04-26,16,13,1,634046.25,42781.07,43825.92,122,Electronics,2,4,Failed Payment,Medium,Resolved,3,0,No,4.5,0,0.0,No Return,0,0.0,No,No,5.3,3.9,1.4,1,0,2,3.2,4,1.6,4.2,No,3.0,4.3,3.0,4.2,3.6,27,8.9,6.77,0.264,No,Yes,5,At Risk,Yes,No,Yes,No,Not Churned,,31.6
CUST12245,33,Female,Abuja,Loyal,Website,2024-02-26,30,8,4,357514.88,209620.27,50214.05,69,Accessories,3,2,Poor Product Quality,Medium,Resolved,2,1,No,3.9,4,0.5,Late Delivery,2,150570.14,Yes,Yes,4.6,5.1,0.0,0,0,1,4.3,2,2.9,12.1,Yes,3.6,4.0,3.6,4.5,4.7,30,10.0,10.21,0.412,No,Yes,6,Churned,No,Yes,No,No,Too Many Delivery Problems,1779753600000000000,47.2
CUST12246,64,Male,Anambra,Regular,Email,2024-08-30,24,12,3,277229.01,59292.1,22800.29,94,Accessories,4,5,Poor Customer Service,Low,Resolved,3,1,No,3.8,0,0.0,No Return,0,0.0,No,No,6.5,5.4,1.1,2,0,0,4.1,5,0.2,3.0,No,3.9,4.5,3.9,3.9,3.6,60,7.5,3.16,0.213,No,No,0,Churned,No,Yes,No,No,Too Many Delivery Problems,1775433600000000000,55.2
CUST12247,32,Female,Lagos,Loyal,Instagram,2023-01-20,44,14,4,293351.48,87012.28,22585.98,26,Beauty,5,3,Failed Payment,Medium,Closed,7,0,No,4.8,2,0.143,Duplicate Order,3,19017.47,No,No,6.2,4.5,1.7,2,0,1,3.3,3,2.4,13.4,No,4.2,3.7,4.2,3.4,3.0,-7,7.4,7.89,0.328,No,Yes,3,Retained,Yes,No,No,No,Not Churned,,17.8
CUST12248,42,Other,Lagos,New Customer,TikTok,2024-11-06,22,5,5,101335.42,101335.42,21845.47,18,Tops,4,2,Exchange Difficulty,High,Resolved,2,1,No,5.0,2,0.4,Poor Quality,8,30271.92,Yes,Yes,2.4,3.3,0.0,0,1,0,4.6,2,5.5,20.0,Yes,4.3,3.7,4.3,3.6,2.5,7,7.5,2.9,0.2,No,Yes,4,Churned,No,Yes,No,No,Lack of Product Availability,1767744000000000000,43.2
CUST12249,53,Female,Cross River,Loyal,Facebook,2024-01-17,31,13,0,267254.01,0.0,20077.96,150,Bags,3,4,Product Not as Described,Low,Resolved,1,1,No,3.8,1,0.077,Wrong Item,2,14125.27,No,No,3.5,3.3,0.2,0,0,1,3.9,4,0.7,12.2,Yes,3.8,3.8,3.8,3.4,3.0,44,7.7,0.71,0.485,No,No,0,Churned,No,Yes,No,No,Poor Product Quality,1770076800000000000,70.6
CUST12250,28,Male,Imo,New Customer,Instagram,2024-08-31,24,10,6,141546.02,86886.4,14696.83,12,Shoes,1,3,Rude Staff,Medium,Resolved,2,3,No,3.0,1,0.1,Late Delivery,3,10897.24,Yes,Yes,3.4,4.8,0.0,0,1,1,4.9,4,11.1,16.6,No,3.6,4.2,3.6,3.6,4.4,3,5.7,4.51,0.023,Yes,Yes,4,Retained,Yes,No,No,No,Not Churned,,5.3
CUST12251,32,Male,Edo,Regular,Google,2023-05-23,39,15,3,607913.46,116736.45,40368.86,38,Accessories,2,2,Return Difficulty,Medium,Closed,10,0,No,3.1,0,0.0,No Return,0,0.0,No,No,5.0,3.5,1.5,2,0,0,3.7,2,7.6,11.4,No,3.9,3.0,3.9,3.7,4.0,14,7.7,12.37,0.404,Yes,No,0,Churned,No,Yes,No,No,Refund Problems,1784851200000000000,17.4
CUST12252,21,Male,Cross River,Regular,Website,2023-03-03,42,14,2,1519807.28,233326.3,112783.88,31,Shoes,1,1,Late Delivery,Low,Resolved,5,0,No,5.0,0,0.0,No Return,0,0.0,No,No,1.9,3.7,0.0,0,0,1,4.2,2,2.9,9.0,No,3.8,4.7,3.8,3.8,3.3,11,7.9,4.97,0.298,Yes,No,0,Retained,Yes,No,No,No,Not Churned,,3.9
CUST12253,38,Female,Imo,Loyal,Instagram,2023-08-26,36,8,2,389569.85,91124.24,48556.94,60,Accessories,1,1,Late Delivery,Medium,Resolved,5,1,No,4.9,0,0.0,No Return,0,0.0,No,No,4.8,4.1,0.7,3,0,1,4.0,1,4.5,6.3,No,5.0,4.0,5.0,4.0,4.0,18,7.5,1.09,0.361,No,Yes,7,Retained,Yes,No,No,No,Not Churned,,43.4
CUST12254,30,Male,Delta,Regular,Referral,2026-02-28,6,5,2,244552.43,111131.35,51097.54,56,Tops,2,1,Failed Payment,Medium,Escalated,6,1,Yes,4.2,1,0.2,Damaged,6,24472.12,Yes,No,5.0,5.2,0.0,0,0,0,4.0,1,0.7,6.0,No,3.4,3.0,3.4,3.1,2.8,-11,6.5,7.78,0.242,No,Yes,2,Churned,No,Yes,No,No,Competitor,1774569600000000000,27.9
CUST12255,39,Female,Imo,Loyal,Referral,2026-02-20,6,8,1,350545.22,38084.98,39945.12,113,Beauty,1,2,Refund Delayed,Medium,Closed,10,1,No,3.1,3,0.375,Defective,5,60246.58,Yes,Yes,6.1,4.6,1.5,0,0,0,4.3,2,7.6,18.7,No,3.7,3.9,3.7,3.9,3.5,15,8.0,4.61,0.523,No,No,0,Churned,No,Yes,No,No,Lack of Product Availability,1781136000000000000,43.1
CUST12256,36,Male,Abia,Loyal,Website,2025-07-15,13,15,1,259099.19,16889.63,16760.19,34,Electronics,3,1,Late Delivery,High,Closed,7,1,No,4.3,0,0.0,No Return,0,0.0,No,No,3.6,3.4,0.2,1,0,0,4.7,1,5.7,7.2,No,4.9,4.2,4.9,5.0,4.3,72,9.4,6.49,0.278,Yes,Yes,5,Retained,Yes,No,No,No,Not Churned,,6.8
CUST12257,51,Female,Abuja,Regular,Instagram,2023-12-08,33,9,2,229332.98,49960.44,27589.65,69,Beauty,5,0,No Complaint,None,No Complaint,0,0,No,,1,0.111,Wrong Item,17,10899.91,No,No,6.0,2.9,3.1,2,1,0,1.9,2,1.2,2.1,Yes,3.1,3.2,3.1,2.8,2.5,2,6.6,3.01,0.516,Yes,No,0,Churned,No,Yes,No,No,Better Alternative,1770336000000000000,57.5
CUST12258,31,Female,Enugu,Loyal,TikTok,2024-03-30,29,9,2,355131.31,91430.04,44723.75,94,Trousers,2,0,No Complaint,None,No Complaint,0,0,No,,0,0.0,No Return,0,0.0,No,No,3.6,3.4,0.2,0,0,0,3.5,1,1.9,9.3,Yes,3.1,4.0,3.1,2.8,2.7,6,5.1,14.38,0.538,Yes,No,0,At Risk,Yes,No,Yes,No,Not Churned,,30.0
CUST12259,21,Female,Ogun,New Customer,TikTok,2023-10-09,35,8,3,122741.16,50904.77,17341.74,46,Beauty,1,0,No Complaint,None,No Complaint,0,0,No,,1,0.125,Poor Quality,1,12671.82,Yes,No,4.0,3.5,0.5,2,1,0,2.7,0,0.7,10.5,Yes,4.0,4.8,4.0,3.7,3.5,-1,5.1,1.43,0.183,Yes,No,0,Retained,Yes,No,No,No,Not Churned,,6.3
CUST12260,65,Female,Abuja,Regular,TikTok,2025-06-04,15,13,4,328012.31,95006.74,25387.69,56,Accessories,2,3,Account Issue,Medium,Pending,3,2,No,2.9,2,0.154,Duplicate Order,3,29739.42,No,No,6.2,4.7,1.5,0,0,1,3.1,3,9.0,15.2,No,5.0,3.6,5.0,3.4,3.6,3,6.0,5.26,0.31,No,Yes,4,Churned,No,Yes,No,No,Competitor,1780617600000000000,17.2
CUST12261,63,Female,Abia,Loyal,Email,2025-10-21,10,9,3,148218.78,47980.91,17069.39,193,Tops,1,2,Poor Product Quality,Medium,Closed,4,2,No,5.0,1,0.111,Duplicate Order,3,11627.77,No,No,4.8,3.8,1.0,2,0,0,3.2,3,3.6,14.8,No,3.9,4.2,3.9,3.3,2.4,-47,7.8,13.15,0.234,No,No,0,At Risk,Yes,No,Yes,No,Not Churned,,55.8
CUST12262,44,Female,Imo,Loyal,Website,2024-12-23,20,7,0,167756.03,0.0,25206.04,142,Beauty,3,1,Exchange Difficulty,Medium,Resolved,10,1,No,3.2,1,0.143,,6,14892.91,No,No,4.7,5.5,0.0,0,0,0,4.2,3,15.0,18.1,No,2.8,5.0,2.8,3.8,3.8,24,7.9,12.23,0.072,Yes,No,0,At Risk,Yes,No,Yes,No,Not Churned,,27.2
CUST12263,46,Female,Oyo,Loyal,Instagram,2023-03-28,41,14,3,1217842.19,238851.17,82989.47,8,Trousers,4,2,Poor Product Quality,High,Pending,4,2,No,5.0,0,0.0,No Return,0,0.0,No,No,3.3,2.6,0.7,1,0,1,4.1,2,7.4,12.3,No,4.2,4.7,4.2,4.5,4.5,62,9.1,4.1,0.175,No,No,0,Churned,No,Yes,No,No,Competitor,1787097600000000000,15.8
CUST12264,64,Male,Lagos,Regular,Google,2024-10-26,22,6,2,460037.25,127175.79,69730.28,82,Trousers,5,3,Refund Delayed,High,Closed,2,1,No,3.0,1,0.167,Not as Expected,10,31692.65,Yes,No,3.1,3.6,0.0,0,1,0,5.0,3,4.3,6.7,Yes,4.2,4.8,4.2,4.9,3.4,33,10.0,5.08,0.081,No,Yes,1,Churned,No,Yes,No,No,Poor Customer Service,1768953600000000000,62.5
CUST12265,45,Male,Kano,Regular,Google,2025-05-11,15,12,3,372423.76,95413.86,34594.67,29,Tops,5,0,No Complaint,None,No Complaint,0,0,No,,1,0.083,Wrong Size,4,17670.59,Yes,Yes,5.6,2.8,2.8,2,0,3,2.2,2,3.5,7.9,Yes,4.2,4.3,4.2,3.9,4.4,14,5.7,2.52,0.238,No,No,0,Retained,Yes,No,No,No,Not Churned,,28.4
CUST12266,52,Female,Lagos,New Customer,Google,2023-03-02,42,12,6,739787.06,443042.44,67768.94,51,Dresses,2,2,Poor Product Quality,Low,Pending,7,0,No,4.3,1,0.083,Not as Expected,4,49533.71,Yes,Yes,1.0,3.6,0.0,0,0,0,4.6,2,12.3,15.8,No,3.1,3.6,3.1,3.4,3.3,11,5.9,5.01,0.209,No,No,0,Retained,Yes,No,No,No,Not Churned,,7.0
CUST12267,25,Female,Abia,Loyal,Google,2025-03-07,18,3,3,129751.46,122566.11,44152.91,30,Trousers,5,0,No Complaint,None,No Complaint,0,0,No,,0,0.0,No Return,0,0.0,No,No,5.9,3.8,2.1,0,0,0,4.4,2,5.0,5.8,Yes,3.2,4.3,3.2,4.3,4.0,10,10.0,12.43,0.258,Yes,Yes,4,Retained,Yes,No,No,No,Not Churned,,5.4
CUST12268,33,Female,Lagos,Regular,Google,2023-04-05,41,14,2,396580.5,57081.06,28349.82,18,Tops,1,0,No Complaint,None,No Complaint,0,0,No,,2,0.143,Poor Quality,5,26032.35,Yes,Yes,5.4,5.2,0.2,2,0,0,3.9,1,6.1,7.4,Yes,4.0,4.2,4.0,3.8,3.7,12,7.6,4.45,0.146,No,Yes,5,Retained,Yes,No,No,No,Not Churned,,3.8
CUST12269,59,Female,Kaduna,Loyal,Google,2025-02-24,18,9,4,157186.53,66293.91,17700.37,49,Bags,3,2,Product Not as Described,High,Closed,3,1,No,5.0,0,0.0,No Return,0,0.0,No,No,2.3,3.8,0.0,0,0,1,5.0,2,10.9,11.4,No,4.3,3.9,4.3,4.7,5.0,41,9.9,4.05,0.167,Yes,No,0,Retained,Yes,No,No,No,Not Churned,,7.3
CUST12270,53,Male,Cross River,Regular,Email,2026-03-16,5,14,6,398612.83,170879.2,27053.86,20,Accessories,3,0,No Complaint,None,No Complaint,0,0,No,,1,0.071,Poor Quality,1,21077.11,No,No,1.0,2.6,0.0,0,0,0,4.8,2,3.4,4.0,Yes,4.4,3.8,4.4,4.4,4.6,8,8.2,14.88,0.495,Yes,Yes,5,Retained,Yes,No,No,No,Not Churned,,3.3
CUST12271,47,Male,Ogun,Regular,Instagram,2025-08-18,12,14,1,352487.59,28533.74,27865.35,41,Beauty,2,1,Duplicate Charge,Low,Resolved,1,0,No,5.0,0,0.0,No Return,0,0.0,No,No,5.9,5.4,0.5,1,0,0,3.7,1,6.0,13.4,Yes,4.6,4.6,4.6,4.9,5.0,5,10.0,21.64,0.081,Yes,No,0,Churned,No,Yes,No,No,Better Alternative,1778025600000000000,20.3
CUST12272,35,Female,Ogun,Regular,Website,2023-10-24,34,9,2,241856.52,49423.23,26512.99,31,Beauty,1,1,Missing Product,Medium,Resolved,5,1,No,3.8,1,0.111,Duplicate Order,9,14895.03,No,No,1.5,2.9,0.0,0,0,0,4.1,3,1.1,5.0,No,4.0,3.6,4.0,3.7,3.5,36,9.1,9.11,0.3,No,No,0,Retained,Yes,No,No,No,Not Churned,,4.5
CUST12273,19,Female,Plateau,New Customer,Google,2026-02-20,6,18,1,599693.44,31194.12,30310.39,78,Shoes,5,0,No Complaint,None,No Complaint,0,0,No,,0,0.0,No Return,0,0.0,No,No,5.8,4.8,1.0,2,0,0,4.6,1,3.7,12.3,Yes,4.0,4.0,4.0,4.2,4.2,28,8.6,5.68,0.482,No,No,0,Dormant,Yes,No,No,Yes,Not Churned,,10.3
CUST12274,30,Female,Anambra,Regular,Referral,2024-11-24,21,17,5,373323.22,100915.57,19422.04,64,Trousers,1,1,Unexpected Charge,Low,Resolved,2,2,No,5.0,0,0.0,No Return,0,0.0,No,No,2.8,3.1,0.0,1,0,0,3.8,3,1.6,10.4,No,4.8,4.4,4.8,4.8,4.6,25,7.5,6.92,0.343,Yes,No,0,Retained,Yes,No,No,No,Not Churned,,12.0
CUST12275,21,Male,Imo,Loyal,Website,2024-02-03,31,4,2,70937.5,30422.43,17196.11,133,Accessories,5,2,Return Difficulty,Medium,Pending,7,1,No,4.8,0,0.0,No Return,0,0.0,No,No,6.1,5.3,0.8,1,0,0,3.3,2,2.1,7.0,No,3.7,3.4,3.7,3.5,3.3,24,6.9,0.75,0.08,No,No,0,Churned,No,Yes,No,No,Negative Overall Experience,1769040000000000000,63.5
CUST12276,43,Male,Enugu,Loyal,Google,2025-08-03,13,15,1,229663.62,16598.74,16689.92,58,Tops,1,3,App Crash,Low,Resolved,8,3,No,3.2,0,0.0,No Return,0,0.0,No,No,1.4,3.2,0.0,0,0,0,4.1,3,13.2,18.9,No,3.2,3.7,3.2,3.4,2.7,29,8.5,6.96,0.53,No,Yes,5,Retained,Yes,No,No,No,Not Churned,,39.5
CUST12277,42,Female,Rivers,Regular,Google,2024-06-17,26,8,2,341244.97,83371.26,39627.39,15,Electronics,5,3,Product Not as Described,High,Escalated,1,1,Yes,5.0,0,0.0,No Return,0,0.0,No,No,2.0,5.1,0.0,0,0,0,3.8,3,1.3,1.8,Yes,2.4,4.3,2.4,3.4,3.1,-11,5.2,9.33,0.37,No,Yes,6,Retained,Yes,No,No,No,Not Churned,,10.4
CUST12278,47,Female,Plateau,Regular,Google,2024-02-06,31,4,4,88550.92,69755.46,20216.93,36,Dresses,5,1,Poor Customer Service,Low,Resolved,2,1,No,4.2,0,0.0,No Return,0,0.0,No,No,2.1,3.7,0.0,0,0,0,5.0,2,2.7,17.6,Yes,3.5,5.0,3.5,5.0,5.0,51,8.1,9.55,0.218,No,Yes,4,Retained,Yes,No,No,No,Not Churned,,4.8
CUST12279,28,Male,Ogun,New Customer,Google,2023-05-10,40,9,3,297354.78,103789.26,35412.08,48,Electronics,3,0,No Complaint,None,No Complaint,0,0,No,,1,0.111,Poor Quality,2,17150.8,No,No,6.5,3.8,2.7,2,0,0,3.2,0,2.9,3.6,Yes,4.2,3.6,4.2,3.2,3.0,7,7.0,1.73,0.611,No,Yes,3,Retained,Yes,No,No,No,Not Churned,,13.6
CUST12280,24,Male,Imo,Loyal,Website,2023-10-19,34,7,2,243548.85,69391.11,32732.93,86,Beauty,4,0,No Complaint,None,No Complaint,0,0,No,,2,0.286,Late Delivery,4,30849.7,No,No,6.4,4.4,2.0,2,0,0,3.2,1,13.7,15.8,Yes,3.2,3.8,3.2,3.3,3.0,52,5.8,6.3,0.214,No,No,0,Churned,No,Yes,No,No,Price Too High,1768953600000000000,38.3
CUST12281,48,Female,Rivers,New Customer,Website,2023-10-03,35,5,5,213630.3,205500.78,37769.26,84,Shoes,4,3,Price Increase,Low,Resolved,6,1,No,4.3,0,0.0,No Return,0,0.0,No,No,5.3,4.0,1.3,0,0,0,3.0,3,6.1,14.2,No,3.7,4.1,3.7,3.9,4.6,17,4.8,1.33,0.41,Yes,No,0,Dormant,Yes,No,No,Yes,Not Churned,,42.9
CUST12282,61,Female,Ogun,High Value,Instagram,2025-06-30,14,19,1,553748.35,27514.12,27134.34,35,Tops,2,1,Late Delivery,Low,Resolved,2,1,No,4.7,0,0.0,No Return,0,0.0,No,No,5.0,3.5,1.5,0,0,1,2.8,1,1.9,12.2,Yes,5.0,5.0,5.0,4.3,4.3,38,7.9,4.26,0.14,No,No,0,Retained,Yes,No,No,No,Not Churned,,24.0
CUST12283,27,Female,Anambra,Regular,Instagram,2025-07-14,13,9,5,169010.52,88192.93,18926.51,66,Shoes,4,3,Wrong Product,Low,Resolved,6,2,No,5.0,2,0.222,Product Description Inaccurate,8,20189.69,No,No,4.1,3.2,0.9,2,0,0,3.1,3,7.0,15.4,No,3.1,4.2,3.1,4.0,4.2,10,10.0,6.57,0.242,Yes,No,0,Retained,Yes,No,No,No,Not Churned,,57.4
CUST12284,56,Male,Lagos,Regular,Google,2023-02-24,42,11,4,807938.89,294285.35,73482.35,44,Dresses,2,2,Exchange Difficulty,Medium,Resolved,2,2,No,5.0,1,0.091,Not as Expected,7,59464.48,No,No,6.8,3.3,3.5,4,0,0,4.1,2,8.3,11.4,No,3.7,4.1,3.7,3.8,4.1,16,8.1,0.57,0.19,No,No,0,Retained,Yes,No,No,No,Not Churned,,38.5
CUST12285,30,Female,Abia,High Value,Instagram,2025-01-08,20,11,4,226626.54,78328.89,22853.98,35,Tops,3,2,App Crash,High,Resolved,4,0,No,4.4,4,0.364,Wrong Color,6,81863.13,Yes,Yes,4.4,4.6,0.0,0,0,0,4.7,2,11.5,17.1,No,4.4,3.7,4.4,4.4,4.0,52,10.0,11.77,0.077,No,No,0,Churned,No,Yes,No,No,Price Too High,1777766400000000000,19.8
CUST12286,48,Female,Rivers,New Customer,Referral,2025-11-15,9,7,3,579325.67,234171.97,80975.23,27,Beauty,2,2,Stock Availability,Low,Resolved,2,3,No,3.5,0,0.0,No Return,0,0.0,No,No,4.1,2.8,1.3,1,0,0,4.6,2,4.7,8.3,No,4.2,4.0,4.2,4.8,4.7,46,8.3,12.98,0.19,No,No,0,Retained,Yes,No,No,No,Not Churned,,10.5
CUST12287,24,Male,Imo,Regular,Instagram,2025-02-03,19,9,3,166121.21,52097.28,16830.03,60,Tops,4,3,Login Problem,Medium,Resolved,4,1,No,4.1,1,0.111,Wrong Size,1,15076.5,Yes,Yes,4.0,4.2,0.0,0,0,0,5.0,3,6.5,8.3,No,3.0,3.8,3.0,4.3,4.3,6,8.9,3.05,0.535,Yes,No,0,Churned,No,Yes,No,No,No Longer Needed,1784505600000000000,45.1
CUST12288,59,Female,Delta,Regular,Referral,2024-10-03,23,11,2,247562.35,33794.15,19669.45,24,Beauty,5,5,Repeated Issue,High,Escalated,1,4,Yes,4.9,2,0.182,Wrong Size,7,28552.27,No,No,4.5,3.6,0.9,2,0,0,4.1,5,6.7,16.1,No,3.6,4.2,3.6,3.4,3.1,-10,6.4,3.3,0.16,No,Yes,3,Churned,No,Yes,No,No,No Longer Needed,1780185600000000000,38.5
CUST12289,59,Male,Enugu,Regular,Instagram,2024-12-24,20,6,1,80125.98,13530.03,13519.1,58,Electronics,2,4,Exchange Difficulty,Low,Resolved,1,3,No,3.7,0,0.0,No Return,0,0.0,No,No,5.9,3.6,2.3,2,0,0,3.3,4,4.7,10.8,No,4.2,5.0,4.2,4.6,4.2,65,8.2,0.34,0.43,Yes,No,0,Retained,Yes,No,No,No,Not Churned,,9.0
CUST12290,53,Female,Cross River,Regular,Google,2025-03-12,17,12,1,398647.72,33205.03,33302.26,26,Electronics,4,4,Poor Customer Service,High,Closed,12,1,No,5.0,1,0.083,Not as Expected,13,16788.26,No,No,4.1,4.6,0.0,1,0,2,4.7,4,2.1,12.0,No,2.8,4.1,2.8,3.9,2.5,39,7.1,1.09,0.262,No,No,0,Churned,No,Yes,No,No,Payment Problems,1772236800000000000,43.5
CUST12291,37,Female,Plateau,Loyal,TikTok,2025-01-07,20,9,2,352253.64,78508.83,43741.5,39,Bags,4,0,No Complaint,None,No Complaint,0,0,No,,1,0.111,Poor Quality,5,30799.49,Yes,Yes,1.8,4.0,0.0,1,0,1,4.8,1,10.0,15.4,Yes,4.2,5.0,4.2,4.4,4.3,26,9.6,5.78,0.415,No,No,0,Retained,Yes,No,No,No,Not Churned,,5.1
CUST12292,21,Male,Rivers,Loyal,Google,2025-01-27,19,7,3,120217.48,46934.88,15766.27,55,Beauty,5,1,Poor Customer Service,High,Resolved,3,2,No,3.8,1,0.143,Wrong Size,6,7647.82,No,No,2.3,2.7,0.0,0,0,0,4.4,1,6.4,8.7,No,3.3,4.0,3.3,3.7,3.7,9,9.8,4.71,0.418,No,No,0,Retained,Yes,No,No,No,Not Churned,,11.1
CUST12293,24,Female,Anambra,New Customer,Email,2024-07-20,25,7,3,243915.01,92739.12,32459.32,86,Shoes,1,3,Return Difficulty,Medium,Resolved,1,0,No,3.8,1,0.143,Duplicate Order,2,11433.16,No,No,3.1,5.2,0.0,0,0,0,3.6,3,3.7,16.3,Yes,3.6,4.1,3.6,3.5,3.6,44,8.2,2.1,0.141,No,Yes,7,Dormant,Yes,No,No,Yes,Not Churned,,11.5
CUST12294,18,Male,Oyo,High Value,Website,2023-12-06,33,9,2,233721.13,50935.68,26263.43,18,Dresses,4,1,Website Error,High,Resolved,3,1,No,4.8,0,0.0,No Return,0,0.0,No,No,5.8,5.2,0.6,0,0,0,4.2,1,1.9,8.5,No,3.2,4.1,3.2,3.5,3.8,24,5.3,7.52,0.381,No,Yes,2,Retained,Yes,No,No,No,Not Churned,,13.6
CUST12295,61,Female,Rivers,New Customer,Google,2023-06-02,39,13,2,164337.58,21975.73,11797.76,22,Tops,3,2,Refund Delayed,Low,Resolved,12,2,No,3.2,0,0.0,No Return,0,0.0,No,No,3.9,3.8,0.1,0,0,0,4.0,2,9.5,17.6,No,2.9,3.8,2.9,4.0,4.3,25,7.5,14.09,0.217,Yes,No,0,Retained,Yes,No,No,No,Not Churned,,9.1
CUST12296,62,Female,Imo,Regular,Instagram,2025-09-30,11,11,2,351140.71,64109.89,30453.51,52,Bags,5,1,Missing Product,Low,Resolved,3,1,No,4.8,0,0.0,No Return,0,0.0,No,No,1.0,2.5,0.0,1,0,0,3.1,1,5.5,8.8,No,5.0,4.2,5.0,4.8,5.0,44,7.5,1.43,0.077,No,No,0,Churned,No,Yes,No,No,No Longer Needed,1786406400000000000,17.4
CUST12297,59,Male,Enugu,Regular,Website,2024-03-02,30,8,0,433098.47,0.0,49775.57,19,Bags,1,2,Long Waiting Time,Medium,Closed,2,4,Yes,4.6,0,0.0,No Return,0,0.0,No,No,1.0,2.7,0.0,0,0,2,3.8,2,1.4,5.6,No,3.7,4.7,3.7,4.1,3.9,68,6.4,2.26,0.229,No,Yes,1,Retained,Yes,No,No,No,Not Churned,,8.4
CUST12298,64,Female,Ogun,New Customer,Website,2025-09-29,11,14,2,873372.6,135485.83,64658.54,56,Bags,5,4,Refund Delayed,Low,Pending,4,5,Yes,4.5,2,0.143,Changed Mind,1,47547.92,No,No,4.3,4.0,0.3,0,0,0,3.5,4,7.1,19.1,No,5.0,3.5,5.0,4.5,4.5,22,9.5,6.11,0.479,No,No,0,Retained,Yes,No,No,No,Not Churned,,10.1
CUST12299,30,Male,Cross River,New Customer,Website,2023-07-23,37,11,4,166860.29,49953.11,14368.49,100,Shoes,2,0,No Complaint,None,No Complaint,0,0,No,,2,0.182,Changed Mind,2,10892.32,No,No,7.7,2.7,5.0,7,0,1,1.5,2,3.1,11.5,Yes,3.9,4.8,3.9,3.8,3.9,30,5.9,3.91,0.463,No,No,0,Churned,No,Yes,No,No,Better Alternative,1767312000000000000,45.3
CUST12300,39,Female,Edo,High Value,Instagram,2026-02-09,6,9,0,493434.92,0.0,52269.21,116,Beauty,4,3,Poor Customer Service,High,Resolved,3,0,No,4.5,3,0.333,Wrong Size,15,57592.92,No,No,3.7,3.8,0.0,0,0,0,4.1,3,1.4,7.2,No,4.0,4.5,4.0,3.8,2.8,27,8.3,3.42,0.536,No,No,0,Churned,No,Yes,No,No,Competitor,1768608000000000000,49.5
CUST12301,38,Female,Ogun,Regular,Email,2023-11-21,33,8,1,340091.54,44684.65,47003.45,18,Accessories,4,0,No Complaint,None,No Complaint,0,0,No,,1,0.125,Defective,12,38921.07,Yes,Yes,2.6,3.1,0.0,0,0,0,4.2,0,6.8,11.9,Yes,4.8,4.7,4.8,4.5,4.0,31,9.4,8.61,0.484,No,No,0,Retained,Yes,No,No,No,Not Churned,,8.4
CUST12302,39,Female,Edo,New Customer,Facebook,2025-08-07,13,9,2,230407.9,50949.33,26783.16,64,Bags,5,0,No Complaint,None,No Complaint,0,0,No,,0,0.0,No Return,0,0.0,No,No,3.2,4.9,0.0,0,0,0,4.2,2,3.5,6.5,Yes,4.4,4.7,4.4,4.8,4.7,25,9.1,21.78,0.239,No,No,0,Retained,Yes,No,No,No,Not Churned,,11.2
CUST12303,45,Female,Plateau,New Customer,TikTok,2025-08-08,12,6,2,93487.81,26905.89,14008.76,118,Dresses,2,1,Refund Rejected,High,Closed,6,1,No,3.9,0,0.0,No Return,0,0.0,No,No,4.9,3.6,1.3,1,0,0,4.1,1,2.0,12.6,No,3.5,4.0,3.5,4.3,4.3,28,7.3,3.28,0.2,Yes,No,0,Churned,No,Yes,No,No,Competitor,1768176000000000000,18.9
CUST12304,26,Male,Delta,Loyal,Website,2025-07-27,13,9,3,311490.63,114069.8,37531.7,73,Dresses,5,3,Return Difficulty,Medium,Resolved,1,1,No,4.6,1,0.111,Damaged,6,16521.89,No,No,2.6,3.6,0.0,0,0,1,4.4,3,2.7,3.6,Yes,4.2,4.1,4.2,3.9,3.5,68,9.0,3.06,0.391,No,No,0,Churned,No,Yes,No,No,Poor Customer Service,1782691200000000000,14.0
CUST12305,43,Male,Cross River,Loyal,Facebook,2025-08-14,12,6,3,83487.78,42212.6,14162.73,93,Accessories,3,6,Poor Product Quality,Low,Closed,3,0,No,5.0,1,0.167,Changed Mind,9,13341.02,Yes,No,1.1,2.6,0.0,0,0,0,4.3,6,0.6,12.0,No,2.3,4.8,2.3,3.3,2.4,21,5.6,3.06,0.339,No,No,0,At Risk,Yes,No,Yes,No,Not Churned,,26.0
CUST12306,26,Female,Abuja,Regular,Website,2025-06-12,14,6,1,210090.65,36483.29,37217.9,68,Tops,4,2,Issue Not Resolved,Medium,Closed,11,0,No,3.7,0,0.0,No Return,0,0.0,No,No,6.5,4.5,2.0,1,0,0,3.5,2,7.5,14.7,No,3.7,4.3,3.7,4.1,4.7,61,8.9,0.8,0.241,No,No,0,Retained,Yes,No,No,No,Not Churned,,15.7
CUST12307,32,Female,Abuja,New Customer,Google,2024-03-10,30,14,4,310011.95,102236.52,24125.63,131,Dresses,4,0,No Complaint,None,No Complaint,0,0,No,,2,0.143,Damaged,3,35499.67,No,No,4.2,4.8,0.0,0,0,0,5.0,2,4.2,10.9,Yes,4.7,3.3,4.7,4.1,3.9,38,6.6,4.33,0.068,No,No,0,At Risk,Yes,No,Yes,No,Not Churned,,18.6
CUST12308,27,Male,Rivers,Regular,Email,2024-01-06,32,10,1,195078.64,19129.35,21277.49,67,Beauty,3,1,Coupon Expired,Medium,Resolved,7,2,No,4.4,0,0.0,No Return,0,0.0,No,No,3.8,3.3,0.5,0,0,0,3.6,1,4.4,10.7,No,3.7,4.4,3.7,3.9,4.2,18,7.5,3.62,0.287,No,Yes,4,Retained,Yes,No,No,No,Not Churned,,14.9
CUST12309,41,Male,Kano,New Customer,Facebook,2025-07-21,13,9,4,321342.1,156179.25,36659.74,22,Accessories,1,1,Failed Payment,Low,Resolved,2,1,No,5.0,0,0.0,No Return,0,0.0,No,No,5.6,4.4,1.2,2,1,0,2.7,1,2.7,5.3,Yes,2.7,4.2,2.7,3.0,3.0,10,8.9,4.19,0.301,No,No,0,Retained,Yes,No,No,No,Not Churned,,14.4
CUST12310,59,Female,Plateau,New Customer,Email,2023-09-06,36,13,3,1379582.16,305571.65,96743.59,38,Accessories,4,2,Poor Product Quality,Medium,Pending,5,1,No,5.0,0,0.0,No Return,0,0.0,No,No,2.5,4.4,0.0,3,0,0,4.4,3,1.1,5.0,No,3.7,3.4,3.7,3.6,3.5,29,6.2,1.85,0.309,No,Yes,3,Churned,No,Yes,No,No,Poor Customer Service,1783123200000000000,51.9
CUST12311,25,Female,Imo,Regular,Instagram,2025-06-09,14,16,7,1176509.93,405552.29,64450.46,80,Beauty,5,2,Issue Not Resolved,Medium,Pending,3,0,No,3.6,0,0.0,No Return,0,0.0,No,No,3.6,4.4,0.0,1,0,0,3.4,2,10.6,12.7,No,4.4,4.6,4.4,4.1,4.0,18,7.1,0.95,0.256,No,No,0,Dormant,Yes,No,No,Yes,Not Churned,,23.6
CUST12312,41,Female,Plateau,Regular,TikTok,2023-06-30,38,10,4,329664.96,128248.07,31870.29,101,Accessories,1,2,Discount Not Applied,Medium,Resolved,2,1,No,4.9,0,0.0,No Return,0,0.0,No,No,7.5,4.6,2.9,6,0,0,3.3,2,5.3,7.3,Yes,2.7,4.3,2.7,3.6,2.6,13,5.1,2.71,0.191,No,Yes,1,Dormant,Yes,No,No,Yes,Not Churned,,13.7
CUST12313,33,Male,Oyo,Regular,Referral,2024-12-03,21,6,3,232469.43,100129.91,36846.9,24,Bags,1,1,Poor Product Quality,High,Resolved,8,4,Yes,3.5,0,0.0,No Return,0,0.0,No,No,4.1,4.9,0.0,0,0,0,4.7,1,5.4,10.6,No,4.0,4.1,4.0,5.0,4.3,43,10.0,2.32,0.216,No,No,0,Retained,Yes,No,No,No,Not Churned,,6.2
CUST12314,43,Female,Anambra,Regular,Google,2025-09-25,11,7,4,231800.07,131903.71,30372.82,135,Beauty,5,1,Refund Delayed,Low,Resolved,4,5,Yes,3.1,2,0.286,Wrong Size,3,55912.99,No,No,4.3,4.8,0.0,0,0,0,4.1,1,1.9,4.0,No,4.0,3.1,4.0,3.4,4.0,-22,9.5,2.61,0.481,Yes,No,0,Churned,No,Yes,No,No,Better Alternative,1784160000000000000,54.7
CUST12315,44,Female,Oyo,High Value,Facebook,2023-03-19,42,11,0,324159.23,0.0,27835.46,123,Beauty,3,1,Discount Not Applied,Medium,Resolved,4,0,No,5.0,0,0.0,No Return,0,0.0,No,No,3.9,4.2,0.0,1,0,0,4.2,1,6.1,8.2,No,4.1,4.9,4.1,4.2,3.3,45,7.1,2.9,0.098,No,No,0,At Risk,Yes,No,Yes,No,Not Churned,,17.2
CUST12316,54,Male,Edo,High Value,TikTok,2025-07-07,14,11,1,845335.89,62427.81,69292.58,72,Bags,1,3,Discount Not Applied,Medium,Resolved,2,2,No,3.7,0,0.0,No Return,0,0.0,No,No,7.1,5.3,1.8,2,0,0,4.4,3,5.7,12.5,No,3.2,3.8,3.2,3.6,3.2,-1,6.2,7.14,0.346,No,Yes,2,Churned,No,Yes,No,No,Competitor,1772150400000000000,33.7
CUST12317,21,Female,Imo,Regular,Facebook,2025-06-03,15,11,4,451319.3,148027.68,36675.83,96,Tops,4,3,Discount Not Applied,Low,Resolved,10,0,No,3.1,1,0.091,Wrong Item,3,30957.23,Yes,No,7.5,4.8,2.7,1,0,0,3.2,3,2.2,10.0,No,4.7,5.0,4.7,4.4,3.8,40,9.7,2.34,0.336,No,No,0,Dormant,Yes,No,No,Yes,Not Churned,,31.0
CUST12318,41,Female,Imo,Regular,Referral,2023-12-02,33,4,1,172883.93,42286.99,41183.19,37,Beauty,2,1,Damaged Product,Low,Pending,9,0,No,3.8,0,0.0,No Return,0,0.0,No,No,5.8,5.2,0.6,0,0,0,3.9,2,11.2,21.6,No,4.0,4.7,4.0,3.9,4.1,62,8.0,0.8,0.179,Yes,No,0,Churned,No,Yes,No,No,Refund Problems,1787356800000000000,22.6
CUST12319,36,Female,Rivers,Regular,Facebook,2023-02-19,43,9,4,358669.05,155876.86,38920.86,68,Beauty,1,1,Discount Not Applied,Low,Resolved,2,1,No,4.6,2,0.222,Not as Expected,3,39231.67,No,No,4.4,4.0,0.4,0,0,1,3.9,2,2.7,2.9,Yes,4.3,4.7,4.3,4.4,3.3,8,9.6,14.06,0.165,No,No,0,Churned,No,Yes,No,No,Better Alternative,1784073600000000000,19.9
CUST12320,53,Female,Ogun,Regular,Email,2023-03-26,41,14,1,429054.49,28309.58,31095.02,35,Shoes,3,2,Unexpected Charge,High,Resolved,6,0,No,4.2,1,0.071,Not as Expected,4,15800.84,Yes,Yes,4.3,4.6,0.0,0,0,1,5.0,2,8.5,14.8,No,4.1,4.2,4.1,3.7,4.2,0,6.2,3.15,0.536,No,Yes,6,Retained,Yes,No,No,No,Not Churned,,9.0
CUST12321,56,Female,Plateau,Loyal,Instagram,2024-11-25,21,10,3,194787.79,60133.47,19389.07,139,Tops,5,4,Coupon Expired,Medium,Resolved,2,2,No,5.0,1,0.1,Not as Expected,4,14031.88,No,No,6.6,5.1,1.5,3,0,0,3.3,4,6.9,10.4,No,3.1,4.3,3.1,3.2,3.4,-3,5.1,2.33,0.522,No,Yes,3,Churned,No,Yes,No,No,Lack of Product Availability,1787011200000000000,49.9
CUST12322,27,Female,Enugu,Regular,Facebook,2023-01-04,44,4,1,82294.3,22880.15,21138.53,69,Bags,4,2,Poor Customer Service,Low,Closed,7,1,No,4.1,2,0.5,Defective,10,38094.24,No,No,3.7,4.1,0.0,0,0,0,4.3,2,6.3,12.2,No,4.7,3.8,4.7,4.2,4.8,52,8.0,10.07,0.061,No,No,0,Retained,Yes,No,No,No,Not Churned,,22.5
CUST12323,42,Female,Cross River,Loyal,Facebook,2025-09-19,11,13,2,481631.74,81002.5,37224.26,93,Shoes,2,2,Poor Product Quality,Low,Pending,6,1,No,3.6,2,0.154,Late Delivery,4,39315.55,No,No,5.2,5.1,0.1,1,0,0,3.4,2,2.6,6.0,No,2.0,4.1,2.0,2.9,3.2,-26,5.2,3.27,0.505,No,No,0,Churned,No,Yes,No,No,Negative Overall Experience,1778371200000000000,26.7
CUST12324,35,Male,Anambra,High Value,Google,2023-11-13,34,2,0,95834.04,0.0,42671.74,95,Trousers,1,1,Wrong Product,Medium,Closed,2,1,No,5.0,1,0.5,Defective,1,25822.65,No,No,7.5,4.7,2.8,1,0,0,2.6,1,8.3,13.9,Yes,4.1,3.6,4.1,3.7,2.8,16,9.4,0.8,0.284,No,Yes,4,Dormant,Yes,No,No,Yes,Not Churned,,12.6
CUST12325,36,Male,Oyo,Regular,Facebook,2026-02-08,6,5,3,102753.29,57201.36,17986.81,42,Shoes,3,1,Website Error,Low,Closed,3,4,Yes,3.1,0,0.0,No Return,0,0.0,No,No,5.3,4.8,0.5,1,0,0,4.6,1,3.8,8.3,No,4.6,2.9,4.6,4.0,3.4,18,7.7,6.89,0.195,No,No,0,Retained,Yes,No,No,No,Not Churned,,9.5
CUST12326,53,Male,Abia,Regular,Google,2025-02-01,19,19,0,426530.86,0.0,22963.04,27,Tops,2,1,Poor Customer Service,Low,Resolved,5,2,No,3.3,0,0.0,No Return,0,0.0,No,No,6.4,5.3,1.1,0,0,1,3.3,2,3.4,6.0,No,4.1,4.2,4.1,3.6,2.9,25,8.0,7.15,0.157,Yes,Yes,5,Retained,Yes,No,No,No,Not Churned,,17.3
CUST12327,27,Female,Enugu,New Customer,Website,2026-03-02,6,11,3,254603.59,63620.04,24634.72,99,Beauty,2,6,Repeated Issue,Low,Resolved,7,1,No,5.0,1,0.091,Duplicate Order,6,17140.13,No,No,3.2,3.5,0.0,0,0,0,4.5,6,5.0,7.3,No,3.6,3.2,3.6,3.7,1.8,25,6.3,12.8,0.472,Yes,No,0,Churned,No,Yes,No,No,Competitor,1775001600000000000,55.5
CUST12328,50,Female,Anambra,Regular,TikTok,2024-09-03,24,13,1,238649.1,19745.71,20372.2,75,Bags,4,2,Poor Product Quality,Low,Resolved,11,0,No,5.0,0,0.0,No Return,0,0.0,No,No,4.1,4.3,0.0,1,0,0,4.1,2,7.5,12.5,No,3.3,4.4,3.3,4.1,4.1,8,9.1,2.9,0.165,Yes,No,0,Retained,Yes,No,No,No,Not Churned,,13.3
CUST12329,22,Female,Oyo,Regular,Referral,2025-10-01,11,11,2,145053.89,22006.7,11923.2,60,Tops,4,2,Wrong Product,Medium,Resolved,5,0,No,3.8,0,0.0,No Return,0,0.0,No,No,1.3,3.3,0.0,0,0,1,5.0,2,8.0,9.0,No,3.9,4.0,3.9,4.7,4.8,32,10.0,2.88,0.199,No,No,0,Retained,Yes,No,No,No,Not Churned,,8.9
CUST12330,64,Female,Cross River,Regular,Instagram,2025-07-02,14,11,2,208855.52,32988.7,17027.36,26,Shoes,1,1,Order Cancellation,Medium,Resolved,3,2,No,5.0,0,0.0,No Return,0,0.0,No,No,5.8,4.1,1.7,3,0,2,3.8,1,16.7,21.2,No,4.1,4.2,4.1,4.3,4.6,34,10.0,2.55,0.516,No,No,0,Retained,Yes,No,No,No,Not Churned,,3.9
CUST12331,52,Female,Delta,Loyal,TikTok,2025-03-09,18,12,0,376897.11,0.0,31357.06,26,Dresses,1,3,Late Delivery,Medium,Resolved,5,2,No,4.0,1,0.083,Wrong Item,9,22037.44,Yes,Yes,3.6,3.8,0.0,1,0,1,4.1,3,2.2,5.0,No,3.3,3.8,3.3,3.9,2.4,-15,9.7,1.12,0.062,No,No,0,Retained,Yes,No,No,No,Not Churned,,4.5
CUST12332,61,Male,Edo,New Customer,Instagram,2023-04-29,40,12,4,516880.41,183941.44,41963.32,50,Bags,2,4,Refund Delayed,High,Resolved,1,2,No,3.7,0,0.0,No Return,0,0.0,No,No,3.9,3.9,0.0,0,0,0,4.5,4,5.4,12.2,No,4.6,4.8,4.6,5.0,4.4,62,9.1,1.26,0.32,No,No,0,Retained,Yes,No,No,No,Not Churned,,17.6
CUST12333,51,Female,Lagos,Regular,Website,2023-12-16,33,9,3,223584.99,74285.32,23007.86,26,Dresses,3,1,Return Difficulty,High,Escalated,1,1,Yes,5.0,0,0.0,No Return,0,0.0,No,No,5.2,3.1,2.1,4,1,1,2.3,1,6.7,15.3,Yes,5.0,3.8,5.0,3.2,2.9,-12,5.3,16.6,0.241,Yes,No,0,Retained,Yes,No,No,No,Not Churned,,10.5
CUST12334,50,Female,Anambra,Loyal,Facebook,2025-07-05,14,13,1,507590.11,35775.27,39782.15,30,Trousers,2,4,Poor Customer Service,Medium,Resolved,7,2,No,3.9,1,0.077,Poor Quality,4,36926.94,No,No,6.4,4.4,2.0,4,0,0,3.7,4,14.7,17.8,No,3.6,4.8,3.6,4.1,3.5,54,6.0,15.33,0.266,Yes,Yes,1,Retained,Yes,No,No,No,Not Churned,,13.2
CUST12335,38,Female,Edo,Loyal,Google,2024-11-17,21,13,1,406674.45,35176.69,33478.78,97,Trousers,3,2,Issue Not Resolved,Low,Resolved,8,0,No,3.9,1,0.077,Wrong Size,3,23821.64,No,No,4.4,4.9,0.0,1,1,2,3.4,2,7.8,10.0,No,3.4,4.2,3.4,3.6,2.9,23,7.4,4.66,0.163,No,No,0,Dormant,Yes,No,No,Yes,Not Churned,,28.0
CUST12336,34,Male,Cross River,Regular,Google,2024-06-25,26,6,5,244299.99,235641.64,44696.22,41,Beauty,4,2,Discount Not Applied,Low,Resolved,4,5,Yes,3.5,0,0.0,No Return,0,0.0,No,No,3.1,3.3,0.0,0,0,0,5.0,4,3.7,6.6,No,3.9,3.6,3.9,4.3,4.3,21,7.5,0.18,0.236,No,No,0,Retained,Yes,No,No,No,Not Churned,,11.6
CUST12337,39,Female,Imo,Loyal,Website,2025-12-14,8,4,2,266458.41,140477.22,70602.58,80,Tops,3,1,Late Delivery,Medium,Closed,2,1,No,4.1,1,0.25,Defective,1,35177.72,No,No,1.0,2.9,0.0,0,0,0,4.3,2,1.7,7.1,Yes,4.3,3.8,4.3,4.0,3.6,26,7.2,11.18,0.061,No,No,0,Dormant,Yes,No,No,Yes,Not Churned,,48.6
CUST12338,65,Male,Kaduna,Regular,Instagram,2023-12-27,32,10,1,221213.85,21585.95,20983.25,24,Accessories,3,0,No Complaint,None,No Complaint,0,0,No,,1,0.1,Duplicate Order,6,14055.42,Yes,Yes,4.4,3.3,1.1,2,0,0,3.5,3,5.0,12.8,Yes,4.3,3.3,4.3,3.7,3.3,17,6.3,2.01,0.283,No,No,0,Retained,Yes,No,No,No,Not Churned,,3.1
CUST12339,54,Female,Kano,Regular,Referral,2024-12-08,21,9,3,222647.1,82024.16,25402.2,65,Beauty,4,2,Account Issue,Medium,Closed,4,1,No,5.0,0,0.0,No Return,0,0.0,No,No,5.9,4.8,1.1,0,0,0,4.7,3,3.1,10.7,No,4.3,3.5,4.3,4.4,3.9,29,10.0,8.05,0.034,No,No,0,Retained,Yes,No,No,No,Not Churned,,8.4
CUST12340,32,Male,Imo,New Customer,Instagram,2024-11-15,21,13,3,256845.29,58434.79,17731.03,41,Electronics,5,2,Issue Not Resolved,Medium,Resolved,5,0,No,4.6,2,0.154,Defective,6,20924.65,Yes,Yes,2.0,2.7,0.0,0,0,0,4.0,2,5.0,7.0,No,4.0,3.6,4.0,4.2,4.8,27,9.4,12.08,0.402,Yes,No,0,Churned,No,Yes,No,No,Better Alternative,1776124800000000000,58.6
CUST12341,52,Male,Rivers,Regular,TikTok,2023-11-26,33,9,3,537500.13,170518.13,66090.96,79,Accessories,2,1,Refund Delayed,Low,Resolved,2,0,No,5.0,1,0.111,Wrong Color,10,57490.32,No,No,5.2,4.4,0.8,1,0,0,3.4,1,2.0,7.4,Yes,4.1,4.3,4.1,3.9,3.2,7,8.6,15.62,0.296,Yes,No,0,Dormant,Yes,No,No,Yes,Not Churned,,20.0
CUST12342,45,Female,Kaduna,Loyal,Website,2023-08-07,37,11,3,283318.78,71185.71,25952.98,56,Accessories,1,0,No Complaint,None,No Complaint,0,0,No,,1,0.091,Late Delivery,9,15809.14,No,No,6.4,5.0,1.4,0,0,1,3.7,0,3.5,24.5,Yes,3.2,5.0,3.2,3.5,3.1,16,4.7,7.8,0.237,Yes,Yes,6,Retained,Yes,No,No,No,Not Churned,,17.3
CUST12343,24,Female,Enugu,Loyal,Google,2023-07-27,37,5,3,170224.95,116579.2,35860.24,119,Tops,3,2,Late Delivery,Low,Resolved,5,4,Yes,4.5,0,0.0,No Return,0,0.0,No,No,3.8,4.9,0.0,0,0,0,4.1,2,3.3,5.0,No,5.0,4.4,5.0,4.9,4.1,38,10.0,0.56,0.267,No,No,0,Churned,No,Yes,No,No,Poor Customer Service,1775001600000000000,24.4
CUST12344,49,Female,Imo,Loyal,Google,2025-04-24,16,7,2,342206.54,81409.83,43661.34,59,Shoes,1,1,Long Waiting Time,Medium,Closed,3,1,No,5.0,0,0.0,No Return,0,0.0,No,No,5.5,5.5,0.0,1,1,1,3.6,1,2.6,3.0,No,3.4,4.1,3.4,3.5,4.1,34,9.5,3.58,0.099,No,No,0,Retained,Yes,No,No,No,Not Churned,,7.8
CUST12345,28,Female,Imo,Regular,Website,2023-03-26,41,8,2,558421.84,111491.07,63591.28,86,Beauty,1,3,Poor Product Quality,Critical,Resolved,9,1,No,5.0,2,0.25,Changed Mind,9,55086.71,No,No,5.5,4.9,0.6,0,0,0,3.4,3,6.4,13.0,No,3.5,3.6,3.5,3.1,2.8,-37,5.9,0.57,0.485,No,No,0,Dormant,Yes,No,No,Yes,Not Churned,,15.4
CUST12346,27,Male,Anambra,New Customer,Referral,2024-11-15,21,8,1,143647.46,14548.2,15671.59,13,Electronics,2,5,Rude Staff,Medium,Resolved,7,0,No,4.0,0,0.0,No Return,0,0.0,No,No,3.9,2.9,1.0,2,0,0,3.4,5,5.4,12.6,No,2.7,2.9,2.7,3.1,3.5,7,5.2,4.55,0.18,Yes,Yes,3,At Risk,Yes,No,Yes,No,Not Churned,,4.1
CUST12347,26,Male,Rivers,New Customer,Google,2023-09-02,36,6,3,274955.41,147638.58,50236.48,63,Dresses,5,3,Poor Product Quality,Low,Resolved,13,2,No,3.7,0,0.0,No Return,0,0.0,No,No,4.6,3.5,1.1,0,0,0,3.7,3,6.5,13.0,No,3.7,3.8,3.7,3.9,4.3,29,5.6,3.14,0.283,No,No,0,Retained,Yes,No,No,No,Not Churned,,7.9
CUST12348,31,Male,Rivers,Regular,Referral,2025-05-21,15,8,2,109582.2,23763.17,12552.88,63,Shoes,5,0,No Complaint,None,No Complaint,0,0,No,,0,0.0,No Return,0,0.0,No,No,3.1,3.2,0.0,0,1,0,3.1,1,0.5,4.2,Yes,5.0,4.2,5.0,4.6,5.0,30,8.4,0.43,0.293,No,No,0,Retained,Yes,No,No,No,Not Churned,,17.5
CUST12349,30,Male,Kaduna,Loyal,TikTok,2025-10-19,10,16,1,270574.69,19373.47,18502.45,23,Tops,5,0,No Complaint,None,No Complaint,0,0,No,,0,0.0,No Return,0,0.0,No,No,2.8,3.6,0.0,0,0,0,4.0,1,3.3,7.0,Yes,4.3,4.6,4.3,4.2,4.4,21,7.3,1.11,0.103,Yes,No,0,Retained,Yes,No,No,No,Not Churned,,23.0
CUST12350,42,Female,Cross River,Loyal,Instagram,2024-08-18,24,10,2,265288.51,57714.07,28777.64,65,Shoes,5,4,Missing Product,Medium,Resolved,6,2,No,4.3,0,0.0,No Return,0,0.0,No,No,2.4,4.4,0.0,0,0,0,4.8,4,10.1,13.3,No,2.9,4.7,2.9,4.2,3.1,47,8.6,15.62,0.008,No,Yes,5,Retained,Yes,No,No,No,Not Churned,,10.1
CUST12351,19,Female,Plateau,Regular,Website,2024-11-15,21,11,2,310570.11,60787.99,31702.48,86,Accessories,4,1,Wrong Product,Low,Escalated,4,2,Yes,3.4,2,0.182,Product Description Inaccurate,5,49836.64,Yes,Yes,3.3,3.4,0.0,0,0,0,4.1,3,11.2,13.1,No,4.5,3.6,4.5,4.2,3.5,20,8.4,11.85,0.255,No,No,0,Churned,No,Yes,No,No,Inactive,1782172800000000000,49.8
CUST12352,52,Male,Imo,Regular,Google,2026-03-02,6,8,0,534480.14,0.0,66446.48,58,Dresses,1,1,Late Delivery,High,Resolved,4,1,No,5.0,2,0.25,Changed Mind,8,68172.06,No,No,4.1,2.9,1.2,2,0,0,2.9,2,1.6,5.1,No,4.8,4.4,4.8,3.9,3.2,-7,7.8,13.7,0.196,Yes,No,0,Churned,No,Yes,No,No,Price Too High,1769817600000000000,33.0
CUST12353,24,Female,Kaduna,Regular,Instagram,2025-10-10,10,7,1,209454.6,35078.2,32737.94,116,Bags,1,0,No Complaint,None,No Complaint,0,0,No,,1,0.143,Wrong Size,14,23523.64,No,No,7.5,4.6,2.9,2,0,0,3.8,2,13.8,15.5,Yes,3.8,5.0,3.8,4.1,3.7,30,6.8,3.9,0.352,No,No,0,Churned,No,Yes,No,No,Website/App Problems,1778457600000000000,64.9
CUST12354,38,Male,Lagos,Regular,Website,2025-10-10,10,10,1,306128.22,33488.81,31428.24,46,Tops,4,1,Late Delivery,Critical,Resolved,9,0,No,4.3,0,0.0,No Return,0,0.0,No,No,4.5,2.9,1.6,1,0,0,2.9,3,3.9,9.0,No,4.6,5.0,4.6,4.6,4.3,38,9.1,3.21,0.325,No,No,0,Retained,Yes,No,No,No,Not Churned,,11.5
CUST12355,35,Female,Oyo,Regular,Google,2023-12-16,33,15,6,501908.85,208595.66,35052.91,182,Bags,2,0,No Complaint,None,No Complaint,0,0,No,,0,0.0,No Return,0,0.0,No,No,5.8,5.3,0.5,0,0,1,4.2,0,10.4,18.0,Yes,4.5,5.0,4.5,4.4,4.6,43,9.3,1.88,0.057,No,No,0,At Risk,Yes,No,Yes,No,Not Churned,,47.4
CUST12356,20,Female,Anambra,New Customer,Instagram,2023-10-09,35,12,3,758983.32,173380.65,55305.82,149,Shoes,3,4,App Crash,Low,Resolved,4,3,No,4.5,2,0.167,Changed Mind,3,92396.44,Yes,Yes,4.7,4.4,0.3,2,2,0,3.8,4,2.7,4.3,No,4.5,3.7,4.5,3.8,3.9,34,8.4,4.79,0.35,No,No,0,Churned,No,Yes,No,No,Too Many Delivery Problems,1777680000000000000,55.5
CUST12357,59,Other,Plateau,Regular,Referral,2023-10-20,34,14,5,335757.89,105883.07,22673.73,59,Trousers,5,1,Damaged Product,Low,Resolved,1,1,No,5.0,1,0.071,Defective,2,13419.58,Yes,Yes,4.3,4.8,0.0,0,0,0,3.5,1,6.6,8.5,Yes,3.9,3.5,3.9,4.1,4.0,18,7.8,4.3,0.373,No,No,0,Retained,Yes,No,No,No,Not Churned,,8.1
CUST12358,56,Female,Edo,New Customer,Website,2025-09-10,11,10,5,144208.26,67857.12,14554.39,51,Trousers,5,3,Repeated Issue,Medium,Resolved,1,1,No,4.1,0,0.0,No Return,0,0.0,No,No,3.6,5.0,0.0,0,1,0,3.8,3,7.9,11.7,Yes,4.9,3.6,4.9,3.6,3.3,28,8.1,2.56,0.426,Yes,No,0,Retained,Yes,No,No,No,Not Churned,,12.7
CUST12359,58,Other,Cross River,Regular,Website,2023-01-20,44,11,2,411588.85,71875.67,33492.44,72,Beauty,4,2,Product Not as Described,Low,Resolved,7,1,No,5.0,0,0.0,No Return,0,0.0,No,No,6.0,4.4,1.6,3,0,0,4.3,4,13.4,19.2,No,4.2,4.5,4.2,4.6,4.4,-1,9.5,0.69,0.191,Yes,No,0,Retained,Yes,No,No,No,Not Churned,,23.2
CUST12360,28,Male,Abuja,New Customer,Email,2025-01-28,19,12,4,358871.17,133218.85,33331.1,83,Trousers,5,1,Discount Not Applied,High,Resolved,1,1,No,5.0,2,0.167,Not as Expected,5,55489.2,No,No,6.6,4.6,2.0,3,0,0,3.3,4,7.1,18.5,Yes,4.5,5.0,4.5,4.6,4.9,33,9.5,2.25,0.161,No,No,0,Churned,No,Yes,No,No,Poor Product Quality,1767571200000000000,56.0
CUST12361,56,Male,Imo,Loyal,Website,2024-02-09,31,15,3,427152.67,82405.76,29350.02,47,Tops,4,0,No Complaint,None,No Complaint,0,0,No,,2,0.133,Defective,3,50625.95,Yes,Yes,3.6,4.9,0.0,0,0,0,3.5,2,1.9,5.1,Yes,3.7,3.8,3.7,3.2,3.3,-1,6.7,3.18,0.356,No,Yes,6,Retained,Yes,No,No,No,Not Churned,,13.9
CUST12362,41,Male,Ogun,Regular,Instagram,2026-02-12,6,9,0,645064.4,0.0,70341.55,20,Shoes,3,2,Failed Payment,Low,Resolved,9,0,No,3.9,0,0.0,No Return,0,0.0,No,No,6.0,3.9,2.1,0,0,0,4.1,3,2.4,9.0,No,3.6,4.0,3.6,3.7,3.8,23,6.6,1.88,0.079,No,No,0,Retained,Yes,No,No,No,Not Churned,,2.7
CUST12363,63,Male,Anambra,High Value,Google,2024-12-01,21,12,2,515634.66,92288.58,48035.02,166,Electronics,1,4,Poor Product Quality,Low,Escalated,5,2,Yes,4.3,2,0.167,Not as Expected,7,55061.39,No,No,3.2,2.5,0.7,0,0,0,3.8,4,4.2,7.1,No,4.1,4.9,4.1,4.1,3.3,36,8.5,7.03,0.416,Yes,No,0,At Risk,Yes,No,Yes,No,Not Churned,,40.4
CUST12364,36,Male,Anambra,Regular,Website,2025-09-06,12,7,2,82628.7,24394.27,12839.17,98,Accessories,5,0,No Complaint,None,No Complaint,0,0,No,,1,0.143,Damaged,4,11584.51,Yes,Yes,6.9,5.4,1.5,0,0,0,4.6,0,1.8,14.8,Yes,4.5,4.3,4.5,5.0,5.0,28,10.0,7.83,0.027,Yes,No,0,Dormant,Yes,No,No,Yes,Not Churned,,32.2
CUST12365,21,Female,Anambra,Regular,Google,2023-01-26,43,7,3,197446.44,64618.85,25147.16,49,Electronics,2,1,Late Delivery,Medium,Resolved,3,0,No,4.2,1,0.143,Not as Expected,7,9009.7,No,No,6.0,3.2,2.8,3,0,0,3.2,1,0.8,7.3,No,4.4,4.4,4.4,4.2,4.3,11,8.4,11.33,0.197,Yes,No,0,Retained,Yes,No,No,No,Not Churned,,10.6
CUST12366,43,Female,Rivers,Regular,Referral,2024-07-19,25,8,3,301788.18,124292.82,40628.5,62,Electronics,4,2,Account Issue,Low,Resolved,9,2,No,4.6,0,0.0,No Return,0,0.0,No,No,1.4,2.9,0.0,0,0,0,4.2,2,3.0,9.0,No,4.9,4.3,4.9,4.9,4.4,41,10.0,0.84,0.091,Yes,No,0,Retained,Yes,No,No,No,Not Churned,,10.1
CUST12367,55,Male,Enugu,New Customer,Referral,2024-01-30,31,7,1,309371.68,38492.11,39151.4,82,Accessories,3,1,Issue Not Resolved,Low,Closed,1,3,No,5.0,2,0.286,Late Delivery,6,56242.59,No,No,4.2,5.3,0.0,0,0,0,4.4,1,2.6,4.0,No,3.3,4.3,3.3,4.3,4.2,31,8.0,1.45,0.473,Yes,No,0,Dormant,Yes,No,No,Yes,Not Churned,,19.8
CUST12368,59,Female,Rivers,Loyal,Google,2025-09-27,11,10,5,492678.03,252326.15,54383.14,17,Tops,2,2,Poor Customer Service,Medium,Resolved,3,1,No,4.6,0,0.0,No Return,0,0.0,No,No,4.1,4.1,0.0,0,0,1,4.2,2,2.5,10.1,No,4.0,4.0,4.0,3.9,4.0,5,8.0,1.02,0.372,No,Yes,5,Retained,Yes,No,No,No,Not Churned,,2.2
CUST12369,49,Female,Enugu,New Customer,Website,2024-06-06,27,11,1,813935.27,58466.53,66076.91,198,Dresses,1,0,No Complaint,None,No Complaint,0,0,No,,0,0.0,No Return,0,0.0,No,No,2.4,3.3,0.0,0,0,0,3.6,0,5.1,5.4,Yes,3.8,4.1,3.8,4.4,4.5,47,9.0,2.33,0.182,No,No,0,Churned,No,Yes,No,No,Poor Product Quality,1772668800000000000,36.0
CUST12370,56,Female,Abia,High Value,Referral,2025-05-11,15,9,3,350218.29,104291.34,38816.02,205,Shoes,2,1,Price Increase,High,Resolved,2,0,No,4.9,1,0.111,Changed Mind,4,20397.45,No,No,4.6,5.3,0.0,0,0,0,3.6,2,3.9,4.6,Yes,3.7,4.2,3.7,3.5,3.5,38,6.1,6.68,0.363,No,Yes,5,Churned,No,Yes,No,No,Negative Overall Experience,1779667200000000000,74.4
CUST12371,62,Male,Kaduna,Loyal,Google,2026-01-11,7,7,0,310727.69,0.0,42897.62,15,Beauty,4,1,Missing Product,Critical,Resolved,5,5,Yes,3.7,0,0.0,No Return,0,0.0,No,No,6.7,5.1,1.6,1,0,0,3.1,5,0.2,7.9,No,4.5,5.0,4.5,4.2,3.9,29,8.3,0.41,0.259,Yes,No,0,Retained,Yes,No,No,No,Not Churned,,1.9
CUST12372,63,Male,Abuja,Regular,Email,2025-03-12,17,5,5,78945.17,78945.17,16515.07,113,Tops,5,0,No Complaint,None,No Complaint,0,0,No,,1,0.2,Wrong Color,7,6519.28,Yes,Yes,4.5,3.9,0.6,0,0,0,5.0,0,6.9,9.2,Yes,2.6,4.3,2.6,3.9,3.5,22,6.5,3.04,0.101,No,No,0,Dormant,Yes,No,No,Yes,Not Churned,,20.3
CUST12373,53,Female,Plateau,Regular,Google,2024-07-03,26,16,2,352032.8,44758.75,23067.74,44,Trousers,1,4,Poor Customer Service,Low,Closed,1,0,No,4.3,3,0.188,Wrong Size,7,60209.17,No,No,6.1,5.4,0.7,1,0,1,3.0,4,4.7,8.1,Yes,2.5,4.9,2.5,3.5,3.4,11,6.5,1.96,0.269,Yes,Yes,3,Retained,Yes,No,No,No,Not Churned,,8.3
CUST12374,57,Male,Rivers,Loyal,Instagram,2023-03-28,41,9,1,223764.06,25132.64,24546.61,52,Beauty,4,3,App Crash,Medium,Resolved,7,1,No,4.4,2,0.222,Poor Quality,3,34881.26,No,No,3.3,2.8,0.5,0,0,0,3.8,3,5.7,12.0,No,3.7,3.7,3.7,4.3,3.7,38,6.2,4.83,0.312,Yes,No,0,Retained,Yes,No,No,No,Not Churned,,15.4
CUST12375,54,Male,Imo,Regular,Referral,2025-04-12,16,15,4,237039.72,62515.17,16190.11,48,Beauty,3,4,Return Difficulty,Low,Resolved,6,2,No,4.2,2,0.133,Product Description Inaccurate,11,23363.03,Yes,Yes,4.8,5.3,0.0,0,0,2,3.9,4,1.7,11.1,No,3.8,4.1,3.8,3.6,2.7,16,7.9,5.24,0.423,No,No,0,Retained,Yes,No,No,No,Not Churned,,25.5
CUST12376,50,Male,Cross River,Loyal,Website,2024-01-22,31,10,3,415019.3,133827.32,46063.2,28,Dresses,2,1,Price Increase,High,Escalated,4,1,Yes,3.8,1,0.1,Late Delivery,8,16559.88,Yes,Yes,4.6,3.9,0.7,1,0,0,3.6,2,4.4,6.5,No,3.2,3.0,3.2,3.3,2.7,21,6.4,7.36,0.63,No,No,0,Retained,Yes,No,No,No,Not Churned,,11.8
CUST12377,53,Female,Plateau,New Customer,Website,2025-08-20,12,10,4,331287.87,143388.45,33961.02,147,Trousers,2,0,No Complaint,None,No Complaint,0,0,No,,3,0.3,Late Delivery,3,91037.15,Yes,No,4.0,3.9,0.1,0,0,1,4.4,0,8.5,16.1,Yes,3.8,4.1,3.8,4.2,4.5,-3,8.7,2.94,0.392,Yes,No,0,At Risk,Yes,No,Yes,No,Not Churned,,42.0
CUST12378,20,Male,Enugu,New Customer,Website,2024-10-29,22,9,2,658929.97,160939.26,77167.69,9,Bags,1,3,Product Not as Described,High,Closed,5,0,No,5.0,0,0.0,No Return,0,0.0,No,No,5.5,3.9,1.6,1,0,0,3.7,3,1.7,10.4,No,3.5,2.9,3.5,3.4,3.6,23,8.2,0.5,0.105,No,No,0,Retained,Yes,No,No,No,Not Churned,,1.9
CUST12379,26,Female,Rivers,Regular,TikTok,2023-10-13,35,9,2,437434.96,79563.55,43810.86,24,Electronics,1,4,Exchange Difficulty,Medium,Pending,1,1,No,4.6,0,0.0,No Return,0,0.0,No,No,5.1,3.8,1.3,0,1,0,3.4,4,9.6,18.9,Yes,4.6,4.9,4.6,4.3,4.5,63,7.2,13.0,0.382,No,No,0,Retained,Yes,No,No,No,Not Churned,,3.1
CUST12380,25,Male,Kano,Regular,Facebook,2024-11-28,21,12,2,496777.89,75314.98,37416.9,74,Shoes,3,0,No Complaint,None,No Complaint,0,0,No,,0,0.0,No Return,0,0.0,No,No,5.1,4.1,1.0,2,0,0,4.5,0,9.0,10.9,Yes,4.5,4.8,4.5,3.8,3.7,2,6.9,9.99,0.191,No,Yes,6,Retained,Yes,No,No,No,Not Churned,,11.1
CUST12381,50,Female,Rivers,Loyal,Website,2025-08-22,12,13,1,808164.15,69062.04,67704.76,48,Bags,3,1,Missing Product,Medium,Resolved,8,1,No,3.0,0,0.0,No Return,0,0.0,No,No,5.9,5.5,0.4,1,0,0,3.1,1,3.8,8.0,No,3.8,4.0,3.8,3.6,3.0,-27,5.9,9.82,0.342,No,Yes,2,Retained,Yes,No,No,No,Not Churned,,6.4
CUST12382,23,Male,Abuja,New Customer,Website,2024-01-04,32,13,3,316988.86,64599.71,22637.95,68,Bags,1,2,Failed Payment,Medium,Closed,8,0,No,4.9,1,0.077,Changed Mind,2,12393.3,Yes,No,2.3,2.5,0.0,1,0,0,3.6,3,0.9,8.0,No,3.5,3.4,3.5,3.7,3.2,4,9.8,3.53,0.172,No,No,0,Retained,Yes,No,No,No,Not Churned,,13.3
CUST12383,58,Other,Abuja,Loyal,Facebook,2024-10-16,22,3,1,40182.19,11593.75,13370.98,7,Dresses,4,2,Coupon Expired,High,Closed,4,1,No,5.0,1,0.333,Not as Expected,2,8509.0,No,No,2.7,4.0,0.0,0,0,1,4.7,2,3.8,16.1,No,4.3,3.6,4.3,4.1,3.5,26,8.6,2.85,0.605,Yes,No,0,Retained,Yes,No,No,No,Not Churned,,2.6
CUST12384,56,Female,Enugu,Regular,Instagram,2024-10-15,22,14,3,783856.7,142100.06,50237.71,97,Accessories,4,0,No Complaint,None,No Complaint,0,0,No,,0,0.0,No Return,0,0.0,No,No,7.9,3.4,4.5,8,0,0,2.2,0,3.3,5.7,Yes,3.6,3.5,3.6,3.2,2.8,0,4.9,3.07,0.312,No,No,0,Dormant,Yes,No,No,Yes,Not Churned,,16.1
CUST12385,21,Female,Enugu,Regular,Email,2024-11-27,21,8,6,298106.68,220204.96,39061.04,238,Beauty,1,4,Refund Delayed,Low,Resolved,10,0,No,3.2,0,0.0,No Return,0,0.0,No,No,3.3,3.0,0.3,1,0,0,3.6,4,2.6,10.0,No,3.4,4.0,3.4,3.6,3.1,15,8.0,4.77,0.042,Yes,Yes,1,Churned,No,Yes,No,No,No Longer Needed,1784160000000000000,64.2
CUST12386,30,Male,Kaduna,Regular,Website,2025-10-20,10,13,0,352571.27,0.0,30007.88,42,Beauty,2,0,No Complaint,None,No Complaint,0,0,No,,3,0.231,Defective,1,75613.03,Yes,Yes,6.6,5.3,1.3,2,1,1,3.8,0,5.5,9.3,Yes,4.3,3.7,4.3,3.7,3.4,17,7.3,4.88,0.446,Yes,No,0,Churned,No,Yes,No,No,Poor Product Quality,1774137600000000000,27.8
CUST12387,19,Female,Abuja,Regular,Website,2025-07-03,14,8,4,222876.35,106989.86,25416.18,102,Shoes,5,0,No Complaint,None,No Complaint,0,0,No,,0,0.0,No Return,0,0.0,No,No,5.2,3.7,1.5,1,0,0,3.1,2,7.8,14.9,Yes,4.1,4.1,4.1,3.7,3.5,8,9.5,4.65,0.154,Yes,Yes,6,Churned,No,Yes,No,No,Payment Problems,1767312000000000000,39.2
CUST12388,22,Male,Abuja,New Customer,Website,2023-10-15,35,13,1,327131.4,21428.1,22579.57,28,Electronics,3,2,Wrong Product,Low,Resolved,8,0,No,3.3,3,0.231,Wrong Color,3,63523.23,No,No,4.5,4.1,0.4,1,0,0,4.0,2,2.3,10.1,No,4.0,4.5,4.0,4.4,4.3,23,10.0,10.17,0.272,Yes,No,0,Retained,Yes,No,No,No,Not Churned,,8.6
CUST12389,61,Female,Abia,Regular,Referral,2023-04-05,41,17,0,599799.26,0.0,31873.79,89,Dresses,4,0,No Complaint,None,No Complaint,0,0,No,,1,0.059,Late Delivery,3,12823.81,No,No,5.5,5.3,0.2,0,0,0,3.9,0,9.5,11.8,Yes,3.8,4.3,3.8,3.8,3.2,33,6.0,8.02,0.748,No,No,0,Dormant,Yes,No,No,Yes,Not Churned,,25.3
CUST12390,44,Female,Imo,Loyal,Referral,2024-10-30,22,8,2,274338.28,71543.23,35392.61,115,Tops,5,1,Poor Customer Service,Low,Closed,6,1,No,5.0,0,0.0,No Return,0,0.0,No,No,3.4,3.9,0.0,0,0,0,4.7,1,3.6,6.3,No,4.7,4.6,4.7,5.0,4.8,30,10.0,1.47,0.043,No,No,0,Dormant,Yes,No,No,Yes,Not Churned,,14.3
CUST12391,49,Male,Abia,Regular,Referral,2023-02-10,43,15,6,596529.53,271839.77,44767.68,145,Beauty,2,1,Poor Product Quality,Medium,Resolved,4,1,No,4.5,0,0.0,No Return,0,0.0,No,No,1.5,3.4,0.0,0,0,0,4.7,1,7.3,8.1,No,4.9,4.2,4.9,5.0,4.4,25,10.0,7.43,0.132,No,No,0,At Risk,Yes,No,Yes,No,Not Churned,,19.2
CUST12392,38,Male,Lagos,Regular,Instagram,2023-11-27,33,11,2,162264.06,31781.28,16074.25,31,Shoes,3,0,No Complaint,None,No Complaint,0,0,No,,0,0.0,No Return,0,0.0,No,No,5.7,2.8,2.9,5,0,0,3.5,2,8.0,12.7,Yes,5.0,4.0,5.0,4.1,4.0,48,9.3,0.68,0.536,No,Yes,5,Retained,Yes,No,No,No,Not Churned,,3.8
CUST12393,25,Male,Anambra,Loyal,TikTok,2026-03-24,5,10,1,614928.9,54901.98,54503.88,28,Tops,4,2,Stock Availability,Medium,Resolved,1,0,No,3.9,1,0.1,Wrong Color,11,27781.88,No,No,3.9,4.3,0.0,0,0,0,5.0,2,4.6,8.1,Yes,5.0,3.7,5.0,4.0,3.3,39,7.1,10.93,0.21,No,Yes,5,Retained,Yes,No,No,No,Not Churned,,4.3
CUST12394,55,Female,Abia,Loyal,Referral,2024-05-18,27,6,2,170798.21,62090.22,29097.83,44,Trousers,4,1,Poor Product Quality,High,Resolved,1,1,No,5.0,1,0.167,Defective,1,26865.28,No,No,4.1,5.2,0.0,0,0,0,3.7,2,1.6,5.5,Yes,4.4,3.5,4.4,4.5,4.3,33,9.2,7.52,0.193,No,No,0,Retained,Yes,No,No,No,Not Churned,,9.9
CUST12395,25,Male,Delta,Regular,Referral,2023-10-02,35,14,4,516209.48,142579.56,32990.56,119,Electronics,2,3,Wrong Product,Low,Resolved,8,4,Yes,3.9,1,0.071,Changed Mind,3,18257.07,No,No,5.1,2.7,2.4,3,0,0,3.2,3,1.3,8.0,No,3.8,4.8,3.8,4.6,4.4,52,8.9,7.3,0.044,No,Yes,2,Dormant,Yes,No,No,Yes,Not Churned,,24.2
CUST12396,20,Male,Rivers,Regular,Referral,2023-06-28,38,6,1,153946.17,19564.55,22412.0,101,Bags,2,1,Refund Delayed,Low,Closed,1,2,No,4.4,1,0.167,Poor Quality,2,14921.25,No,No,3.8,3.8,0.0,0,0,0,5.0,1,1.6,8.1,No,4.9,3.7,4.9,4.6,4.6,39,10.0,3.23,0.211,Yes,No,0,Dormant,Yes,No,No,Yes,Not Churned,,12.8
CUST12397,61,Male,Oyo,Loyal,Google,2023-05-17,40,8,4,315655.93,136412.31,39983.06,73,Dresses,4,2,Issue Not Resolved,Low,Closed,3,1,No,5.0,2,0.25,Damaged,3,73803.66,No,No,5.0,4.5,0.5,0,0,0,4.5,2,7.1,10.0,No,4.2,4.0,4.2,4.8,3.8,92,10.0,6.22,0.191,No,Yes,4,Retained,Yes,No,No,No,Not Churned,,22.6
CUST12398,20,Male,Kaduna,Regular,Instagram,2025-02-05,19,11,3,926832.78,227275.53,77325.99,73,Accessories,4,2,Wrong Product,Low,Resolved,1,1,No,4.1,1,0.091,Wrong Color,11,36662.69,No,No,2.5,2.8,0.0,0,0,1,4.6,2,6.1,7.6,Yes,2.6,4.6,2.6,3.8,3.5,16,7.7,2.51,0.227,Yes,No,0,Retained,Yes,No,No,No,Not Churned,,15.9
CUST12399,39,Male,Anambra,Regular,Facebook,2025-09-14,11,8,3,346117.87,133656.11,46739.29,94,Tops,5,2,Wrong Product,Low,Escalated,1,1,Yes,4.9,1,0.125,Product Description Inaccurate,7,21474.07,No,No,1.0,2.7,0.0,0,0,0,4.8,2,1.2,6.3,Yes,4.1,4.0,4.1,4.4,3.4,74,8.4,1.26,0.094,No,Yes,7,Churned,No,Yes,No,No,Refund Problems,1770422400000000000,53.1
CUST12400,23,Female,Delta,Regular,Instagram,2023-08-31,36,8,1,203629.52,24914.92,25877.77,25,Beauty,2,3,Poor Product Quality,Medium,Closed,5,5,Yes,,0,0.0,No Return,0,0.0,No,No,3.5,3.1,0.4,0,0,1,4.7,3,6.7,8.4,No,3.3,3.7,3.3,3.6,4.2,20,9.5,2.54,0.223,Yes,Yes,1,Retained,Yes,No,No,No,Not Churned,,3.1
CUST12401,19,Female,Lagos,Loyal,Facebook,2026-01-24,7,13,1,191919.0,13304.17,13792.05,61,Trousers,2,0,No Complaint,None,No Complaint,0,0,No,,1,0.077,Wrong Color,5,6778.08,No,No,3.2,2.9,0.3,0,0,0,4.8,1,6.4,11.3,Yes,3.4,3.9,3.4,4.4,3.1,19,8.2,4.95,0.039,No,No,0,Retained,Yes,No,No,No,Not Churned,,18.2
CUST12402,40,Male,Oyo,New Customer,Email,2023-07-16,38,11,3,245569.55,76839.88,23853.01,27,Shoes,5,2,Failed Payment,Medium,Resolved,1,2,No,4.9,1,0.091,Changed Mind,6,18438.26,Yes,Yes,3.4,3.6,0.0,1,0,0,4.0,2,13.5,16.5,No,4.7,5.0,4.7,4.7,4.3,36,10.0,7.91,0.022,No,No,0,Churned,No,Yes,No,No,Poor Customer Service,1783987200000000000,55.2
CUST12403,61,Female,Enugu,High Value,Instagram,2024-06-09,27,14,1,332835.43,24827.21,24601.94,6,Shoes,2,3,Poor Customer Service,Low,Closed,2,0,No,4.8,1,0.071,Wrong Item,3,11156.41,Yes,Yes,5.5,3.7,1.8,1,0,1,2.7,3,17.6,21.5,Yes,3.0,4.5,3.0,3.0,2.1,-6,6.3,8.47,0.462,No,No,0,Churned,No,Yes,No,No,Payment Problems,1773187200000000000,51.9
CUST12404,19,Male,Abuja,New Customer,Facebook,2024-09-23,23,8,1,322501.75,37514.57,39053.88,74,Electronics,1,1,Refund Delayed,Medium,Resolved,2,0,No,3.6,2,0.25,Product Description Inaccurate,4,29213.02,No,No,5.2,3.9,1.3,1,1,0,4.1,1,17.4,18.7,Yes,3.9,3.5,3.9,3.5,3.2,9,7.9,2.41,0.283,No,No,0,Retained,Yes,No,No,No,Not Churned,,28.1
CUST12405,55,Female,Kano,Loyal,Referral,2024-02-12,31,11,2,273886.45,44991.98,23343.46,28,Trousers,3,0,No Complaint,None,No Complaint,0,0,No,,2,0.182,Product Description Inaccurate,6,36499.49,No,No,6.3,4.0,2.3,2,0,1,4.2,1,4.9,11.3,Yes,4.6,4.3,4.6,4.0,3.3,22,8.5,0.79,0.167,Yes,No,0,Churned,No,Yes,No,No,No Longer Needed,1785628800000000000,31.9
CUST12406,34,Male,Kaduna,Regular,Referral,2026-04-09,4,13,1,278775.28,23306.07,21963.53,10,Dresses,1,4,Order Cancellation,Medium,Escalated,3,1,Yes,5.0,1,0.077,Defective,7,20384.04,No,No,1.6,2.7,0.0,0,1,0,4.6,4,4.6,13.5,No,3.5,4.5,3.5,4.4,4.3,23,9.9,6.64,0.531,No,No,0,Retained,Yes,No,No,No,Not Churned,,5.2
CUST12407,52,Male,Edo,Regular,Instagram,2024-11-21,21,12,4,317667.19,97532.91,26964.72,106,Bags,2,2,Poor Customer Service,Medium,Pending,1,2,No,3.2,3,0.25,Late Delivery,8,54789.36,Yes,Yes,5.7,4.5,1.2,3,2,0,3.6,2,3.1,6.6,No,3.2,4.9,3.2,4.0,3.6,25,8.4,6.83,0.043,No,Yes,2,Dormant,Yes,No,No,Yes,Not Churned,,27.4
CUST12408,51,Female,Ogun,Loyal,Website,2023-06-19,39,10,4,284404.76,106761.37,31264.8,17,Beauty,5,1,Login Problem,Medium,Resolved,4,0,No,4.6,2,0.2,Not as Expected,6,35523.44,No,No,7.9,4.7,3.2,6,0,0,4.1,3,1.5,5.4,No,3.6,4.4,3.6,4.1,3.0,45,8.8,12.02,0.274,Yes,No,0,Retained,Yes,No,No,No,Not Churned,,11.7
CUST12409,40,Female,Abia,Regular,Website,2023-06-08,39,5,3,156922.53,79677.08,27393.38,23,Bags,4,3,Return Difficulty,Low,Resolved,2,0,No,5.0,2,0.4,Changed Mind,5,20191.87,No,No,4.1,2.9,1.2,1,0,0,4.1,3,5.1,8.1,Yes,3.8,4.3,3.8,4.2,3.8,22,9.5,11.16,0.285,No,Yes,3,Retained,Yes,No,No,No,Not Churned,,4.6
CUST12410,47,Female,Abuja,Regular,Facebook,2024-03-22,29,7,3,192592.91,86078.44,26320.84,48,Dresses,2,2,Late Delivery,Medium,Resolved,5,0,No,4.0,2,0.286,Defective,5,36447.01,Yes,No,4.4,3.2,1.2,0,0,2,2.8,3,8.7,15.3,No,2.7,4.1,2.7,3.3,3.2,-12,6.4,1.05,0.023,No,No,0,Retained,Yes,No,No,No,Not Churned,,6.0
CUST12411,25,Male,Kano,New Customer,Facebook,2025-10-14,10,8,3,136437.59,52684.47,16668.19,8,Dresses,4,0,No Complaint,None,No Complaint,0,0,No,,2,0.25,Not as Expected,2,18226.01,Yes,No,3.7,3.3,0.4,0,0,0,4.6,0,8.4,8.5,Yes,3.6,4.1,3.6,4.3,4.5,62,8.4,8.18,0.324,No,No,0,Retained,Yes,No,No,No,Not Churned,,1.8
CUST12412,39,Male,Delta,New Customer,Website,2026-01-10,7,7,2,259972.04,75469.37,39633.16,44,Bags,3,1,Return Difficulty,Low,Escalated,3,1,Yes,5.0,1,0.143,Duplicate Order,5,29325.02,No,No,5.1,3.7,1.4,0,0,1,3.9,1,5.1,10.3,No,4.0,3.5,4.0,3.8,3.1,47,8.1,11.65,0.193,Yes,No,0,Retained,Yes,No,No,No,Not Churned,,7.1
CUST12413,61,Female,Enugu,Regular,Website,2025-12-16,8,6,3,118223.53,52218.09,19474.74,60,Accessories,1,2,Late Delivery,Low,Resolved,3,3,No,4.2,0,0.0,No Return,0,0.0,No,No,2.8,3.7,0.0,0,0,1,4.0,2,1.9,8.2,No,3.7,3.4,3.7,3.4,3.4,6,6.5,8.74,0.114,No,No,0,Retained,Yes,No,No,No,Not Churned,,7.7
CUST12414,53,Male,Oyo,Loyal,TikTok,2023-04-22,40,13,2,645155.58,98437.46,49588.97,26,Tops,3,1,Unexpected Charge,Low,Resolved,1,1,No,5.0,2,0.154,Poor Quality,7,36045.38,Yes,Yes,2.5,3.1,0.0,0,0,1,4.2,2,3.9,8.4,Yes,3.8,3.9,3.8,3.5,3.2,30,6.8,8.73,0.275,No,Yes,6,Retained,Yes,No,No,No,Not Churned,,4.4
CUST12415,22,Female,Delta,New Customer,Instagram,2023-02-17,43,9,5,466139.74,291716.0,54530.12,17,Tops,4,4,Late Delivery,Medium,Resolved,1,1,No,4.7,0,0.0,No Return,0,0.0,No,No,1.8,2.7,0.0,0,0,0,5.0,4,1.8,9.2,Yes,3.5,4.7,3.5,4.6,4.2,48,9.8,4.92,0.327,No,Yes,7,Retained,Yes,No,No,No,Not Churned,,8.4
CUST12416,30,Female,Ogun,New Customer,Google,2024-01-11,32,10,5,177084.46,91093.13,17699.7,107,Dresses,3,2,Exchange Difficulty,Critical,Resolved,2,2,No,4.8,0,0.0,No Return,0,0.0,No,No,3.1,3.4,0.0,0,0,0,4.7,2,3.0,4.3,No,5.0,3.9,5.0,5.0,4.9,49,9.8,2.52,0.295,No,Yes,2,Churned,No,Yes,No,No,Poor Product Quality,1781136000000000000,58.5
CUST12417,46,Male,Abuja,Regular,Referral,2025-04-07,17,15,3,1030692.74,217183.92,73493.36,26,Tops,4,2,Long Waiting Time,Low,Resolved,3,1,No,5.0,0,0.0,No Return,0,0.0,No,No,5.1,4.8,0.3,0,0,0,4.7,3,5.7,8.1,No,4.1,3.8,4.1,4.1,3.5,29,5.3,2.42,0.554,No,No,0,Retained,Yes,No,No,No,Not Churned,,5.8
CUST12418,48,Female,Abuja,Loyal,Facebook,2023-02-02,43,10,3,581581.24,168281.48,54264.09,83,Tops,1,0,No Complaint,None,No Complaint,0,0,No,,0,0.0,No Return,0,0.0,No,No,5.2,2.7,2.5,2,0,0,3.1,0,6.1,11.4,Yes,3.7,3.7,3.7,4.5,4.0,32,9.2,2.34,0.13,Yes,No,0,Churned,No,Yes,No,No,Too Many Delivery Problems,1775606400000000000,13.4
CUST12419,64,Female,Oyo,Loyal,Google,2024-05-18,27,7,4,273043.74,151282.25,34660.76,134,Accessories,4,3,Issue Not Resolved,Critical,Resolved,6,1,No,4.7,2,0.286,Changed Mind,4,39825.42,Yes,No,5.5,3.6,1.9,0,0,1,2.5,3,6.3,11.7,No,3.7,4.0,3.7,3.3,3.0,-2,6.4,3.71,0.093,No,No,0,At Risk,Yes,No,Yes,No,Not Churned,,33.1
CUST12420,33,Female,Edo,New Customer,Referral,2024-09-18,23,13,3,228039.49,59046.42,19917.7,69,Accessories,1,3,Poor Product Quality,Low,Resolved,3,0,No,5.0,0,0.0,No Return,0,0.0,No,No,2.0,3.1,0.0,0,0,0,4.8,3,6.6,15.8,No,3.7,3.7,3.7,4.9,4.8,52,10.0,4.88,0.283,No,No,0,Retained,Yes,No,No,No,Not Churned,,14.1
CUST12421,59,Female,Kano,New Customer,Google,2025-10-23,10,4,3,38587.02,27778.59,9364.06,92,Electronics,2,4,Unexpected Charge,Medium,Pending,4,0,No,4.8,1,0.25,Wrong Color,1,3302.08,Yes,Yes,3.6,4.6,0.0,0,0,0,3.7,4,6.4,8.8,No,3.4,5.0,3.4,4.0,3.3,42,9.3,0.67,0.11,No,Yes,3,Dormant,Yes,No,No,Yes,Not Churned,,16.7
CUST12422,47,Female,Delta,High Value,Website,2023-02-11,43,7,2,241886.78,62180.04,32063.11,37,Trousers,4,1,Exchange Difficulty,Low,Pending,2,2,No,5.0,0,0.0,No Return,0,0.0,No,No,3.0,3.5,0.0,0,0,1,4.6,1,6.4,8.7,No,3.9,3.8,3.9,4.5,4.5,60,9.1,4.92,0.201,No,No,0,Retained,Yes,No,No,No,Not Churned,,6.0
CUST12423,33,Female,Enugu,Regular,Website,2023-01-09,44,12,0,459364.66,0.0,34028.74,65,Shoes,3,5,Poor Customer Service,Medium,Resolved,5,1,No,5.0,1,0.083,Damaged,6,28355.34,Yes,Yes,3.1,3.7,0.0,0,0,0,3.4,5,7.7,12.2,No,3.7,5.0,3.7,3.9,4.1,34,8.7,7.34,0.405,No,No,0,At Risk,Yes,No,Yes,No,Not Churned,,10.3
CUST12424,29,Male,Abuja,Loyal,Google,2025-09-26,11,7,5,335048.25,247164.68,49002.18,84,Bags,5,1,Poor Customer Service,Low,Escalated,3,2,Yes,4.6,4,0.571,Wrong Size,1,138083.89,No,No,7.2,5.3,1.9,0,1,0,3.7,1,7.3,17.0,No,3.7,4.4,3.7,3.7,4.9,21,8.2,2.4,0.284,Yes,No,0,Dormant,Yes,No,No,Yes,Not Churned,,18.9
CUST12425,34,Female,Cross River,Loyal,Website,2025-03-29,17,12,4,168399.06,44962.55,12474.77,68,Accessories,3,3,Rude Staff,Medium,Resolved,9,2,No,5.0,0,0.0,No Return,0,0.0,No,No,6.9,4.3,2.6,5,1,0,3.8,4,5.6,11.6,No,3.1,4.1,3.1,3.8,3.4,0,6.4,0.63,0.088,Yes,No,0,Churned,No,Yes,No,No,Competitor,1776988800000000000,42.9
CUST12426,33,Female,Delta,Loyal,Instagram,2024-10-18,22,9,2,510404.46,102018.98,51420.48,76,Shoes,5,2,Poor Product Quality,Medium,Closed,1,0,No,4.7,0,0.0,No Return,0,0.0,No,No,3.6,5.0,0.0,1,0,0,4.8,2,3.6,5.7,Yes,3.3,4.2,3.3,4.3,4.1,67,9.1,3.46,0.171,No,No,0,Dormant,Yes,No,No,Yes,Not Churned,,10.3
CUST12427,29,Female,Imo,New Customer,Website,2026-03-11,5,16,7,898907.67,328441.75,54982.67,31,Shoes,3,1,Wrong Product,High,Resolved,4,2,No,3.8,1,0.062,Wrong Size,14,41123.69,No,No,5.3,4.6,0.7,0,0,1,3.8,1,5.2,10.1,No,3.2,4.8,3.2,3.9,3.3,40,8.2,0.42,0.101,No,No,0,Retained,Yes,No,No,No,Not Churned,,3.9
CUST12428,25,Female,Edo,Loyal,Instagram,2025-02-28,18,6,2,223731.41,85190.38,39276.98,28,Trousers,4,1,Damaged Product,High,Resolved,5,0,No,3.5,1,0.167,Duplicate Order,8,35564.55,Yes,Yes,5.3,5.4,0.0,0,0,1,4.8,1,1.4,10.1,No,,3.6,3.9,3.6,3.1,21,6.6,3.7,0.512,No,Yes,3,Retained,Yes,No,No,No,Not Churned,,8.2
CUST12429,37,Male,Delta,Loyal,Instagram,2025-11-16,9,8,3,141363.73,43134.41,16729.27,91,Electronics,2,3,Price Increase,Low,Resolved,4,2,No,3.8,0,0.0,No Return,0,0.0,No,No,1.7,4.2,0.0,0,0,0,4.1,3,2.4,8.1,No,3.7,4.5,3.7,4.3,5.0,1,8.2,5.4,0.077,No,No,0,Dormant,Yes,No,No,Yes,Not Churned,,13.1
CUST12430,20,Male,Abia,Regular,Referral,2025-12-02,9,13,1,353955.93,31215.08,28649.82,54,Dresses,4,4,Wrong Product,High,Resolved,14,2,No,4.3,1,0.077,Defective,4,20895.19,No,No,2.5,3.2,0.0,2,0,0,4.1,4,5.1,14.0,No,3.6,2.8,3.6,4.3,3.3,1,10.0,8.64,0.332,No,No,0,Churned,No,Yes,No,No,Too Many Delivery Problems,1784592000000000000,16.5
CUST12431,33,Female,Oyo,Regular,Google,2026-02-28,6,11,2,197170.62,40193.68,18399.52,51,Trousers,1,3,Product Not as Described,Medium,Resolved,4,6,Yes,4.1,0,0.0,No Return,0,0.0,No,No,4.7,4.6,0.1,0,1,0,4.7,3,1.6,4.4,No,3.2,4.1,3.2,4.0,3.4,28,8.9,9.47,0.406,No,Yes,6,Retained,Yes,No,No,No,Not Churned,,7.1
CUST12432,47,Male,Plateau,Regular,Website,2024-08-20,24,9,1,154324.93,16731.53,17043.47,15,Dresses,2,3,Damaged Product,Low,Resolved,6,0,No,5.0,2,0.222,Wrong Item,9,29712.42,Yes,Yes,3.7,5.0,0.0,0,0,0,3.7,3,6.2,12.2,No,3.6,4.3,3.6,4.0,3.1,8,7.7,2.02,0.227,No,No,0,Churned,No,Yes,No,No,Lack of Product Availability,1769385600000000000,11.7
CUST12433,62,Male,Plateau,New Customer,Google,2025-07-24,13,13,2,241000.6,34103.81,18274.38,34,Electronics,4,5,Wrong Product,Low,Resolved,2,0,No,5.0,2,0.154,Wrong Item,1,32982.77,Yes,Yes,5.0,5.4,0.0,1,0,0,4.0,5,5.2,14.2,Yes,4.5,3.2,4.5,3.3,3.2,-30,5.1,4.89,0.508,No,No,0,At Risk,Yes,No,Yes,No,Not Churned,,5.7
CUST12434,40,Male,Abia,Regular,Facebook,2025-10-08,10,7,1,231717.1,31864.05,35553.13,131,Dresses,2,0,No Complaint,None,No Complaint,0,0,No,,1,0.143,Wrong Size,4,31839.7,No,No,5.7,4.4,1.3,0,1,0,3.3,1,5.0,12.2,Yes,4.4,4.3,4.4,4.5,4.7,20,8.0,6.45,0.117,No,No,0,Churned,No,Yes,No,No,Inactive,1774483200000000000,63.3
CUST12435,45,Female,Ogun,Regular,Referral,2023-01-21,43,10,2,229286.95,38261.96,21482.36,86,Shoes,1,1,Failed Payment,High,Resolved,12,0,No,4.1,1,0.1,Wrong Item,3,14816.49,No,No,5.5,5.0,0.5,1,0,0,4.4,1,5.7,12.0,No,3.0,3.3,3.0,3.7,3.6,19,6.6,5.55,0.077,No,No,0,Dormant,Yes,No,No,Yes,Not Churned,,12.6
CUST12436,57,Female,Enugu,Regular,Google,2025-09-25,11,8,3,262517.49,78003.04,28588.77,101,Accessories,5,2,Poor Customer Service,Low,Closed,4,2,No,5.0,1,0.125,Wrong Size,6,24951.58,Yes,No,6.1,4.6,1.5,0,0,0,4.2,2,4.3,9.7,No,3.7,3.8,3.7,4.3,4.0,24,9.2,2.39,0.427,No,No,0,Dormant,Yes,No,No,Yes,Not Churned,,12.5
CUST12437,22,Female,Lagos,Regular,Google,2024-04-01,29,10,4,416787.36,170805.35,44065.08,74,Beauty,2,1,Duplicate Charge,Medium,Resolved,6,2,No,5.0,0,0.0,No Return,0,0.0,No,No,3.6,4.8,0.0,0,0,2,3.4,1,4.1,11.7,No,3.9,5.0,3.9,4.0,3.9,24,9.4,2.14,0.142,Yes,No,0,Retained,Yes,No,No,No,Not Churned,,13.6
CUST12438,37,Male,Oyo,Regular,TikTok,2025-10-10,10,6,1,197217.46,33061.06,31920.71,127,Shoes,2,3,Discount Not Applied,Medium,Resolved,1,2,No,4.4,0,0.0,No Return,0,0.0,No,No,2.7,4.3,0.0,0,0,0,4.2,3,2.7,6.1,No,3.7,4.9,3.7,4.3,4.0,30,9.3,2.97,0.314,Yes,No,0,At Risk,Yes,No,Yes,No,Not Churned,,18.5
CUST12439,57,Female,Delta,Loyal,TikTok,2023-09-22,35,12,3,318201.16,75338.58,26443.43,18,Trousers,1,0,No Complaint,None,No Complaint,0,0,No,,0,0.0,No Return,0,0.0,No,No,4.4,3.4,1.0,0,1,1,3.6,1,4.6,16.2,Yes,3.7,4.4,3.7,3.8,2.8,65,6.4,12.21,0.128,No,Yes,7,Retained,Yes,No,No,No,Not Churned,,3.0
CUST12440,61,Male,Lagos,High Value,Website,2023-07-03,38,8,1,230294.0,31242.27,29889.67,170,Shoes,4,1,Exchange Difficulty,Low,Resolved,8,0,No,5.0,1,0.125,Not as Expected,4,14842.92,Yes,Yes,4.2,2.8,1.4,0,0,1,3.9,1,0.3,8.0,No,3.8,4.0,3.8,3.1,3.0,11,7.7,8.28,0.422,Yes,No,0,At Risk,Yes,No,Yes,No,Not Churned,,23.5
CUST12441,18,Female,Abuja,New Customer,Email,2023-08-15,37,8,2,548796.16,136895.99,69059.41,58,Trousers,5,4,Refund Delayed,High,Resolved,11,0,No,3.8,0,0.0,No Return,0,0.0,No,No,2.0,4.7,0.0,0,0,0,5.0,4,7.6,11.9,No,3.6,4.1,3.6,4.2,4.0,54,7.5,4.93,0.523,Yes,No,0,Retained,Yes,No,No,No,Not Churned,,19.2
CUST12442,47,Female,Lagos,Regular,Facebook,2026-01-01,8,11,5,705952.15,254492.25,59542.94,63,Electronics,2,0,No Complaint,None,No Complaint,0,0,No,,1,0.091,Duplicate Order,7,21785.11,No,No,4.6,5.0,0.0,0,0,0,5.0,2,10.5,23.6,Yes,4.5,3.4,4.5,4.3,3.9,14,10.0,3.8,0.092,No,No,0,Churned,No,Yes,No,No,Poor Customer Service,1774569600000000000,9.1
CUST12443,38,Male,Edo,New Customer,TikTok,2026-03-19,5,6,3,58764.02,26152.54,9873.19,102,Shoes,2,1,Discount Not Applied,High,Closed,4,0,No,4.2,2,0.333,Damaged,6,12252.94,Yes,Yes,6.9,4.8,2.1,3,0,1,3.1,1,6.4,12.6,No,5.0,3.7,5.0,4.2,4.3,39,10.0,2.74,0.562,No,No,0,Dormant,Yes,No,No,Yes,Not Churned,,51.2
CUST12444,37,Female,Rivers,Loyal,Google,2025-12-28,8,16,2,412436.76,50349.75,25350.75,16,Tops,2,3,Wrong Product,Medium,Closed,3,1,No,4.1,0,0.0,No Return,0,0.0,No,No,2.9,2.6,0.3,0,0,1,3.8,3,6.1,13.2,No,4.2,4.0,4.2,3.5,2.7,37,6.8,11.23,0.102,Yes,No,0,Churned,No,Yes,No,No,Poor Customer Service,1780876800000000000,28.2
CUST12445,23,Female,Edo,Loyal,TikTok,2025-08-26,12,14,4,455138.55,114756.99,32224.56,30,Trousers,2,1,Wrong Product,Low,Resolved,5,0,No,4.3,0,0.0,No Return,0,0.0,No,No,1.4,2.7,0.0,0,0,0,4.6,3,1.2,5.0,No,4.2,5.0,4.2,4.5,4.1,31,7.4,4.87,0.165,Yes,No,0,Retained,Yes,No,No,No,Not Churned,,4.6
CUST12446,39,Male,Abia,High Value,Google,2025-03-15,17,9,0,797081.29,0.0,85992.37,64,Electronics,1,1,Refund Rejected,Critical,Resolved,3,2,No,3.8,0,0.0,No Return,0,0.0,No,No,1.0,2.8,0.0,0,0,0,4.9,1,6.5,10.7,No,3.6,4.1,3.6,4.0,4.1,23,9.1,2.08,0.564,No,No,0,Retained,Yes,No,No,No,Not Churned,,7.9
CUST12447,35,Male,Oyo,Regular,Email,2024-12-23,20,5,5,140326.66,140326.66,29276.75,97,Accessories,2,1,Exchange Difficulty,High,Escalated,3,0,Yes,4.4,0,0.0,No Return,0,0.0,No,No,6.1,5.0,1.1,0,0,0,4.1,1,2.7,5.0,No,4.6,3.9,4.6,3.3,3.0,4,7.3,7.21,0.129,No,Yes,2,Dormant,Yes,No,No,Yes,Not Churned,,19.7
CUST12448,25,Male,Rivers,High Value,TikTok,2025-12-31,8,12,2,322076.45,53937.94,26374.99,55,Accessories,5,1,Long Waiting Time,Medium,Pending,4,0,No,4.3,1,0.083,Product Description Inaccurate,2,19274.73,Yes,Yes,5.1,4.3,0.8,0,0,0,4.2,2,7.8,13.3,No,3.5,4.0,3.5,3.8,4.2,4,7.1,6.0,0.273,No,No,0,Retained,Yes,No,No,No,Not Churned,,6.9
CUST12449,56,Male,Oyo,New Customer,Email,2025-09-28,11,7,2,183040.3,52665.44,28533.84,8,Tops,1,2,Refund Rejected,Low,Resolved,6,3,No,3.8,1,0.143,Wrong Color,9,25283.28,No,No,7.1,4.3,2.8,2,0,0,3.8,2,7.5,10.5,No,3.6,4.4,3.6,4.3,4.3,37,8.2,1.7,0.427,No,No,0,Retained,Yes,No,No,No,Not Churned,,3.7
CUST12450,49,Male,Imo,Loyal,Website,2025-05-24,15,13,3,424976.6,95822.83,30264.12,75,Dresses,2,1,App Crash,Low,Escalated,14,0,Yes,3.6,2,0.154,Product Description Inaccurate,6,37502.67,Yes,No,1.4,3.1,0.0,1,0,0,4.5,2,5.3,14.0,No,4.5,4.1,4.5,4.1,4.3,1,9.5,0.76,0.233,Yes,Yes,7,Churned,No,Yes,No,No,Better Alternative,1769817600000000000,42.2
CUST12451,50,Male,Ogun,New Customer,Website,2023-03-25,41,14,3,451846.21,100790.1,35468.7,48,Shoes,5,2,Delivery Fee,Medium,Closed,8,0,No,3.9,0,0.0,No Return,0,0.0,No,No,1.8,2.7,0.0,0,0,0,4.0,2,4.8,15.2,No,2.8,4.6,2.8,3.9,4.0,-4,7.8,2.87,0.478,No,No,0,Retained,Yes,No,No,No,Not Churned,,9.4
CUST12452,33,Female,Ogun,Loyal,Website,2025-01-09,20,11,1,458102.35,40014.19,38139.19,23,Shoes,3,1,Price Increase,Medium,Escalated,3,1,Yes,4.8,1,0.091,Damaged,2,28258.51,No,No,6.5,4.9,1.6,2,0,0,3.9,1,4.4,13.6,No,3.9,5.0,3.9,4.4,4.5,34,10.0,2.93,0.331,No,No,0,Retained,Yes,No,No,No,Not Churned,,3.0
CUST12453,29,Female,Kaduna,Regular,Google,2023-08-11,37,11,1,353661.18,24919.9,29151.45,36,Dresses,3,3,Poor Product Quality,Medium,Escalated,4,2,Yes,5.0,2,0.182,Wrong Color,10,53591.86,No,No,4.3,5.0,0.0,0,0,1,4.5,3,2.6,9.6,No,3.2,3.9,3.2,3.9,2.5,42,7.4,10.54,0.138,No,No,0,Retained,Yes,No,No,No,Not Churned,,7.2
CUST12454,55,Female,Enugu,Loyal,Facebook,2025-03-03,18,11,3,755033.33,220603.22,77545.77,268,Bags,5,1,Refund Rejected,Medium,Pending,6,1,No,3.6,0,0.0,No Return,0,0.0,No,No,1.0,3.3,0.0,2,0,0,4.8,1,5.5,9.0,No,4.0,4.6,4.0,4.3,4.0,50,9.0,1.11,0.238,Yes,Yes,2,At Risk,Yes,No,Yes,No,Not Churned,,47.0
CUST12455,51,Female,Cross River,Loyal,Google,2025-01-02,20,6,2,215398.34,58843.0,32508.25,65,Beauty,2,0,No Complaint,None,No Complaint,0,0,No,,1,0.167,Wrong Color,3,28515.97,Yes,No,5.3,5.0,0.3,0,0,1,4.1,0,1.8,3.9,Yes,3.7,3.9,3.7,4.0,3.6,4,7.4,0.37,0.205,Yes,No,0,Retained,Yes,No,No,No,Not Churned,,8.7
CUST12456,31,Male,Ogun,New Customer,Instagram,2024-02-09,31,7,2,411951.02,107203.76,55781.83,104,Trousers,2,1,Refund Rejected,Low,Resolved,4,0,No,3.8,0,0.0,No Return,0,0.0,No,No,2.5,3.4,0.0,0,1,0,4.5,1,5.3,12.5,No,3.6,3.7,3.6,3.9,2.8,-6,9.5,13.94,0.43,No,No,0,Dormant,Yes,No,No,Yes,Not Churned,,19.7
CUST12457,53,Male,Anambra,New Customer,Referral,2026-04-07,4,14,2,420931.14,72113.42,33179.93,125,Beauty,1,2,Price Increase,High,Resolved,3,1,No,5.0,1,0.071,Damaged,7,11733.13,No,No,6.5,4.9,1.6,3,0,2,3.3,5,6.9,11.7,No,4.1,3.8,4.1,3.4,2.6,50,10.0,4.08,0.192,No,No,0,Churned,No,Yes,No,No,Lack of Product Availability,1774569600000000000,36.6
CUST12458,50,Male,Abuja,Loyal,Referral,2023-11-25,33,9,0,270873.94,0.0,26184.18,42,Bags,2,2,Product Not as Described,Medium,Resolved,6,2,No,4.8,1,0.111,Product Description Inaccurate,3,10380.48,No,No,2.3,2.7,0.0,0,0,0,3.6,2,9.2,10.4,No,4.2,4.9,4.2,4.4,3.9,31,8.9,8.18,0.523,No,Yes,7,Retained,Yes,No,No,No,Not Churned,,5.5
CUST12459,40,Female,Abuja,Regular,Referral,2024-03-01,30,9,5,377088.13,174615.02,40049.36,19,Dresses,1,0,No Complaint,None,No Complaint,0,0,No,,2,0.222,Not as Expected,3,54575.66,No,No,4.5,3.5,1.0,0,0,0,3.9,1,6.7,9.4,Yes,4.7,4.3,4.7,4.6,4.7,10,8.4,1.7,0.099,No,Yes,5,Retained,Yes,No,No,No,Not Churned,,2.4
CUST12460,62,Male,Imo,New Customer,Email,2025-02-08,19,9,1,89754.47,8725.34,10091.48,92,Bags,2,2,Wrong Product,Medium,Resolved,3,2,No,5.0,0,0.0,No Return,0,0.0,No,No,6.3,4.8,1.5,2,0,0,2.5,2,5.6,9.2,No,4.3,4.8,4.3,3.6,3.6,6,7.6,2.27,0.196,No,No,0,Dormant,Yes,No,No,Yes,Not Churned,,26.9
CUST12461,19,Female,Kaduna,Regular,Website,2024-08-30,24,5,2,166011.76,52271.23,29671.24,30,Beauty,4,2,Login Problem,Low,Pending,6,5,Yes,4.7,1,0.2,Wrong Item,6,17214.01,No,No,4.0,3.4,0.6,0,0,0,4.3,2,7.9,10.6,No,3.1,4.0,3.1,4.0,3.5,18,9.0,11.09,0.078,Yes,No,0,Retained,Yes,No,No,No,Not Churned,,7.6
CUST12462,58,Male,Imo,Regular,Instagram,2024-06-09,27,9,2,63343.3,13669.61,7897.04,256,Accessories,4,3,Product Not as Described,High,Resolved,11,4,Yes,3.7,0,0.0,No Return,0,0.0,No,No,7.1,2.6,4.5,7,1,0,1.9,3,8.9,13.1,No,3.9,4.7,3.9,4.2,4.3,42,7.3,0.53,0.161,Yes,No,0,Churned,No,Yes,No,No,Poor Product Quality,1774742400000000000,69.5
CUST12463,38,Female,Delta,New Customer,Google,2024-09-16,23,14,2,267083.99,36289.26,17768.22,78,Bags,5,6,Issue Not Resolved,Low,Closed,2,2,No,3.5,2,0.143,Wrong Size,2,19947.03,Yes,Yes,3.7,3.0,0.7,0,0,0,3.1,6,7.0,9.2,No,3.4,4.8,3.4,4.2,3.6,56,8.3,4.38,0.404,No,No,0,At Risk,Yes,No,Yes,No,Not Churned,,13.2
CUST12464,19,Female,Kano,Regular,Google,2023-03-18,42,12,4,240548.42,76739.58,21817.12,56,Shoes,4,2,Wrong Product,Low,Closed,5,1,No,4.1,3,0.25,Wrong Color,4,39276.68,No,No,8.1,5.4,2.7,3,0,0,2.6,2,1.5,5.0,No,4.3,3.8,4.3,3.8,3.1,35,5.1,7.56,0.427,No,No,0,Retained,Yes,No,No,No,Not Churned,,18.9
CUST12465,44,Female,Oyo,New Customer,Google,2025-07-08,14,12,3,390671.0,85348.42,31633.02,121,Tops,3,1,Repeated Issue,Low,Resolved,4,2,No,4.5,2,0.167,Duplicate Order,8,34428.81,No,No,3.3,4.3,0.0,0,0,0,4.5,1,3.8,4.6,No,3.1,3.9,3.1,4.0,3.6,50,9.4,1.35,0.627,No,No,0,At Risk,Yes,No,Yes,No,Not Churned,,23.5
CUST12466,26,Female,Anambra,Regular,Website,2025-08-03,13,10,5,340439.11,190038.97,37580.03,25,Electronics,3,2,Refund Delayed,Low,Resolved,2,2,No,4.3,0,0.0,No Return,0,0.0,No,No,3.3,3.0,0.3,0,0,0,3.6,2,8.9,14.6,No,3.3,4.4,3.3,3.5,2.7,25,8.2,9.05,0.527,No,No,0,Retained,Yes,No,No,No,Not Churned,,3.3
CUST12467,18,Male,Anambra,Loyal,Referral,2024-04-10,29,6,6,91577.22,82807.64,14353.31,99,Electronics,1,0,No Complaint,None,No Complaint,0,0,No,,2,0.333,Wrong Color,3,17949.17,No,No,6.3,4.4,1.9,0,1,0,3.0,2,6.4,10.5,Yes,3.7,4.0,3.7,3.4,3.9,2,4.5,1.58,0.249,No,No,0,Dormant,Yes,No,No,Yes,Not Churned,,13.1
CUST12468,28,Male,Abia,High Value,Referral,2026-03-29,5,6,0,151995.63,0.0,25193.27,48,Shoes,3,1,Long Waiting Time,High,Resolved,3,1,No,4.0,0,0.0,No Return,0,0.0,No,No,4.6,4.4,0.2,0,0,0,4.4,1,9.0,10.1,No,5.0,4.5,5.0,4.8,4.9,22,10.0,7.38,0.21,No,No,0,Retained,Yes,No,No,No,Not Churned,,6.3
CUST12469,20,Male,Edo,Loyal,Website,2024-05-06,28,7,2,167031.14,59134.81,27059.81,97,Accessories,2,2,Product Not as Described,Medium,Resolved,5,0,No,4.5,0,0.0,No Return,0,0.0,No,No,4.6,3.7,0.9,1,0,1,3.3,2,3.8,12.2,No,4.2,4.1,4.2,3.9,4.1,42,6.9,18.19,0.065,No,No,0,Dormant,Yes,No,No,Yes,Not Churned,,12.5
CUST12470,40,Female,Edo,New Customer,Website,2023-11-09,34,6,2,462629.11,171478.82,85740.89,17,Beauty,1,3,Rude Staff,High,Escalated,3,0,Yes,4.2,1,0.167,Late Delivery,2,49821.72,Yes,Yes,6.6,4.5,2.1,1,0,0,3.7,3,1.9,9.3,No,3.4,4.4,3.4,4.5,4.0,40,10.0,1.1,0.211,No,No,0,Retained,Yes,No,No,No,Not Churned,,6.3
CUST12471,43,Female,Kano,High Value,Instagram,2026-03-30,5,8,3,264657.34,93089.16,30923.1,126,Trousers,4,1,Product Not as Described,Low,Resolved,6,2,No,3.4,0,0.0,No Return,0,0.0,No,No,3.6,2.8,0.8,0,0,0,4.6,2,7.2,10.4,No,3.7,3.9,3.7,3.7,3.8,5,7.9,9.2,0.16,No,No,0,At Risk,Yes,No,Yes,No,Not Churned,,21.2
CUST12472,21,Male,Abia,Regular,TikTok,2023-11-04,34,10,1,171574.86,18465.19,17368.45,40,Electronics,4,0,No Complaint,None,No Complaint,0,0,No,,1,0.1,Late Delivery,4,6169.33,No,No,1.7,3.5,0.0,0,0,0,4.2,1,15.3,16.9,Yes,3.5,5.0,3.5,3.9,3.6,-6,6.4,3.96,0.185,Yes,No,0,Retained,Yes,No,No,No,Not Churned,,9.6
CUST12473,35,Male,Imo,New Customer,Google,2026-03-15,5,8,2,409582.57,103919.02,48232.43,86,Trousers,3,4,Late Delivery,Medium,Resolved,2,1,No,4.9,2,0.25,Late Delivery,6,65444.97,No,No,3.1,2.6,0.5,0,0,0,4.2,4,4.1,10.6,Yes,3.3,3.3,3.3,3.1,2.7,9,5.3,0.92,0.454,No,Yes,5,Dormant,Yes,No,No,Yes,Not Churned,,12.2
CUST12474,23,Female,Abia,High Value,Facebook,2024-11-21,21,6,1,166087.68,24282.14,28095.47,5,Trousers,3,1,Poor Customer Service,Medium,Resolved,2,0,No,4.0,1,0.167,Not as Expected,12,10141.96,No,No,6.5,5.2,1.3,3,0,0,4.8,1,10.2,14.1,Yes,4.1,3.9,4.1,4.8,4.5,31,10.0,2.51,0.258,No,No,0,Retained,Yes,No,No,No,Not Churned,,0.8
CUST12475,52,Female,Delta,Loyal,Instagram,2023-03-30,41,8,3,357879.26,119026.67,45757.32,19,Tops,2,1,Poor Product Quality,Critical,Resolved,2,1,No,5.0,1,0.125,Not as Expected,11,32688.05,No,No,5.9,5.2,0.7,1,0,1,4.0,1,6.0,8.6,Yes,3.7,4.6,3.7,3.5,2.5,9,7.9,6.56,0.068,No,Yes,2,Retained,Yes,No,No,No,Not Churned,,14.4
CUST12476,39,Male,Kaduna,Loyal,Google,2025-01-04,20,8,4,460765.97,216551.83,51849.44,140,Tops,4,3,Poor Customer Service,Medium,Resolved,5,1,No,4.9,2,0.25,Damaged,2,59845.08,No,No,2.7,3.1,0.0,0,0,0,4.5,3,6.8,8.0,No,3.8,3.6,3.8,3.9,3.6,38,6.7,4.67,0.437,Yes,No,0,Churned,No,Yes,No,No,Poor Customer Service,1771891200000000000,56.3
CUST12477,60,Female,Lagos,Loyal,Google,2025-02-16,18,6,3,141594.7,65262.59,21245.19,70,Bags,3,3,Issue Not Resolved,Low,Escalated,3,0,Yes,4.3,0,0.0,No Return,0,0.0,No,No,3.4,4.6,0.0,0,0,1,5.0,3,3.2,8.9,No,3.7,3.5,3.7,3.9,3.4,12,7.8,2.47,0.121,No,No,0,Retained,Yes,No,No,No,Not Churned,,8.7
CUST12478,32,Female,Edo,Regular,Facebook,2025-01-20,19,17,1,504340.63,23773.9,26292.66,36,Shoes,4,1,Damaged Product,Low,Pending,6,1,No,4.2,0,0.0,No Return,0,0.0,No,No,4.2,4.9,0.0,0,0,1,4.2,5,3.4,10.7,No,3.6,4.6,3.6,3.3,3.4,5,6.2,5.47,0.482,No,No,0,Retained,Yes,No,No,No,Not Churned,,11.1
CUST12479,39,Female,Delta,Regular,TikTok,2024-01-06,32,7,4,205724.74,99222.02,26663.79,107,Electronics,4,0,No Complaint,None,No Complaint,0,0,No,,2,0.286,Product Description Inaccurate,5,40174.24,Yes,No,5.0,3.7,1.3,2,0,0,3.9,0,10.3,24.3,Yes,2.9,4.2,2.9,3.2,3.6,-21,5.4,3.16,0.629,No,No,0,Dormant,Yes,No,No,Yes,Not Churned,,24.0
CUST12480,54,Female,Enugu,Loyal,Website,2024-03-26,29,8,1,357367.03,48987.15,48852.31,69,Accessories,3,3,Long Waiting Time,Low,Resolved,4,2,No,3.3,1,0.125,Not as Expected,2,44365.55,No,No,5.5,5.0,0.5,1,1,0,4.3,3,11.4,18.6,No,3.5,4.1,3.5,3.8,4.2,13,7.3,7.65,0.407,No,Yes,3,Retained,Yes,No,No,No,Not Churned,,57.7
CUST12481,59,Male,Abia,Regular,Facebook,2023-06-16,39,9,1,563453.0,73014.81,69720.67,140,Trousers,4,2,Damaged Product,High,Resolved,18,1,No,2.2,0,0.0,No Return,0,0.0,No,No,4.3,4.0,0.3,0,0,0,4.0,2,3.9,18.0,No,3.0,4.3,3.0,3.7,4.6,-5,8.6,5.93,0.308,Yes,No,0,At Risk,Yes,No,Yes,No,Not Churned,,30.0
CUST12482,29,Male,Abuja,Regular,Instagram,2024-01-27,31,10,2,636055.23,142124.68,71006.31,17,Bags,3,7,Late Delivery,Low,Escalated,1,2,Yes,4.3,0,0.0,No Return,0,0.0,No,No,5.7,4.9,0.8,1,0,1,3.2,7,1.2,7.2,No,3.2,4.0,3.2,3.7,2.9,28,5.0,0.31,0.106,No,No,0,At Risk,Yes,No,Yes,No,Not Churned,,2.2
CUST12483,64,Male,Abuja,Loyal,Website,2025-01-05,20,9,1,297839.71,30298.65,28911.14,120,Beauty,5,4,Late Delivery,High,Closed,2,1,No,3.9,2,0.222,Defective,5,27946.47,No,No,4.8,4.8,0.0,0,0,0,2.8,4,4.4,5.3,Yes,4.6,4.5,4.6,3.9,3.8,8,8.1,9.24,0.201,Yes,No,0,Churned,No,Yes,No,No,Relocated,1785196800000000000,64.1
CUST12484,59,,Delta,Loyal,Instagram,2024-05-05,28,9,1,611096.78,60666.6,66875.71,26,Electronics,3,0,No Complaint,None,No Complaint,0,0,No,,0,0.0,No Return,0,0.0,No,No,5.9,4.2,1.7,0,0,0,4.8,1,9.9,13.1,Yes,4.6,5.0,4.6,4.6,5.0,42,9.2,3.16,0.545,No,No,0,Retained,Yes,No,No,No,Not Churned,,3.5
CUST12485,55,Female,Kano,Regular,Website,2025-07-13,13,13,4,453348.0,142811.39,38275.8,16,Tops,4,2,Stock Availability,Low,Closed,2,1,No,3.5,1,0.077,Defective,7,28717.27,Yes,Yes,2.8,4.0,0.0,1,0,1,3.7,3,3.0,6.1,Yes,3.5,4.4,3.5,4.1,4.4,14,9.0,9.28,0.199,Yes,Yes,7,Retained,Yes,No,No,No,Not Churned,,13.6
CUST12486,35,Female,Kaduna,Loyal,Referral,2026-03-19,5,7,2,193390.39,47100.21,26901.93,108,Bags,5,1,Repeated Issue,High,Escalated,9,0,Yes,2.7,0,0.0,No Return,0,0.0,No,No,4.7,3.4,1.3,0,0,0,3.7,1,4.6,9.0,No,3.5,4.8,3.5,4.5,4.1,20,8.3,10.51,0.73,No,Yes,1,Dormant,Yes,No,No,Yes,Not Churned,,18.0
CUST12487,62,Female,Ogun,Loyal,Google,2025-12-02,9,12,2,282174.4,48100.76,21939.7,71,Tops,4,3,Discount Not Applied,Low,Resolved,3,1,No,4.9,1,0.083,Damaged,5,14153.82,Yes,Yes,5.7,3.7,2.0,2,0,1,2.5,3,9.4,11.6,No,3.7,4.3,3.7,3.0,2.6,-19,6.0,6.2,0.329,No,No,0,Retained,Yes,No,No,No,Not Churned,,31.1
CUST12488,52,Male,Plateau,Loyal,Facebook,2025-08-02,13,11,1,400426.54,42301.3,40200.9,27,Shoes,4,4,Exchange Difficulty,Low,Closed,2,5,Yes,4.7,1,0.091,Wrong Size,6,17604.35,No,No,6.9,3.7,3.2,7,1,1,3.0,4,8.9,24.6,No,3.3,5.0,3.3,3.7,3.2,2,6.4,5.0,0.684,No,Yes,4,Churned,No,Yes,No,No,Competitor,1781654400000000000,55.3
CUST12489,47,Female,Anambra,Regular,Instagram,2023-01-29,43,8,3,536718.96,212726.84,68914.09,91,Trousers,5,2,Poor Product Quality,Low,Resolved,5,4,Yes,3.2,2,0.25,Duplicate Order,4,95146.79,Yes,Yes,3.8,2.8,1.0,1,0,1,4.4,2,6.7,10.0,No,4.6,3.7,4.6,4.8,4.7,39,10.0,3.92,0.323,No,No,0,Dormant,Yes,No,No,Yes,Not Churned,,21.4
CUST12490,41,Female,Kano,Regular,Facebook,2025-11-20,9,17,0,912208.87,0.0,57654.05,56,Beauty,2,4,Return Difficulty,High,Closed,4,0,No,5.0,1,0.059,Wrong Size,6,37792.8,No,No,2.4,4.1,0.0,1,0,0,5.0,4,3.5,10.6,No,4.3,3.9,4.3,4.2,4.5,50,8.1,7.42,0.444,No,No,0,Churned,No,Yes,No,No,Poor Customer Service,1772582400000000000,52.7
CUST12491,59,Female,Delta,Regular,Instagram,2024-11-23,21,10,1,249770.33,22384.11,21845.17,111,Shoes,5,0,No Complaint,None,No Complaint,0,0,No,,0,0.0,No Return,0,0.0,No,No,8.6,4.2,4.4,2,0,0,3.4,0,24.4,27.9,Yes,3.5,4.4,3.5,3.6,4.1,13,9.2,9.0,0.122,No,No,0,Dormant,Yes,No,No,Yes,Not Churned,,15.1
CUST12492,47,Female,Kaduna,New Customer,Referral,2023-05-08,40,8,2,291942.03,80517.49,37780.24,11,Bags,4,1,Coupon Expired,Medium,Resolved,1,1,No,4.5,1,0.125,Wrong Size,2,23395.99,Yes,No,8.1,5.4,2.7,2,0,1,3.2,1,0.9,2.4,Yes,5.0,4.0,5.0,5.0,4.6,43,9.9,2.55,0.213,No,No,0,Retained,Yes,No,No,No,Not Churned,,5.0
CUST12493,31,Female,Kaduna,Regular,Instagram,2025-02-05,19,14,3,317040.87,67055.07,21235.0,119,Electronics,4,2,Late Delivery,High,Resolved,4,0,No,3.8,4,0.286,Wrong Size,13,33901.43,Yes,No,6.2,3.3,2.9,5,2,0,3.5,3,11.4,13.4,No,4.4,3.6,4.4,4.0,3.8,31,7.3,8.15,0.06,Yes,No,0,Churned,No,Yes,No,No,Relocated,1776729600000000000,68.7
CUST12494,23,Female,Oyo,Regular,Referral,2024-03-16,29,10,4,399217.84,147044.16,35392.37,124,Electronics,2,2,Late Delivery,Low,Pending,6,2,No,4.5,2,0.2,Not as Expected,3,42227.14,No,No,3.4,3.7,0.0,0,1,1,3.6,2,4.2,14.2,No,3.7,4.4,3.7,3.9,3.9,35,4.3,3.67,0.239,Yes,Yes,5,At Risk,Yes,No,Yes,No,Not Churned,,34.7
CUST12495,20,Other,Rivers,Regular,Referral,2025-05-18,15,12,1,534563.42,37892.43,40022.03,95,Bags,5,2,Repeated Issue,Medium,Resolved,2,3,No,4.3,0,0.0,No Return,0,0.0,No,No,4.8,4.2,0.6,2,0,1,4.2,2,4.6,5.9,No,4.3,3.6,4.3,4.5,5.0,55,9.4,5.09,0.123,No,Yes,6,Churned,No,Yes,No,No,Competitor,1782518400000000000,48.9
CUST12496,33,Female,Abuja,High Value,Facebook,2024-06-07,27,10,6,366861.22,232472.54,37192.95,32,Accessories,3,0,No Complaint,None,No Complaint,0,0,No,,0,0.0,No Return,0,0.0,No,No,5.4,5.1,0.3,0,0,1,3.9,1,7.2,9.2,Yes,4.0,4.1,4.0,4.3,4.6,62,6.8,4.95,0.31,No,No,0,Retained,Yes,No,No,No,Not Churned,,4.3
CUST12497,24,Female,Delta,New Customer,Instagram,2025-01-29,19,9,2,447018.38,100079.08,51526.43,71,Dresses,4,1,Late Delivery,Medium,Resolved,3,4,Yes,4.4,0,0.0,No Return,0,0.0,No,No,3.2,3.3,0.0,0,0,0,4.6,2,5.7,8.3,No,3.7,4.3,3.7,5.0,4.8,52,10.0,8.06,0.177,No,No,0,Retained,Yes,No,No,No,Not Churned,,10.1
CUST12498,31,Male,Cross River,Loyal,Instagram,2023-04-20,41,9,2,224093.22,43117.92,22666.65,24,Shoes,5,0,No Complaint,None,No Complaint,0,0,No,,4,0.444,Product Description Inaccurate,8,68216.36,Yes,Yes,2.2,3.2,0.0,0,1,0,3.6,2,2.0,7.7,Yes,3.6,3.6,3.6,4.0,4.3,26,8.2,4.66,0.516,No,No,0,Churned,No,Yes,No,No,Website/App Problems,1777507200000000000,27.9
CUST12499,26,Other,Ogun,Loyal,Instagram,2023-06-12,39,6,2,341269.7,132704.33,60806.85,104,Beauty,1,3,Issue Not Resolved,Medium,Escalated,2,2,Yes,4.6,0,0.0,No Return,0,0.0,No,No,5.8,4.1,1.7,1,0,1,2.1,3,4.1,10.0,No,5.0,3.9,5.0,3.3,4.1,-29,5.4,4.96,0.327,No,No,0,Churned,No,Yes,No,No,Poor Product Quality,1775779200000000000,48.7
CUST12500,32,Male,Abia,New Customer,TikTok,2024-07-13,26,12,5,345115.99,118752.04,26786.15,34,Trousers,4,0,No Complaint,None,No Complaint,0,0,No,,1,0.083,Damaged,10,19575.15,No,No,5.2,2.9,2.3,2,0,0,4.4,3,7.2,22.3,Yes,3.4,3.0,3.4,3.3,2.9,32,6.6,1.48,0.314,No,No,0,Churned,No,Yes,No,No,Payment Problems,1771632000000000000,28.2
CUST10171,45,Female,Oyo,Regular,Facebook,2023-01-24,43,8,3,393238.52,150273.14,51995.38,85,Shoes,2,0,No Complaint,None,No Complaint,0,0,No,,1,0.125,Wrong Item,1,22551.21,No,No,5.5,4.8,0.7,0,0,0,4.4,2,5.9,15.1,Yes,4.4,4.6,4.4,4.3,4.7,54,7.2,8.23,0.207,Yes,No,0,Dormant,Yes,No,No,Yes,Not Churned,,11.5
CUST12226,22,Male,Oyo,High Value,Facebook,2025-06-29,14,11,4,305166.78,113886.24,26433.52,115,Electronics,2,1,Delivery Fee,Low,Resolved,4,0,No,5.0,2,0.182,Changed Mind,6,49072.84,No,No,5.6,3.1,2.5,0,0,1,3.0,1,7.1,7.3,No,3.4,5.0,3.4,4.8,4.1,14,9.3,9.36,0.263,No,Yes,1,Churned,No,Yes,No,No,Poor Product Quality,1767571200000000000,50.3
CUST12451,50,Male,Ogun,New Customer,Website,2023-03-25,41,14,3,451846.21,100790.1,35468.7,48,Shoes,5,2,Delivery Fee,Medium,Closed,8,0,No,3.9,0,0.0,No Return,0,0.0,No,No,1.8,2.7,0.0,0,0,0,4.0,2,4.8,15.2,No,2.8,4.6,2.8,3.9,4.0,-4,7.8,2.87,0.478,No,No,0,Retained,Yes,No,No,No,Not Churned,,9.4
CUST10998,21,Male,Kano,Regular,Website,2025-08-12,12,9,5,197626.73,85894.66,20028.02,93,Tops,3,7,Unexpected Charge,Medium,Resolved,1,3,No,4.3,0,0.0,No Return,0,0.0,No,No,1.0,3.6,0.0,0,0,0,4.4,7,8.3,13.4,No,3.1,5.0,3.1,4.4,4.4,28,8.0,3.68,0.251,No,Yes,1,At Risk,Yes,No,Yes,No,Not Churned,,17.5
CUST10241,37,Male,Oyo,High Value,Google,2025-10-30,10,15,7,206092.37,94568.68,15010.02,89,Shoes,2,2,Rude Staff,High,Resolved,7,3,No,3.8,3,0.2,Wrong Color,5,25734.79,Yes,No,2.5,3.4,0.0,0,0,1,4.0,2,3.1,7.0,No,3.6,4.0,3.6,4.5,4.4,7,8.3,6.65,0.117,No,No,0,Dormant,Yes,No,No,Yes,Not Churned,,14.4
CUST10433,52,Other,Ogun,Loyal,Facebook,2023-11-26,33,6,2,258801.57,77672.98,42570.97,87,Tops,2,0,No Complaint,None,No Complaint,0,0,No,,1,0.167,Product Description Inaccurate,5,15760.7,Yes,Yes,5.7,4.3,1.4,0,1,1,2.8,1,11.7,13.2,Yes,3.5,4.7,3.5,3.9,3.8,31,7.0,6.99,0.056,No,No,0,Dormant,Yes,No,No,Yes,Not Churned,,11.8
CUST10475,47,Female,Oyo,New Customer,Referral,2024-02-28,30,10,7,188468.05,147018.86,19355.31,51,Tops,5,2,Poor Customer Service,Low,Resolved,1,1,No,5.0,1,0.1,Damaged,12,8561.17,No,No,5.4,3.6,1.8,3,0,0,3.3,2,13.5,21.0,Yes,3.9,4.2,3.9,4.0,4.1,35,9.5,9.23,0.38,No,Yes,3,Retained,Yes,No,No,No,Not Churned,,35.7
CUST10922,56,Female,Cross River,Regular,Instagram,2026-02-01,7,9,3,825374.39,247404.77,79763.78,109,Dresses,4,3,Poor Customer Service,Medium,Pending,3,0,No,5.0,0,0.0,No Return,0,0.0,No,No,1.4,4.9,0.0,1,0,1,4.6,3,5.8,14.1,No,3.6,3.8,3.6,4.3,3.6,19,6.4,5.33,0.039,Yes,No,0,Dormant,Yes,No,No,Yes,Not Churned,,26.5
